id,programming_language,publication_date,publisher,authors,related_instruments,related_observatories,software_name,version,persistent_identifier,reference_publication,description,concise_description,software_functionality,documentation,data_sources,input_formats,output_formats,cpu_architecture,related_publications,related_datasets,development_status,operating_system,license,related_region,keywords,related_software,interoperable_software,funder,award,code_repository_url,logo,related_phenomena
ac6f7ea3-062c-442f-abf9-9732a88fcc6b,"b36db5d9-bb03-41a8-a606-da018371d891,da38c24f-c972-4506-90bc-6ca75e9260ef",2015-10-07,ee990b81-8115-4ab4-8a7f-68a4d0bb345d,"52da8ed1-f691-46f3-9827-6800e0e0bfd7,4176b030-f090-4bf4-a3b0-b2adeb4075b6,e79e10b2-1839-414a-ae14-597d36cc61e0,aacd6651-4533-4b3e-a7de-b1c4c917f77a",,,AACGMv2,36c606c0-8f91-47f0-bd5b-1bfbc23fba8d,https://doi.org/10.5281/zenodo.1212694,9c38a454-c4db-4b27-a48f-6e4b412e73d0,"AACGMv2 is a Python wrapper for the AACGM-v2 C library, which converts between geographic (geodetic or geocentric) coordinates and Altitude Adjusted Corrected Geomagnetic (AACGM) coordinates, and between AACGM longitude and magnetic local time (MLT). AACGM coordinates are a magnetic-field-based coordinate system in which points along the same geomagnetic field line share a common latitude and longitude, which makes them well suited to high-latitude ionospheric studies and to magnetosphere-ionosphere coupling and conjugate work. The package returns magnetic latitude, magnetic longitude and MLT for single values or for arrays, computing them either from precomputed spherical harmonic coefficients or by tracing IGRF field lines, with the ALLOWTRACE, TRACE and BADIDEA method codes controlling that choice. It also provides utilities for geocentric-to-geodetic latitude conversion, the subsolar point, and the IGRF dipole axis. The bundled C library is version 2.7 and ships AACGM-v2 coefficients derived from IGRF-14 together with a combined GUFM1/IGRF magnetic field model spanning 1590-2025. Coefficient-based conversions are valid up to 2000 km altitude, and AACGM coordinates are undefined near the magnetic equator, where the routines return NaN. Both a Python API and a command-line interface that reads and writes whitespace-delimited ASCII files are provided. When referencing this package, cite both the package DOI and the AACGM-v2 journal article, Shepherd (2014), doi:10.1002/2014JA020264.",A Python wrapper for the AACGM-v2 C library that converts between geographic and Altitude Adjusted Corrected Geomagnetic (AACGM) coordinates and between AACGM longitude and magnetic local time.,"ab45d6f4-403d-4528-9246-d2139db5bc72,4a30e300-583d-47dc-bfb8-b0268c888710,ff3b7502-07f2-4652-95bd-692557553cdb,05e06b15-ceb0-4623-a9c9-98ad6ec4ef49,0db96bcc-ca00-41b3-9cc5-32ea93d27c12",https://aacgmv2.readthedocs.io/en/latest/,,bbfd3b11-634d-4d28-8644-c12600811b6d,bbfd3b11-634d-4d28-8644-c12600811b6d,"addea8d3-582b-42c8-9144-cf59d80280f0,2e6c3834-d2fc-42f5-9528-b7fe7081845a",d241e8f5-defc-4db1-8ee5-c5d91b864f4d,,29d7a7e6-bc1c-44eb-b0ff-bb460ae348ee,"d59c6796-a938-4b20-8ce5-3f9382d41eac,387d9dcb-827f-4e0c-887f-3d10d51284f5,bc97966b-f24c-4952-bc8b-b917594247e1",eef6c156-35b4-433f-8d6d-2c3b5005347d,"1deefae3-ade4-414e-b586-7b015772ec14,515dae73-68bc-4030-8008-20c9eef5a01c,c8168919-8394-4690-96c1-f686edbaaba5","055b35d6-bd7e-4ebe-842b-5e01524727e7,a25e3698-45f9-4a2a-851e-97479a2b9370,9a82c47d-cceb-42cb-aa85-41fbbc8584f0,188b8376-2efd-4a49-9759-daa6607a8431,96648e95-6731-4658-b67a-8454afc8fc0f,6789b380-e08f-4800-b51b-1666f42e3f1f,81fef49d-c1f8-4df9-b9db-dc29ed3093a8,c8de4ad3-1e94-421f-a3f8-8823f174b3f1,caffa93f-c1bf-41b9-a24d-4eca6c41646d,a06141be-91d4-4b51-b597-7dab3213178a,f91fbded-106f-4288-8353-96af3e4ad899,9f983a01-e9e6-41de-970f-8d431d79ce27,efb9c5f8-a408-4a73-bbd3-a29c81dfaa58,ac95a9c6-ce70-48ed-a092-8c02cfb9ab27,b2c75140-07b4-45be-ada7-0f5e0bec0033","e3a9e554-d1e7-467a-a861-f52855bb072e,3effce45-ed0c-4f87-8033-e062795ad865","63234734-3bbf-4875-b4a3-266180b0dab1,1787c4aa-18fe-4174-9eb7-3d7be55cc326",,,https://github.com/aburrell/aacgmv2,,
6cd949ce-78fd-4c77-ae81-4812f02b02e0,"1af99bfc-2061-4583-9cf3-33df280a7ea8,da38c24f-c972-4506-90bc-6ca75e9260ef",2017-03-14,974802bb-aabb-4985-9e95-6463c41146c8,dd77b0be-c31d-4319-a8d4-1ee118c9dbc7,f29e7249-c7d2-4806-9672-3cf11bc495ea,d092d05b-4472-4b75-b52e-86e0935a8b12,ACEmag,36634f22-729b-4bba-9242-ac24e30cd59c,,,"ACE_magnetometer provides Python and MATLAB tools for working with 16-second ACE satellite magnetometer data. The Python workflow downloads and loads ACE archive files, while the MATLAB workflow reads local ACE HDF files and plots IMF components including Br, Bt, Bn, Bx, By, Bz, Btotal, and dBrms.","Python and MATLAB tools to retrieve, load, and plot 16-second ACE magnetometer data from the ACE archive.","d21c5d29-21ba-4288-bec0-8c077ac15aec,e9bb1c0d-d4c7-4be7-be51-e3f8328be466,d8c3ac85-6e38-4ec9-baa6-a037b9b16d18,76c9ed80-50ea-41fb-9e17-c488430fd00f,402bf733-9d89-4602-b9ee-6e530d1b2836,a85c510d-76d1-4c75-9b81-7ae13a36dd30",https://github.com/space-physics/ACE_magnetometer/blob/main/README.md,"ca51f084-1a32-458e-8ca9-5c1c49a0b227,6480ff1c-f70f-4b8b-a70a-327bcc158f99","bbfd3b11-634d-4d28-8644-c12600811b6d,7c439c97-4f6f-436f-be9a-dbb99341124b",,25b5bc68-71f8-44d8-8216-009adffb2fc3,,,,"d59c6796-a938-4b20-8ce5-3f9382d41eac,387d9dcb-827f-4e0c-887f-3d10d51284f5,1948d1db-6e7d-4733-ae68-15fa57b8238b,bc97966b-f24c-4952-bc8b-b917594247e1",,757ff86d-708f-4f2d-8782-71ab39af4ab9,"a34c3b78-fac0-45c2-94c4-da38e7f364de,04e9fd40-f52d-4d9a-9bbd-639ae7b80e6a,85f0af6b-4960-4865-b91a-32b99df28d81,d9a89a58-69d0-47bb-a847-a515cfeb2eed,9f983a01-e9e6-41de-970f-8d431d79ce27,a6f8a5e9-0a6e-4ec0-9cb2-4f89ad9f33fa,4d6a1fcb-4a48-4bb8-ac16-e47941708b4f,8dd20d5d-428d-4abd-b7f2-57512caa1fa8",,,,,https://github.com/space-physics/ACE_magnetometer,,
3fddfda7-5eca-4501-839e-765eb49a8c1b,da38c24f-c972-4506-90bc-6ca75e9260ef,2020-01-21,ee990b81-8115-4ab4-8a7f-68a4d0bb345d,3ceb4f3c-777c-4ae9-89cb-7e10e207f14f,,,AFINO (Automated Flare Inference of Oscillations),c270ec97-2d36-4ed3-a75d-a8c1967443eb,https://doi.org/10.5281/zenodo.12611254,ef3125b0-1752-401a-b056-18c63b58c133,"AFINO (Automated Flare Inference of Oscillations) is an automatable timeseries analysis code designed to identify oscillatory signatures. AFINO uses a Fourier-based model comparison approach.  
This code repository is a work in progress, and the functionality is provided as-is without guarantees.",A tool for finding oscillations in time series data.,"d21c5d29-21ba-4288-bec0-8c077ac15aec,4ed73ccc-e12a-4009-aa2c-e40ea4c0c84a,d8c3ac85-6e38-4ec9-baa6-a037b9b16d18,cfa01ea5-1be6-40fc-b8f0-96c1a866c7e0,76c9ed80-50ea-41fb-9e17-c488430fd00f,402bf733-9d89-4602-b9ee-6e530d1b2836,a85c510d-76d1-4c75-9b81-7ae13a36dd30,ff3b7502-07f2-4652-95bd-692557553cdb,7e6ed025-dbdb-446a-b6de-6ea964042972,05e06b15-ceb0-4623-a9c9-98ad6ec4ef49,1ca1fc54-e093-4328-ae77-6d6726270bad",https://afino-release-version.readthedocs.io/,,"b82cd96d-8243-41d9-b015-03436704cdbf,102561e0-8fd0-4084-b4a5-f7e0f36eda03","102561e0-8fd0-4084-b4a5-f7e0f36eda03,7c439c97-4f6f-436f-be9a-dbb99341124b",25b5bc68-71f8-44d8-8216-009adffb2fc3,"f80662db-1afe-4701-8fb1-0879dc44dbf1,00788b5d-e575-4214-be90-cbcc0a4f8423,e516bddb-9d9c-406c-9a3f-cf73de0903ed,a1f8afd1-47b0-424c-8e2f-857eaf8f97eb,94dea72b-1574-430f-88be-c10d1a65cd1f,d9a9b1ff-51e9-43b1-9d4b-4659eead2ff6",,39dc34ad-ebc8-43a0-91fe-dd47961f6613,d59c6796-a938-4b20-8ce5-3f9382d41eac,e30aeeb6-77d6-4994-a80c-320aa1222eab,"515dae73-68bc-4030-8008-20c9eef5a01c,a93f49d5-6203-4f64-8d77-18c74a53f7a8,1810173f-7493-429d-a279-ab30822f1ba1","077bdc33-226f-44a6-83e5-0dffa1e7d9f4,35c7eac7-4a89-422f-8119-a7d489e8da55,3f4193a6-7483-4dcf-ac79-9793146558ee,63171070-a79c-4ee0-87cf-74b9f5cdcfec,9afae67d-270b-4396-9c0f-13a76701d7d3,d45eeeb9-46ad-424a-88c1-8320433bd5eb,1b15b720-159a-46af-a09f-68ecfc6c7e36,57c3f026-f558-4c74-865c-b033c5dafe94",,,,,https://github.com/aringlis/afino_release_version,,754b7219-9dc1-4d74-9918-c5f1c0947192
dda4b683-307d-4145-b75c-59f61c442484,da38c24f-c972-4506-90bc-6ca75e9260ef,2020-03-31,ee990b81-8115-4ab4-8a7f-68a4d0bb345d,"6ae1e775-7e0b-4156-a246-7ea52fe37a50,e1de620b-45ea-462c-91a7-3e3d087167df,416cbbab-8e0d-4f74-bc37-9ec1bceba723,de7c0779-16ad-4710-83fe-433ebcb2b5c7,565989e8-4e14-4d35-982d-8eb9c4cc38d7,f5f21e0b-7ffe-478f-a45b-e79ef6f4d9f6,053abce3-c2ae-4ce7-8627-0b4d2af92ef6,083cedc3-89ed-4029-b0ca-4e84cd4a2797,27a7c7eb-4c7e-4e34-8295-5abd850ac58a,cfc6ddd0-e643-4abb-a240-f21fd4214236,beba2566-9423-4a50-937d-334cfcf8b9b7,fe8eee07-84fd-4009-9b91-a8daed612b0d,0a671dcd-50a7-4e35-8992-2ef1546f8389,bb801e7f-3141-407b-afda-79d7c278d060,e1046dae-82c8-4d6c-93a4-b126f6fcfbf9,6130d15b-945e-4a1c-b268-88c63c17b746","48a695d5-dd48-4090-bcfe-ec236546019e,242babd2-9ea2-429d-9201-ae3a5a7c3290",7e18bdee-4686-4ba8-b3c3-eef1e7fbc02e,aiapy,b0b29bb7-7e4f-4e05-b65e-bfd6db1c0980,https://doi.org/10.5281/zenodo.10064346,1755b0bd-6d57-4161-aa73-92bd6e0b50fe,"aiapy is a Python package for analyzing data from the Atmospheric Imaging Assembly (AIA) instrument onboard NASA's Solar Dynamics Observatory (SDO) spacecraft. It calibrates and processes AIA images by updating pointing metadata, registering level 1 images to level 1.5, reinserting removed spikes, correcting instrument degradation, estimating uncertainty, calculating and deconvolving the instrument point-spread function, and calculating wavelength response functions. Its public workflows exchange SunPy maps and Astropy quantities, coordinates, times, and tables.","Python tools for calibrating, registering, correcting, deconvolving, and analyzing Solar Dynamics Observatory Atmospheric Imaging Assembly data.","d21c5d29-21ba-4288-bec0-8c077ac15aec,4ed73ccc-e12a-4009-aa2c-e40ea4c0c84a,9852ca3f-b8fc-4665-a990-465072ec4379,e9bb1c0d-d4c7-4be7-be51-e3f8328be466,6e1dbfec-913f-4d9b-9a3f-e8a2b7f82540,d8c3ac85-6e38-4ec9-baa6-a037b9b16d18,555161bf-13d6-4909-b2d5-6c87d584de24,2f488d8c-dd92-4deb-bad8-7377d1d12b48,841774c2-77c6-4111-af03-b5c2ac3d8bba,bfcf5b70-01f3-49f2-9f68-6ce27a9d4491,cbc530e0-6162-443b-a4ac-9578ecfd63b4,a3f51d29-0e97-4173-92f1-a56335f32b2e,d4136ce2-345a-4011-beaa-456eda820556,ff3b7502-07f2-4652-95bd-692557553cdb,f7b38a8f-3117-49a5-89b2-a66930c7ca4b,e886b84a-8504-4387-866b-560f26ed847e",https://aiapy.readthedocs.io/en/stable/,"6b85306a-52cc-458a-be04-5c7d82442038,6480ff1c-f70f-4b8b-a70a-327bcc158f99","bbfd3b11-634d-4d28-8644-c12600811b6d,b82cd96d-8243-41d9-b015-03436704cdbf,7c439c97-4f6f-436f-be9a-dbb99341124b",b82cd96d-8243-41d9-b015-03436704cdbf,"addea8d3-582b-42c8-9144-cf59d80280f0,987f5bd0-1eaa-4757-92f2-bffce6f02ebc,0de58f22-0f2d-463f-a800-c5ad1fcfb4bb,9c6ee738-bcb3-4065-bb26-a4613e8b7432,2e6c3834-d2fc-42f5-9528-b7fe7081845a",8f62d7a1-2c14-49f9-ad51-1a7f730326ec,"329610a2-9ca5-4409-a6f8-b860515a67d2,312fc0ed-4329-4e4c-9f04-998924678123",29d7a7e6-bc1c-44eb-b0ff-bb460ae348ee,"d59c6796-a938-4b20-8ce5-3f9382d41eac,387d9dcb-827f-4e0c-887f-3d10d51284f5,bc97966b-f24c-4952-bc8b-b917594247e1",d7f050b7-b557-445d-a0c5-1d89918a915e,"a93f49d5-6203-4f64-8d77-18c74a53f7a8,bd3cc8f7-af8f-45be-88c3-494f3a7512ad","5d400460-05e2-4179-b1ce-f77b81b00182,1db2e267-2b16-467b-9bfa-4f306429f515,d72287e8-5fa8-4d5d-a06f-7c58d0dcbfdf,e84c4973-74ea-47c9-a157-28d92bd1ce86,eb8669e1-42a1-401f-9d7f-de5bd66bc460,5b8b0acf-9dca-430f-a93c-1e93c356edea,cec9a378-2a97-4b96-b361-63cec170ce48,89ac1236-d27e-48d4-bed0-9dd239b93856","6f81630f-10ae-4315-aa1a-9b13f2d4b2f4,f4614bba-b29f-44b8-9421-93a3f3a8c8b2","175c0df4-eb7f-4c4e-9577-89a2093b9c92,2844e9c1-dedb-402f-bbb1-b63cb821c8e8","a4e07475-572f-48db-b2e7-5d59ea194465,f0c58f65-cf25-46c5-b716-9c82564901c6","3f8caee6-0f62-4119-92a9-41bd563f43b1,d6458790-fd93-4112-8aaf-17dbe820f31f,f9647783-ec64-4e97-9477-1d95410037d2,5d4cd37a-d7c3-4d30-b441-48183362d026,ed08279c-a254-4279-b8d5-4f9bb29f07b0",https://github.com/LM-SAL/aiapy,,"e14b60b4-c841-4658-9bac-f9298a442562,82801102-0270-4fbc-ae73-24afeda2d299,e85b749e-5788-425a-8952-8fc9a329216b,754b7219-9dc1-4d74-9918-c5f1c0947192"
b5742bb7-4c8e-45cd-9429-65cb75f32795,da38c24f-c972-4506-90bc-6ca75e9260ef,2020-06-24,dc6c2150-6844-42e9-90a7-0335e23f11f1,"98f5fe92-507c-40d5-87c9-d9f9f06773c2,696e5a62-e16d-4da8-9b62-bb79df1b72c3,52489175-3016-45a1-8728-3c2ca6bd0c20",,e49699f5-8ba7-4b37-a71c-42063554706e,AIDApy,8fd16c1d-2f7d-46fe-8673-5bac38637406,,,"The Python package aidapy centralizes and simplifies access to spacecraft data from heliospheric missions, space physics simulations, advanced statistical tools, and Machine Learning/Deep Learning algorithms and applications. It provides a simple mechanism for downloading multi-dimensional time-series from various sources and analyzing them by extracting different meaningful statistics. The package includes four main sub-packages: Mission tool, Event search tool, Velocity distribution function tool, and Machine learning tool. It features easy data download from heliophysics missions, xarray data structures for statistical analysis, sophisticated event identification, multiple heliophysics use-cases ready to use, simple interface based on configuration files, easy mechanism to add custom metrics and datasets, visualization and logging of training/validation procedures, and optimization techniques such as Hyper-Parameter Optimization (HPO) and pruning.",AI package for heliophysics providing machine learning and statistical methods for spacecraft data analysis,"76c9ed80-50ea-41fb-9e17-c488430fd00f,ff3b7502-07f2-4652-95bd-692557553cdb,d21c5d29-21ba-4288-bec0-8c077ac15aec",https://aidapy.readthedocs.io,6480ff1c-f70f-4b8b-a70a-327bcc158f99,"bbfd3b11-634d-4d28-8644-c12600811b6d,ab231ba2-0ccf-4cb3-b77a-94f1aee06296,fa1963cd-6a16-49e8-abae-a8db46658b40,c2883e1a-c97e-4dd0-a9ed-7dad7293bb3e,40f6b676-efcd-4081-b495-41af7370a073","bbfd3b11-634d-4d28-8644-c12600811b6d,fa1963cd-6a16-49e8-abae-a8db46658b40,c2883e1a-c97e-4dd0-a9ed-7dad7293bb3e","25b5bc68-71f8-44d8-8216-009adffb2fc3,987f5bd0-1eaa-4757-92f2-bffce6f02ebc",,,,"d59c6796-a938-4b20-8ce5-3f9382d41eac,bc97966b-f24c-4952-bc8b-b917594247e1",,"515dae73-68bc-4030-8008-20c9eef5a01c,757ff86d-708f-4f2d-8782-71ab39af4ab9,a93f49d5-6203-4f64-8d77-18c74a53f7a8","a7d9186c-ada5-4ec2-84b4-be0dd9e788be,f3a530ef-a3e1-4e9a-b7fc-587f21fd0250,6e6ee660-fd57-49db-980c-3ff90a7fe052,35c7eac7-4a89-422f-8119-a7d489e8da55,853adb4f-709b-4aea-b519-c2c3f54cabaa,c81dfd22-3b80-4783-b21f-d009e40e4334,8b8f5063-ac8f-43b7-b1e4-33924c5fbaf5,a5e307ab-2e31-455c-a29c-4d5b99580a9a,ac4323d7-c0de-4c9a-8731-2ce1c606b2be,e0e47e8f-eb01-4a48-b02f-cb288a3ad43a,18314bac-3133-41b8-bd62-a3c0c929dd3e,4d7716a7-1ada-440b-b542-df98ed896833,3135ddbe-14f0-488b-95b0-33d61ab2dff8,1f629abd-fc09-4079-a895-d77de362d60c,b2c75140-07b4-45be-ada7-0f5e0bec0033,07856a45-58dc-4549-a6af-63cd4be1ce4b,081ffdc0-9c3d-456b-b315-13a50246f730,ac3716e9-e86e-480c-aa7a-ac90b8e53e16",,,edc1d412-3dd1-4ea0-b8d4-410bf8ec72ac,84efccd3-fbbb-4f57-8c7f-4fa2bb1fb9ef,https://gitlab.com/aidaspace/aidapy,,"73b7fe8c-ee03-46eb-83d8-0ce77956245a,7d073440-38e0-4f33-9e88-4d3ed2f9ed7e"
e57951e6-9761-421e-b482-aebfd2804c81,da38c24f-c972-4506-90bc-6ca75e9260ef,2019-12-07,d6db5f01-5945-49e6-bf41-8758dae049db,a4fe31d5-3dff-4e85-acdc-ce4e783d4bd5,"c7306867-5d87-47f4-9d07-de4da102ff13,f5c62429-9d44-4ff0-ae61-1186005f1335,5f42ae3b-6a04-46c5-8824-3ef3e043f518","3727a305-d1f2-43a0-80de-2cc7ea704a06,057a8a25-dc2d-48fd-9f58-402ada0201fb,26339745-8c88-4046-a7ba-8197c9c51614,b484f54d-0930-41dc-abab-fd5059c44f34",AMGeO,f140a0d6-4890-417d-876f-66c625a520cd,,5af7f63a-ac25-461d-96dc-ccf9d82dd8d6,"AMGeO is a collaborative data science platform for the geospace science community for bringing together a diverse set of heterogeneous geospace observations from NSF-funded facility programs and individual community users to obtain complete maps of high-latitude ionospheric electrodynamics for scientific discovery and space weather research. The platform is made of the AMGeO open-source software and web application services that facilitate the data acquisition and pre-processing steps that are otherwise prohibitively labor-intensive. It is developed at the University of Colorado Boulder by the AMGeO Team, with support from the NSF Earth Cube program.

The AMGeO open-source software is designed to streamline data access, collection, preprocessing, and quality control steps with data assimilation analysis steps to support accessible, reproducible and transparent data science practices in the geospace science community. AMGeO helps accelerate data science processes by transforming raw data into discovery enabling forms. AMGeO implements data assimilation analysis steps expanded, as summarized in Matsuo (ISSI Scientific Report Series, 2020), from the Assimilative Mapping of Ionospheric Electrodynamics (AMIE) procedure originally developed by Richmond and Kamide (JGR, 1988).

AMGeO ingests SuperDARN plasma drift data, SuperMAG ground-based magnetometer data, and Iridium magnetic field data provided by the AMPERE program, and produces ionospheric electric potential, electric field, Hall and Pedersen conductance, field-aligned current, and Joule heating rate on a 24 x 37 magnetic latitude / magnetic local time grid.

AMGeO combines the prior information of high-latitude ionospheric electrodynamic variables with multiple types of observations according to Bayes' rule. Under the Gaussian process assumption, AMGeO's solution for the posterior distribution is given by Kalman filter measurement update equations.

The prior distribution is specified by the prior mean and covariance. The prior covariance is less known but plays an important role in balancing weights of the prior mean and observations and spreading the observation information into data-void areas.

In AMGeO, the prior mean for electrostatic potential patterns is specified by an empirical model developed by Cousins and Shepherd (JGR, 2010). Just like this prior mean model, the prior covariance model was developed using a large volume of SuperDARN data (Cousins, Matsuo and Richmond, JGR, 2013).

AMGeO is made available at no charge for non-commercial research use; the source code is obtained by registering at https://amgeo.colorado.edu/. AMGeO is also available through the NASA CCMC Runs-on-Request service.",Collaborative data science tool for high-latitude geospace observations,"ab45d6f4-403d-4528-9246-d2139db5bc72,4a30e300-583d-47dc-bfb8-b0268c888710,d21c5d29-21ba-4288-bec0-8c077ac15aec,4ed73ccc-e12a-4009-aa2c-e40ea4c0c84a,e9bb1c0d-d4c7-4be7-be51-e3f8328be466,0d73637b-dd27-411b-bc6e-8dc424c51a6f,758dab69-cb35-477f-86c0-ed52606e335b,d8c3ac85-6e38-4ec9-baa6-a037b9b16d18,76c9ed80-50ea-41fb-9e17-c488430fd00f,402bf733-9d89-4602-b9ee-6e530d1b2836,ff3b7502-07f2-4652-95bd-692557553cdb,7e6ed025-dbdb-446a-b6de-6ea964042972,05e06b15-ceb0-4623-a9c9-98ad6ec4ef49,475f62e3-13dd-48a4-a01c-508cb306d7ca,27c3e41e-8134-42d2-92f3-b444682fc369,9b446b08-fd9d-4ea7-94d3-2a0b3328f121",https://amgeo.colorado.edu/,"6480ff1c-f70f-4b8b-a70a-327bcc158f99,52d87dcc-8113-4f4f-9ff4-83cbd2f11bba,ed7e1c95-acef-423b-82bf-43ad6c78f333","bbfd3b11-634d-4d28-8644-c12600811b6d,c2883e1a-c97e-4dd0-a9ed-7dad7293bb3e","c2883e1a-c97e-4dd0-a9ed-7dad7293bb3e,7c439c97-4f6f-436f-be9a-dbb99341124b",2e6c3834-d2fc-42f5-9528-b7fe7081845a,"863ea937-21b0-4ca7-bec0-b5e0bb053fb2,ad188865-0d0f-44d4-a7ec-61ad39c83ea2,6910c1ac-d1df-48f6-8c9d-20702f1ec376",,29d7a7e6-bc1c-44eb-b0ff-bb460ae348ee,"d59c6796-a938-4b20-8ce5-3f9382d41eac,387d9dcb-827f-4e0c-887f-3d10d51284f5",5b5c9928-9f83-4528-b96a-bd87a1598816,"c8168919-8394-4690-96c1-f686edbaaba5,d99a68c9-4fde-417c-8c00-8f7a56c6eaa3,515dae73-68bc-4030-8008-20c9eef5a01c,ab8390b8-312d-4c69-b1bd-54993d31dbe4","158dfa57-4adf-4b97-8c3e-ca5face9b71a,805cf7fc-faea-42a1-b53d-138f0d7c5c38,0a91a517-4a65-497c-bc19-e3822c79fd58,5c7ed255-f4f7-4322-8d75-3ddeaea07c96,0f9a1ee0-8ad6-4525-8df2-344a38d5f083,265dce03-dd8f-4c94-8290-73c3d938632d,43fa7a83-941d-4fe3-8858-b7a9f3c91e22,bd8f38c5-caf8-4996-a45d-ccd34ebc2b42,85f0af6b-4960-4865-b91a-32b99df28d81,61701154-2e95-47c4-b101-38508a224a95,8cd9f20a-631c-40d8-817d-c8f3a5903324,a06141be-91d4-4b51-b597-7dab3213178a,6ac8b586-4061-404d-81c8-a6578bc192ad,b325d6ab-5303-4999-b4e8-29febf0ddb59,136612ce-da44-4986-8fd6-6c9ea317d207,4d1a6346-697b-4292-ad3c-1e8e94a25b95,ce81db34-0e83-4736-8dba-67bbe85dc7e0,efb9c5f8-a408-4a73-bbd3-a29c81dfaa58,ac5232b3-823e-4243-9b1d-332dbd42ef1e,c06b69f5-304f-46cd-b567-a3a26bba6ad4,52bf4b5b-dd6a-447c-9cb8-826a6176be12,cff2bf61-81e0-4f96-bb6b-ac5521a98f3a,f2465403-a165-423d-84d4-892010c6d656","94b2eff9-9870-4bac-a904-838310eaa465,876fee4c-6f57-47ad-ba19-c31fc269781f,f6d3f14d-2ffe-4197-897c-78804e313318","33b17a0c-b61d-4133-a4cd-7051570142ad,80a983e0-a24d-4651-9932-286a203daebe,4139ec71-ce86-4902-a231-8c7c5098508a",d5a4780e-bb5f-4a1c-8ce0-641a66110ac5,"3f42d689-0746-4a68-a17d-0d62143e503e,a911b2ed-d02e-4466-80ba-2a9f46fd32e0,8fa54077-9e9a-40b4-9b30-e57ab20ea9c4",https://amgeo.colorado.edu/,https://amgeo.colorado.edu/static/img/amgeoicon.png,
afcb9669-1336-48ff-ad58-a7446b8b09f0,da38c24f-c972-4506-90bc-6ca75e9260ef,2023-09-12,ee990b81-8115-4ab4-8a7f-68a4d0bb345d,5a7aa461-5232-4d6f-90e9-7cda85341c38,,cb5bb2e4-ef55-48c4-87cc-39e583976dd0,amisrsynthdata,a3d4bfa5-9b6f-433f-bc83-e960e5960fcf,https://doi.org/10.5281/zenodo.12210900,b6fb03d4-325a-430e-8319-3e66da159335,"This module provides tools to create synthetic data files for the AMISR (Advanced Modular Incoherent Scatter Radar) systems. The files are based on both a specified ionospheric state and a radar configuration. This can be used to generate synthetic data in the ""SRI data format"" both for the three existing AMISRs and for hypothetical future ""AMISR-like"" systems. Primarily, it was designed to help test the functionality of various inversion algorithms that attempt to create a complete picture of ionospheric state parameters from discrete measurements by creating a way to check the output of these algorithms against known ""truth"" data. Please note that this module does NOT attempt to simulate any aspect of fundamental ISR theory.",Module for generating synthetic AMISR data files,"ab45d6f4-403d-4528-9246-d2139db5bc72,4a30e300-583d-47dc-bfb8-b0268c888710,d21c5d29-21ba-4288-bec0-8c077ac15aec,06bdcf26-0423-45d4-8cd0-71a1dd49dfa3,1dacbe62-8d60-4a7e-a1d8-ea0feba270b0,d8c3ac85-6e38-4ec9-baa6-a037b9b16d18,76c9ed80-50ea-41fb-9e17-c488430fd00f,402bf733-9d89-4602-b9ee-6e530d1b2836,9ba5be4d-a4db-4145-80cc-9c006d68a219,e808c21d-338f-411a-838f-be0ce95700b5,ff3b7502-07f2-4652-95bd-692557553cdb,05e06b15-ceb0-4623-a9c9-98ad6ec4ef49,e886b84a-8504-4387-866b-560f26ed847e",https://amisrsynthdata.readthedocs.io,,"c2883e1a-c97e-4dd0-a9ed-7dad7293bb3e,7c439c97-4f6f-436f-be9a-dbb99341124b","c2883e1a-c97e-4dd0-a9ed-7dad7293bb3e,7c439c97-4f6f-436f-be9a-dbb99341124b",25b5bc68-71f8-44d8-8216-009adffb2fc3,,,c8723cab-e273-44ba-98cf-9c24b392ca33,1948d1db-6e7d-4733-ae68-15fa57b8238b,0e565a36-a0dd-44aa-84b5-e19fbfdeefd8,"1deefae3-ade4-414e-b586-7b015772ec14,c8168919-8394-4690-96c1-f686edbaaba5,d99a68c9-4fde-417c-8c00-8f7a56c6eaa3","15ac694c-8bcb-4621-a757-33f6ff0c3a4a,7ac1911c-a4e4-4263-a188-f72b2232d928,d0482a9f-dee4-40c5-91d3-a1dabee17386,49e8a801-c3f0-4043-899a-2e7da071d05b,8ff3ab6e-5071-41ce-8fba-4ab639e77cfd,a06141be-91d4-4b51-b597-7dab3213178a,9986c7d4-1117-40cf-bf39-516f2e7bc896,05a4d17b-6bbc-42bc-9e4b-cbfd061336af,3fe5a736-5843-44a8-8be5-af082dbed730,7bc60317-69e4-456b-bf9e-c197ffc183ef,6fdf1fc4-4652-489c-af98-75e586da76c9",874fba56-ff50-4edb-aeb8-84f10a0cd2a8,39056973-fddd-466d-9635-065ae4f64541,"a4e07475-572f-48db-b2e7-5d59ea194465,d5a4780e-bb5f-4a1c-8ce0-641a66110ac5","1a2263f5-2d83-44b2-babf-7625e2e390c8,eebab35e-9cfe-4bce-8bc2-73772f19656e,c9953b00-27eb-4a5e-84b8-6ff8be6b1dcb,abefdf84-d4c9-4960-b610-d4dd05220f5b,15ea04fe-2e0b-4cf9-8791-3e73b6edd9a1",https://github.com/amisr/amisrsynthdata,,
18ff9253-b11c-4ffa-9c3b-4b167c9f8cf2,"b36db5d9-bb03-41a8-a606-da018371d891,e7b6f70a-487f-4038-a41d-ad7e39e06fb6,da38c24f-c972-4506-90bc-6ca75e9260ef",2015-11-18,ee990b81-8115-4ab4-8a7f-68a4d0bb345d,"52da8ed1-f691-46f3-9827-6800e0e0bfd7,9a3c53c1-e376-40de-89ac-503be6c1fb7b,5a7aa461-5232-4d6f-90e9-7cda85341c38,e79e10b2-1839-414a-ae14-597d36cc61e0,4176b030-f090-4bf4-a3b0-b2adeb4075b6,4415503d-9818-4d13-a397-b82a0d834d8d,cb093d1a-a697-41fd-9bae-c61bcd67e79a,bac6bfa0-d1f3-477c-ab87-ee6e878119a7,9bf6c170-e45e-40dc-9af1-e86261f9ecb2",,,ApexPy,3e215f0b-1322-479a-86de-23fa39d97f80,https://doi.org/10.5281/zenodo.1214206,791ad19a-ed50-4155-b69b-f263a438f3c1,"This is a Python wrapper for the Apex fortran library by Emmert et al. (2010), which allows converting between geodetic, modified apex, and quasi-dipole coordinates as well as getting modified apex and quasi-dipole base vectors (Richmond 1995). The geodetic system used here is WGS84. MLT calculations are also included. The package uses IGRF-14 magnetic field coefficients (1900-2030) and provides tools essential for ionospheric and magnetospheric research. The software is free and open source under the MIT license.","A Python wrapper for converting between geodetic, modified apex, and quasi-dipole coordinates, with magnetic local time calculations.","ab45d6f4-403d-4528-9246-d2139db5bc72,d21c5d29-21ba-4288-bec0-8c077ac15aec",https://apexpy.readthedocs.io/en/latest/,,,,"addea8d3-582b-42c8-9144-cf59d80280f0,25b5bc68-71f8-44d8-8216-009adffb2fc3,2e6c3834-d2fc-42f5-9528-b7fe7081845a",,,,"d59c6796-a938-4b20-8ce5-3f9382d41eac,387d9dcb-827f-4e0c-887f-3d10d51284f5,bc97966b-f24c-4952-bc8b-b917594247e1",,"1deefae3-ade4-414e-b586-7b015772ec14,515dae73-68bc-4030-8008-20c9eef5a01c","b7d3fa2a-34bd-4ef6-9b5f-e9f3b3440ff6,96648e95-6731-4658-b67a-8454afc8fc0f,6789b380-e08f-4800-b51b-1666f42e3f1f,81fef49d-c1f8-4df9-b9db-dc29ed3093a8,354168d2-6268-432f-a091-7f4ab72fbef2,c8de4ad3-1e94-421f-a3f8-8823f174b3f1,a06141be-91d4-4b51-b597-7dab3213178a,26280f9f-9c08-4b72-acd2-fe27eea943bf,ce81db34-0e83-4736-8dba-67bbe85dc7e0,f91fbded-106f-4288-8353-96af3e4ad899,9f983a01-e9e6-41de-970f-8d431d79ce27,efb9c5f8-a408-4a73-bbd3-a29c81dfaa58,ac95a9c6-ce70-48ed-a092-8c02cfb9ab27,baefae43-290d-4ede-8b95-634176232557,96ef6a93-d327-4ee2-86d7-f31560286133,e0593ef1-d8ca-404f-b48d-6fe27b5d1531,b2c75140-07b4-45be-ada7-0f5e0bec0033","2055c7d1-c47d-4e9f-84fb-f3c8ec301bbd,4dcfbe4d-f017-4070-bb51-52880269d5ee,2dc2a4d5-2196-461e-b77a-1f65e624b06f",,,,https://github.com/aburrell/apexpy,https://github.com/aburrell/apexpy/blob/main/docs/apexpy.png?raw=true,
43700827-e657-4937-ae69-c333b70d3756,"f6635932-7453-4b3b-9322-9c1b18147056,da38c24f-c972-4506-90bc-6ca75e9260ef",2021-02-14,ee990b81-8115-4ab4-8a7f-68a4d0bb345d,"a94e5d35-949a-43d4-ad57-48e5dddfd5c0,b35afae4-a71f-48bc-8f5c-ef0b51293bd0","4ed72bb3-9e9c-421a-ad3e-fedd7b3d8ddc,36fa5f04-f299-4459-a549-9c43351cea8f,0aa44f21-a4f3-4886-b336-71902d16d1fd,29a8728f-b06e-426d-8f82-b00903f54e59,a461f7fe-fb0d-429f-bd57-b87e1672afdc,9ad1a1d1-1983-4ef4-9231-ea95c5423ba5,627196f1-9bc6-48d9-ba10-4108c21bc97a,f21cdd56-936a-4218-9704-8bb6e0f90d31,202f9347-9c94-4066-99e9-ca16cae8c62c,bad89e14-c7a8-4335-9509-21247ca2d0a4,3ff8ce88-a28d-49eb-89ef-18f642b2577a,770ecd85-0c7a-48e1-b89f-8ab12056dfa6,dea0febc-41c6-4f51-a6a9-27e71be69c89,02133f4b-c93f-4e35-9d44-e4f4b8790527,3038a6f8-14cf-4131-af0f-bacdc0748b58,6676e93d-344f-44f5-8773-c36ebf06a807,aff90cde-16bf-4a57-b985-e71776a895f4,823c7a65-bf66-45c4-bf10-56b7ef5b20d6,613d6f85-d9df-463f-aee8-64cbd78db131,6a481584-b48b-429e-b168-9a80e80f1baa,6f4847bd-3ce7-4617-8b44-af520c08c244,37f68820-6ebd-4a20-9957-511af879db79,3ba2956a-fdad-4747-81b6-e7e42c33c64d,c4253e18-ccdd-48e7-b706-a6380318d2ee,5efe757b-8147-4ebb-be1f-85888d4100e3,950557f9-0359-47ac-bb33-e3aa1a9a7f80,53b35b1c-5c86-46e2-853a-a308c38b4e3a","3a5b0717-e7c2-4d29-ac46-7fe29dc8244d,45584ff2-e3d2-4b83-86dc-c3395f4ae169",asilib,3d8e3636-7491-47a6-ad66-1f621319e694,https://doi.org/10.5281/zenodo.4746446,f1ba0b17-e34f-45dc-998b-53cf62cb55a0,"asilib is an open source package providing data access and analysis tools for the world's all-sky imager (ASI) data.

The purpose of this project is to combine data from numerous observational ASI arrays into a single unified framework and is thus not associated with the development and operations of all sky cameras, or the curation of ASI datasets. All data is publicly available and is provided as-is. Please give appropriate credit and coordinate with instrument teams with regards to data issues and/or interpretation.

It provides unified loaders for THEMIS, REGO, TREx NIR and RGB, MANGO, the Pulsating Aurora Project, and LAMP-supporting all-sky imagers; image and skymap access; fisheye and mapped-image plotting; multi-imager mosaics and animations; keograms; ASI-satellite conjunction and auroral-intensity analysis; magnetic-footprint tracing; and magnetic-equator projection.",asilib is an open source package providing data access and analysis tools for the world's all-sky imager (ASI) data.,"ab45d6f4-403d-4528-9246-d2139db5bc72,4a30e300-583d-47dc-bfb8-b0268c888710,89b29179-7fba-456e-b4ed-5ff5b548be18,d21c5d29-21ba-4288-bec0-8c077ac15aec,4ed73ccc-e12a-4009-aa2c-e40ea4c0c84a,e9bb1c0d-d4c7-4be7-be51-e3f8328be466,1dacbe62-8d60-4a7e-a1d8-ea0feba270b0,e1c9ec4f-63c6-40bc-b9ab-de70189bd83a,6e1dbfec-913f-4d9b-9a3f-e8a2b7f82540,d8c3ac85-6e38-4ec9-baa6-a037b9b16d18,cfa01ea5-1be6-40fc-b8f0-96c1a866c7e0,76c9ed80-50ea-41fb-9e17-c488430fd00f,402bf733-9d89-4602-b9ee-6e530d1b2836,a85c510d-76d1-4c75-9b81-7ae13a36dd30,0e94fdda-aba0-468e-87c6-f8943010c7f1,5ec2f6e7-b28e-4a24-952c-0f24f6bce1b4",https://aurora-asi-lib.readthedocs.io/,"6b85306a-52cc-458a-be04-5c7d82442038,6480ff1c-f70f-4b8b-a70a-327bcc158f99","bbfd3b11-634d-4d28-8644-c12600811b6d,c2883e1a-c97e-4dd0-a9ed-7dad7293bb3e,31039da9-c899-438c-ab18-da9733541f12,7c439c97-4f6f-436f-be9a-dbb99341124b",7c439c97-4f6f-436f-be9a-dbb99341124b,25b5bc68-71f8-44d8-8216-009adffb2fc3,,"9cbf34d5-6f2c-450c-b04f-a0ce3a84728c,9d53df61-3d64-45ec-9961-77960879c0a3,8cbf0f55-26ad-4d6b-a29f-11d94c5d8913,325c357d-29d2-485b-8b1c-c4d34cac016c,f7b8ab4b-19e9-4ecc-8917-177aa4f23889,d183296d-d858-48a7-940a-e124c56e37b7,b56100bf-4339-4157-85c4-8b8f89d9471f,1cb96f57-77c5-4056-ba5f-34f8ec454d4f,1c1387a7-0dac-470d-8c2b-f437e7cf2368,af3a8845-1363-467f-b94c-826d3abeea4d,9f4c2419-2ce1-4948-b5e5-5075a18cb10f,b267b01d-9b0e-4640-868d-5d89a38a9922,ff81155a-7f38-4a1f-bf06-791a1478eee1,5c8f1d66-cc6e-4f7c-a2a6-cb1338416d97,ef40edf9-aa19-492a-81dd-aae6b6747704",29d7a7e6-bc1c-44eb-b0ff-bb460ae348ee,1948d1db-6e7d-4733-ae68-15fa57b8238b,d7f050b7-b557-445d-a0c5-1d89918a915e,"1deefae3-ade4-414e-b586-7b015772ec14,515dae73-68bc-4030-8008-20c9eef5a01c,d99a68c9-4fde-417c-8c00-8f7a56c6eaa3,c8168919-8394-4690-96c1-f686edbaaba5,ab8390b8-312d-4c69-b1bd-54993d31dbe4","201601ea-f181-4487-ab4d-2c9883193310,158dfa57-4adf-4b97-8c3e-ca5face9b71a,f32500d8-aa8c-4703-a77f-bf29010d8631,b43adce8-73c1-4753-9832-edb3c2b7e466,35c7eac7-4a89-422f-8119-a7d489e8da55,caffa93f-c1bf-41b9-a24d-4eca6c41646d,c210a733-c77f-409f-9999-f20441eb3e40,a06141be-91d4-4b51-b597-7dab3213178a,226cda40-aa0a-401f-aba1-d3af93dd16d4,7234f51a-b44c-4d73-88ef-16b67e800a13,b9a5ffc7-0150-4522-a17f-472a83b82f1a,6aac037e-3f53-4ba0-b2b0-47ffd6126864,34055ab4-4b88-4b4e-ade4-a800969d7ad0,b2ddb587-a044-4423-8ef7-775e54eaddb4,4d6a1fcb-4a48-4bb8-ac16-e47941708b4f,b819c186-74c5-465c-8e7f-de6490e7cc31,b2c75140-07b4-45be-ada7-0f5e0bec0033,e0e82ae3-c718-4a0a-a802-3886b0782894,ac7f6b94-db19-4b56-9cea-8df0981fd0a5,672387e1-2c99-4594-8ac4-451f32508d8f","7ddfec41-df77-4c7f-b142-7a6fa85ea6ef,82c84640-0239-44d5-ab16-8398d61f8a35,f72efe18-035b-42a7-b699-c33e6b0b7e4f,ef2adc51-70a7-4d1e-b915-96835744e304","e83b3be5-7856-47d8-8987-8e44abad8622,2055c7d1-c47d-4e9f-84fb-f3c8ec301bbd",,,https://github.com/mshumko/asilib,https://raw.githubusercontent.com/mshumko/asilib/refs/heads/main/docs/_static/asilib_logo.png,
2979f7e7-b34d-4f16-8c96-966d7a2a1f01,"1af99bfc-2061-4583-9cf3-33df280a7ea8,da38c24f-c972-4506-90bc-6ca75e9260ef",2016-02-13,ee990b81-8115-4ab4-8a7f-68a4d0bb345d,dd77b0be-c31d-4319-a8d4-1ee118c9dbc7,,,AstrometryAzEl,f6033b8e-8caf-47f1-8b20-10eb9bbc5708,https://doi.org/10.5281/zenodo.595450,,"Register images to geographic maps using the astrometry.net program. This software performs plate scale calibration of star imagery to enable use of multiple auroral and airglow cameras together. It converts FITS images to azimuth/elevation coordinates using Astrometry.net, with applications in aeronomy for studying aurora and airglow emissions. The software assumes emissions occur at a specified altitude, typically about 100 km for auroral observations, and projects images onto geographic coordinates.",Plate scale and calibrate star imagery to azimuth/elevation coordinates for auroral and airglow camera observations using Astrometry.net.,"ab45d6f4-403d-4528-9246-d2139db5bc72,d21c5d29-21ba-4288-bec0-8c077ac15aec,e9bb1c0d-d4c7-4be7-be51-e3f8328be466,9852ca3f-b8fc-4665-a990-465072ec4379,1dacbe62-8d60-4a7e-a1d8-ea0feba270b0,6e1dbfec-913f-4d9b-9a3f-e8a2b7f82540,758dab69-cb35-477f-86c0-ed52606e335b,76c9ed80-50ea-41fb-9e17-c488430fd00f,402bf733-9d89-4602-b9ee-6e530d1b2836",https://github.com/space-physics/astrometry_geomap,6b85306a-52cc-458a-be04-5c7d82442038,"b82cd96d-8243-41d9-b015-03436704cdbf,c2883e1a-c97e-4dd0-a9ed-7dad7293bb3e,7c439c97-4f6f-436f-be9a-dbb99341124b","b82cd96d-8243-41d9-b015-03436704cdbf,40f6b676-efcd-4081-b495-41af7370a073,7c439c97-4f6f-436f-be9a-dbb99341124b",25b5bc68-71f8-44d8-8216-009adffb2fc3,,,,d59c6796-a938-4b20-8ce5-3f9382d41eac,5b5c9928-9f83-4528-b96a-bd87a1598816,1deefae3-ade4-414e-b586-7b015772ec14,"de2fcd45-d9ee-46d8-b138-c81faa62ed5a,e0410248-2b43-4409-9866-f22870ead9b5,0c76f1d2-732c-4f6e-9071-5d085fc8067f,158dfa57-4adf-4b97-8c3e-ca5face9b71a,77835e03-923a-4a10-b77f-ec7646b0f000,bbd193e0-c22a-4c1d-a787-3efaa787c893,54b8cce6-e26d-4809-a1df-e0c422d81328","175c0df4-eb7f-4c4e-9577-89a2093b9c92,92d618c1-7097-44d7-8649-2792a9420ae7,b1217578-ed11-4199-bb18-16615c570151","175c0df4-eb7f-4c4e-9577-89a2093b9c92,acfdd22c-a6e0-4038-bbbc-a49c7154af60,585072f1-a1cf-4f4e-94ac-f18f56388660,4139ec71-ce86-4902-a231-8c7c5098508a,8ff5fa26-147e-4ace-971e-7a4131cc6b14",,,https://github.com/space-physics/astrometry_geomap,,
c46778bd-7352-44cd-91fe-010102bb8aa0,"b36db5d9-bb03-41a8-a606-da018371d891,f6635932-7453-4b3b-9322-9c1b18147056,da38c24f-c972-4506-90bc-6ca75e9260ef",2011-07-21,ee990b81-8115-4ab4-8a7f-68a4d0bb345d,"ee6c7aa3-0073-4a2b-b0a4-9b0840229f57,d504730d-47e8-431e-b2a4-19ab12fae706",,,Astropy,e905c2e9-137c-42c5-b783-dee8ed387eee,https://doi.org/10.5281/zenodo.4670728,a00a417c-27fa-41ce-93fc-61fd21c78b9a,"Astropy is a community-developed core Python package for astronomy. It provides a comprehensive, interoperable foundation for astronomical and astrophysical research, including astronomical coordinate systems and transforms, time and date handling, physical units and constants, FITS/VOTable/ASCII/HDF5/Parquet file I/O, world coordinate systems (WCS), tables, NDData, modeling and fitting, statistics, convolution, cosmological calculations, time series, uncertainties, and visualization. Astropy is the canonical core of a large astronomy ecosystem and is widely used as a dependency by mission analysis tools and heliophysics packages such as SunPy.","Astropy is the community-developed core Python package for astronomy: coordinates, time, units, FITS/HDF5 I/O, WCS, tables, modeling, statistics, cosmology, time series, and visualization.","ab45d6f4-403d-4528-9246-d2139db5bc72,078c2195-93b7-4811-b103-ea857710faf7,75fcec59-681d-48be-95ee-b2454aab57b4,d21c5d29-21ba-4288-bec0-8c077ac15aec,4ed73ccc-e12a-4009-aa2c-e40ea4c0c84a,06bdcf26-0423-45d4-8cd0-71a1dd49dfa3,e9bb1c0d-d4c7-4be7-be51-e3f8328be466,1dacbe62-8d60-4a7e-a1d8-ea0feba270b0,758dab69-cb35-477f-86c0-ed52606e335b,6e1dbfec-913f-4d9b-9a3f-e8a2b7f82540,d8c3ac85-6e38-4ec9-baa6-a037b9b16d18,cfa01ea5-1be6-40fc-b8f0-96c1a866c7e0,76c9ed80-50ea-41fb-9e17-c488430fd00f,402bf733-9d89-4602-b9ee-6e530d1b2836,9ba5be4d-a4db-4145-80cc-9c006d68a219,a85c510d-76d1-4c75-9b81-7ae13a36dd30,ff3b7502-07f2-4652-95bd-692557553cdb,05e06b15-ceb0-4623-a9c9-98ad6ec4ef49,1ca1fc54-e093-4328-ae77-6d6726270bad,475f62e3-13dd-48a4-a01c-508cb306d7ca,85ebe5aa-8a3b-4c91-b2a6-78ca6d3aab90",https://docs.astropy.org,"ca51f084-1a32-458e-8ca9-5c1c49a0b227,6b85306a-52cc-458a-be04-5c7d82442038,52af0f1d-3ca9-4362-b10e-f4ae4d69eddc","bbfd3b11-634d-4d28-8644-c12600811b6d,fa1963cd-6a16-49e8-abae-a8db46658b40,b82cd96d-8243-41d9-b015-03436704cdbf,c2883e1a-c97e-4dd0-a9ed-7dad7293bb3e,102561e0-8fd0-4084-b4a5-f7e0f36eda03,7c439c97-4f6f-436f-be9a-dbb99341124b","bbfd3b11-634d-4d28-8644-c12600811b6d,fa1963cd-6a16-49e8-abae-a8db46658b40,b82cd96d-8243-41d9-b015-03436704cdbf,c2883e1a-c97e-4dd0-a9ed-7dad7293bb3e,102561e0-8fd0-4084-b4a5-f7e0f36eda03,7c439c97-4f6f-436f-be9a-dbb99341124b","addea8d3-582b-42c8-9144-cf59d80280f0,0de58f22-0f2d-463f-a800-c5ad1fcfb4bb,2e6c3834-d2fc-42f5-9528-b7fe7081845a","cf8892df-5c82-4140-9e2b-59dc779fadad,9207cb80-8f26-43e0-894c-f9fe92a774ea",,29d7a7e6-bc1c-44eb-b0ff-bb460ae348ee,"d59c6796-a938-4b20-8ce5-3f9382d41eac,387d9dcb-827f-4e0c-887f-3d10d51284f5,bc97966b-f24c-4952-bc8b-b917594247e1",d7f050b7-b557-445d-a0c5-1d89918a915e,a93f49d5-6203-4f64-8d77-18c74a53f7a8,"bd40cb4e-f5ef-4a30-a7cc-e497b3345f96,e0410248-2b43-4409-9866-f22870ead9b5,db94b20c-8649-4aa1-af5c-2f3b7be1f047,30c1b218-7330-4a9a-b5bd-a8c8a2ecdd4e,af059aea-23f2-4793-8bdc-82c19e0ab5dd,93bb8b49-d2d7-40f4-a5e4-967df20e6171,354e8131-fbee-4a1e-9e65-b382e8b582e0,cb327c2d-25e9-4645-9a16-adf50a331ff8,be23c95d-5265-48aa-8b90-54320ec84ee2,dd32afae-8e8f-4461-a0be-1b6feb6f3bb7,644614e2-c3d6-4741-a921-b74be24d693a,a0bcc826-5d43-47fa-84b9-08c3bb65b8ef,b6bee5bc-660e-493e-9a39-850259cc2b71,6393023d-1f42-4c57-a974-5a64f8b22317,d99e7943-165f-4cef-bd72-94695d9ed511","5c7aadf4-b55d-4990-8ae7-ee4e24da590b,f2d0b50f-75a1-49d2-95cd-7762ac359268,8a1106a8-7ba0-497b-b327-454ef7d8be11,c6e638ee-b88c-4fd0-8655-0f76baf5253f,d6ca9e0e-68d6-4241-bfe5-0d42af1057f1","a8010471-c762-442b-8cc9-3308e82ed75d,e7949cae-7491-4a59-991e-3d96ecf34025,459ea88b-fb93-4ba4-bae9-97dcd2e218aa,1b4eb746-8fb9-43db-8210-795e1f15ab33,6063003d-6bfb-4912-8dd1-71656347a492,b1feb813-acac-4fee-a993-8ee98b69a39b,0d0669c4-91e6-4f8a-830d-53a9bbf8078e,50a304ad-4523-4f72-943a-68d4863d1f08,2844e9c1-dedb-402f-bbb1-b63cb821c8e8","9f2f1ccf-4374-440d-b656-8762146d1dd6,58a28411-088e-4904-bc4c-53a0b7464bcd,6aeeecc8-4bc6-498d-881d-7386f2e59d73,a4e07475-572f-48db-b2e7-5d59ea194465,5c95c463-a7e1-4bf9-a4b2-ae646aa52e20,a8fe8a9a-9e39-4ef2-ac6c-549fc2b8a9ff","ab0b246a-35fc-40d8-a8f3-24ce9ee91d80,94352132-ec5b-43b1-8405-b75409b20342",https://github.com/astropy/astropy,https://raw.githubusercontent.com/astropy/repo_stats/main/dashboard_template/astropy_banner_gray.svg,
b914ff2b-105b-49de-8cca-fd079ec6188a,da38c24f-c972-4506-90bc-6ca75e9260ef,2017-02-23,974802bb-aabb-4985-9e95-6463c41146c8,dd77b0be-c31d-4319-a8d4-1ee118c9dbc7,,,Auroral Electrojet,60a0bd7a-7f19-4637-ba21-dd04bdeb3e2d,,,"Auroral Electrojet AE-index read and plot. This software loads and plots auroral electrojet indices (AE, AU, AL, AO) from data files obtained from the AE-index data web interface at Kyoto University. The data is provided in WDC-like format as ASCII data tables.",Auroral Electrojet AE-index read and plot.,"d21c5d29-21ba-4288-bec0-8c077ac15aec,d8c3ac85-6e38-4ec9-baa6-a037b9b16d18,cfa01ea5-1be6-40fc-b8f0-96c1a866c7e0,76c9ed80-50ea-41fb-9e17-c488430fd00f,a85c510d-76d1-4c75-9b81-7ae13a36dd30",https://github.com/space-physics/AEindex,6b85306a-52cc-458a-be04-5c7d82442038,bbfd3b11-634d-4d28-8644-c12600811b6d,,25b5bc68-71f8-44d8-8216-009adffb2fc3,,8629cc22-9450-4924-b801-b96ec94c129c,,1948d1db-6e7d-4733-ae68-15fa57b8238b,,"1deefae3-ade4-414e-b586-7b015772ec14,515dae73-68bc-4030-8008-20c9eef5a01c","cfb509b2-1887-4f4c-80c8-0275b5d6b0f0,158dfa57-4adf-4b97-8c3e-ca5face9b71a,9b20b075-2f51-44e7-b6d0-5d60c72fd041,ef2d1318-5e37-4140-ae47-91df65990d65,a06141be-91d4-4b51-b597-7dab3213178a,bbd193e0-c22a-4c1d-a787-3efaa787c893,6aac037e-3f53-4ba0-b2b0-47ffd6126864,ac7f6b94-db19-4b56-9cea-8df0981fd0a5",,,,,https://github.com/space-physics/AEindex,,
428a1d93-e1a5-407b-90a4-9bb2b85e39ec,59dfd56c-cbb7-42b7-ae25-998d75fa13ff,2008-02-01,974802bb-aabb-4985-9e95-6463c41146c8,"3c43820b-198f-43ed-8263-8df835a126e2,03a8d704-8e1c-495c-89d8-43a39d22d4e4,5d6003b0-165b-4c03-96a2-1ee59884ad47,072ae84a-9650-4234-b0b2-63f5655f0754,71de82b5-5bb1-48f0-b4d1-7a66da8e1d3e,ba16f5a9-5db6-41bf-b35c-d2f651c8aaed",,,Autoplot,5ee1fae8-c863-4afb-b686-feb37463a5ba,,220254cc-0f2f-41c8-9bdc-3d0ce920eb7a,"Autoplot is an interactive browser for data on the web; give it a URL or the name of a file on your computer and it tries to create a sensible plot of the contents in the file. Autoplot was developed to allow quick and interactive browsing of data and metadata files that are often encountered on the web. For more information, see Faden et al. 2010 and introductory PowerPoint.

Autoplot was developed under the NASA Virtual Observatories for Heliophysics program in a collaborative effort among several institutions, including support or code contributions from PDS-PPI Node, RBSP-ECT, and the Radio and Plasma Wave Group at The University of Iowa.

Datasets are identified by compact URIs, and by the URI's extension data are loaded into one uniform data model (QDataSet), so the same plots, operations, and scripts apply regardless of the source. Autoplot reads complex ASCII and CSV tables, binary tables, CDF (including the ISTP/CDAWeb virtual variables), netCDF and NcML, HDF5, FITS, PDS3 and PDS4 labels, Cluster Exchange Format, Excel spreadsheets, IDLSave and MATLAB files, WAV audio, images, SPASE records, and das2 and QStream streams; it accesses remote data from CDAWeb, HAPI servers, das2 servers and federated das2 catalogs, PDS-PPI, OpenDAP, TSDS, and ordinary HTTP/HTTPS and FTP directories, and wildcards and $Y$m$d templates aggregate many files into one time series.

Data are drawn as line and scatter plots, spectrograms, stacked histograms, contours, images, polar and pitch-angle-distribution plots, orbit plots, and event bars, with interactive axes, mouse slicing of spectrograms, and export to PNG, PDF, SVG, and animated GIF. A chained operations library supplies slicing, FFT power spectra, windowing, Butterworth and median filtering, detrending, smoothing, histograms, and bin-average and other data reduction, and any displayed dataset can be written back out as ASCII, CSV, CDF, HDF5, netCDF, IDLSave, MATLAB, Excel, WAV, or das2/QStream. Jython scripting, a data-access bridge usable from IDL, MATLAB, and Python, and a servlet providing server-side graphics and a HAPI service extend Autoplot beyond the desktop application.","Interactive Java application that browses scientific data on the web: give it a URL or a filename and it reads one of many formats and produces a sensible, interactive plot.","d21c5d29-21ba-4288-bec0-8c077ac15aec,06bdcf26-0423-45d4-8cd0-71a1dd49dfa3,4ed73ccc-e12a-4009-aa2c-e40ea4c0c84a,e9bb1c0d-d4c7-4be7-be51-e3f8328be466,1dacbe62-8d60-4a7e-a1d8-ea0feba270b0,758dab69-cb35-477f-86c0-ed52606e335b,6e1dbfec-913f-4d9b-9a3f-e8a2b7f82540,d8c3ac85-6e38-4ec9-baa6-a037b9b16d18,0691c3a9-a02f-4de3-9a1c-965782ddbef9,cfa01ea5-1be6-40fc-b8f0-96c1a866c7e0,76c9ed80-50ea-41fb-9e17-c488430fd00f,402bf733-9d89-4602-b9ee-6e530d1b2836,9ba5be4d-a4db-4145-80cc-9c006d68a219,a85c510d-76d1-4c75-9b81-7ae13a36dd30,0e94fdda-aba0-468e-87c6-f8943010c7f1,5ec2f6e7-b28e-4a24-952c-0f24f6bce1b4,29cb514d-8259-4df4-833f-4e6631cd65e1,24ce2de6-0be7-448f-b5cd-b7f5b21a056c,27c3e41e-8134-42d2-92f3-b444682fc369,a52b9772-b059-4c7f-9102-c50ccd0864fd,11a33e3a-d00e-489d-9e15-a33c3b93b0b8",https://github.com/autoplot/documentation/blob/main/md/help.md,"2dc72a39-f07b-41cd-a57e-5e00d3a98448,b63e4a91-ff8e-4b71-ae6e-aea0c2971579,ca51f084-1a32-458e-8ca9-5c1c49a0b227,4e9099cf-0072-4807-8a5d-f4d03a06f09f,6b85306a-52cc-458a-be04-5c7d82442038,ed7e1c95-acef-423b-82bf-43ad6c78f333","bbfd3b11-634d-4d28-8644-c12600811b6d,ab231ba2-0ccf-4cb3-b77a-94f1aee06296,fa1963cd-6a16-49e8-abae-a8db46658b40,b82cd96d-8243-41d9-b015-03436704cdbf,c2883e1a-c97e-4dd0-a9ed-7dad7293bb3e,31039da9-c899-438c-ab18-da9733541f12,c459a631-8b02-4cc1-b546-c3ee0c7e19b9,102561e0-8fd0-4084-b4a5-f7e0f36eda03,40f6b676-efcd-4081-b495-41af7370a073,7c439c97-4f6f-436f-be9a-dbb99341124b","bbfd3b11-634d-4d28-8644-c12600811b6d,ab231ba2-0ccf-4cb3-b77a-94f1aee06296,fa1963cd-6a16-49e8-abae-a8db46658b40,c2883e1a-c97e-4dd0-a9ed-7dad7293bb3e,31039da9-c899-438c-ab18-da9733541f12,c459a631-8b02-4cc1-b546-c3ee0c7e19b9,102561e0-8fd0-4084-b4a5-f7e0f36eda03,40f6b676-efcd-4081-b495-41af7370a073,7c439c97-4f6f-436f-be9a-dbb99341124b","25b5bc68-71f8-44d8-8216-009adffb2fc3,2e6c3834-d2fc-42f5-9528-b7fe7081845a","4f6001fa-a755-4e18-82a4-a9ad869f2a5b,233d4ef1-cdbc-41c3-af6a-2d0253329427",,29d7a7e6-bc1c-44eb-b0ff-bb460ae348ee,"d59c6796-a938-4b20-8ce5-3f9382d41eac,387d9dcb-827f-4e0c-887f-3d10d51284f5,bc97966b-f24c-4952-bc8b-b917594247e1",563dce4b-b082-4496-aa0c-174abd23aa39,"515dae73-68bc-4030-8008-20c9eef5a01c,1810173f-7493-429d-a279-ab30822f1ba1,c7b4385f-af5a-4e71-9879-43b11e356cf1,25239210-9726-44a6-8748-c045c8a2436a,10e1f7b3-86ee-4acd-b21d-4cee4e3dca9f,efeb129a-3fbc-4117-8799-abc003aa4219","bd40cb4e-f5ef-4a30-a7cc-e497b3345f96,2a391fb5-43e2-46c4-8515-1c7b6017b6ac,ea4413b0-97b7-49ca-97de-ab105127215a,45049059-c369-4e54-be8b-a2d35d6f842c,6af4e4ff-ca94-4e88-a825-53c43b2b9d10,e2beef79-8312-4db0-abf2-32440274f958,93bb8b49-d2d7-40f4-a5e4-967df20e6171,3f4193a6-7483-4dcf-ac79-9793146558ee,df192e2e-7ff1-4c25-b4b9-0019c6b5faab,ded41705-3a2e-4124-ada8-441b9c2e3c1c,c8de4ad3-1e94-421f-a3f8-8823f174b3f1,f55269cb-ac4c-4b21-a4df-723eb43e932f,af0b3e41-1fb5-4d3c-8ff2-4851cc815692,e2931f65-9469-48ec-9976-ba7fd84215c0,641d7ce2-271e-4984-8004-fee81fd78fbb,60b588d5-8f11-487f-830a-8fa46f2571bb,527db8f6-dddd-4e7a-8f84-f081f09fe924,52853e5a-c8ba-4ce8-9875-8120bee89742,b2c75140-07b4-45be-ada7-0f5e0bec0033,c79fdbb6-60b9-40eb-b08e-ab3e4870dfaa,61dec726-3ed1-42fd-b66d-2037dacb8ab5","3c772c19-3ff9-4585-b42e-9b5b3758ad16,edbb704b-a785-4fb5-a862-659e4add317c,abc39bd7-a5f0-448e-a47d-a5c3e9f34dba","30522db5-ac74-478c-b55e-ec518e127507,abc39bd7-a5f0-448e-a47d-a5c3e9f34dba,3a3324f5-47cc-4f73-9607-1ed6976377b8,38b69d85-b71b-4193-a14f-11d6569b82c7,135e3a5c-1986-4773-87db-db1ab69dfeb1",a4e07475-572f-48db-b2e7-5d59ea194465,0842077a-882d-4fc7-b441-c50848e01998,https://github.com/autoplot/autoplot,https://autoplot.org/Logo96.png,73b7fe8c-ee03-46eb-83d8-0ce77956245a
aade4249-dedf-4938-9ad1-432553bf0c36,da38c24f-c972-4506-90bc-6ca75e9260ef,2017-06-29,ee990b81-8115-4ab4-8a7f-68a4d0bb345d,"bede8ae3-bc2f-4b0d-960a-2eef7f14e6d8,9216cf52-d2bb-46ba-857a-049d0a574f22,ba49d98a-aa7b-479d-9bee-b1eaf30b7c53,f5f21e0b-7ffe-478f-a45b-e79ef6f4d9f6,87bcaf85-dcdb-47c8-806c-9e2acbef3e3a",,,CCSDSPy,31fe0167-b537-486d-a8b2-335f573fa42d,https://doi.org/10.5281/zenodo.7819990,,"I/O interface and utilities for CCSDS binary spacecraft data in Python. Library used in flight missions at NASA, NOAA, and SWRI. CCSDSPy provides a Python interface for reading and writing the tightly packed bits of the Consultative Committee for Space Data Systems (CCSDS) Space Packet Protocol, the low-level telemetry format used by many NASA and ESA missions. Users describe a packet's layout declaratively with PacketField and PacketArray objects — or load that layout from a CSV definition file — and CCSDSPy decodes a binary telemetry file into a dictionary of NumPy arrays using vectorized shifting and masking. The FixedLength class handles packets whose layout never changes, while the VariableLength class handles packets containing a field that expands to fill the packet or whose length is set by another field. Fields need not be byte-aligned and may have odd bit lengths, unsigned or signed integer, IEEE floating point, string, or fill types, and big-endian, little-endian, or arbitrary byte orderings. A converter system applies post-processing to decoded fields, including linear and polynomial calibration curves, integer-to-string enumeration replacement, datetime construction from coarse and fine time offsets against a reference epoch, and byte stringification in binary, hexadecimal, or octal. Utility functions read primary headers, split a mixed-APID downlink stream by APID (also available as a `python -m ccsdspy split` command line tool), iterate over or count packets, and validate a packet file for truncation, extra bytes, unknown APIDs, and missing or out-of-order sequence counts. Both packet classes can also write synthetic CCSDS packet files from user-supplied arrays for testing and validation. The library is pure Python, is developed with requirements sourced from the community, is extensively tested, and is a Python in Heliophysics Community (PyHC) package.","I/O interface and utilities for CCSDS binary spacecraft data in Python. Library used in flight missions at NASA, NOAA, and SWRI.","d21c5d29-21ba-4288-bec0-8c077ac15aec,948d2160-3c88-4045-89f4-7b5bb11198c5,9852ca3f-b8fc-4665-a990-465072ec4379,d8c3ac85-6e38-4ec9-baa6-a037b9b16d18,555161bf-13d6-4909-b2d5-6c87d584de24,d75e9971-7b83-40c6-a1d2-0a59d386c945,3ea4461a-8565-4eb7-a614-e65fe8c96e98,bb413141-8464-45bf-9fda-82cb836af87e",https://docs.ccsdspy.org/en/latest/,ed7e1c95-acef-423b-82bf-43ad6c78f333,"fa1963cd-6a16-49e8-abae-a8db46658b40,7c439c97-4f6f-436f-be9a-dbb99341124b",7c439c97-4f6f-436f-be9a-dbb99341124b,"addea8d3-582b-42c8-9144-cf59d80280f0,25b5bc68-71f8-44d8-8216-009adffb2fc3,0de58f22-0f2d-463f-a800-c5ad1fcfb4bb,2e6c3834-d2fc-42f5-9528-b7fe7081845a","1c651e0e-cada-4a74-b87f-704d3a030ae1,23d7edb6-8933-463a-8412-d8c19c9bb8b5",,29d7a7e6-bc1c-44eb-b0ff-bb460ae348ee,"d59c6796-a938-4b20-8ce5-3f9382d41eac,387d9dcb-827f-4e0c-887f-3d10d51284f5,1948d1db-6e7d-4733-ae68-15fa57b8238b,bc97966b-f24c-4952-bc8b-b917594247e1",d7f050b7-b557-445d-a0c5-1d89918a915e,"515dae73-68bc-4030-8008-20c9eef5a01c,a93f49d5-6203-4f64-8d77-18c74a53f7a8,c8168919-8394-4690-96c1-f686edbaaba5,ab8390b8-312d-4c69-b1bd-54993d31dbe4,e9772970-d2a5-4617-97c9-43906ee43bc0,757ff86d-708f-4f2d-8782-71ab39af4ab9","dbb4f161-e068-424c-8943-f35f053403a9,bf78ea45-9c53-42ab-96b1-db056b12c2c9,65e77135-07a0-4124-969a-f585e2defaa6,a6c31435-2d69-4991-8073-efbdf4e6ccee,1d4fdf94-a85a-448e-be83-c5dfa24d45dd,a5e307ab-2e31-455c-a29c-4d5b99580a9a,a06141be-91d4-4b51-b597-7dab3213178a,e0e47e8f-eb01-4a48-b02f-cb288a3ad43a,817fb6c6-4a49-4a30-b9c2-31edec30dcf2,0b40bbce-7296-460f-99d5-02a3b1b652b4,ad76434e-2ad3-4932-b62c-ba0bc65ff078,b624b3b8-f7b0-451c-b4a2-ca68d5587687,4d6a1fcb-4a48-4bb8-ac16-e47941708b4f,644614e2-c3d6-4741-a921-b74be24d693a,a0bcc826-5d43-47fa-84b9-08c3bb65b8ef,1f629abd-fc09-4079-a895-d77de362d60c,4631c05e-f577-485e-abec-1694f57b5f77,2d235849-c4a8-4d4d-9404-a19d3251ce65,c2262f18-b5e2-48b8-8682-f9cf5a087d31,ac7f6b94-db19-4b56-9cea-8df0981fd0a5",be4c199e-08e2-46ca-8e34-90a1cb044a55,f7a5284c-6658-4d2d-9998-979f66b525ce,a4e07475-572f-48db-b2e7-5d59ea194465,,https://github.com/ccsdspy/ccsdspy,https://docs.ccsdspy.org/en/latest/_static/logo.png,
11cb7b68-cfe7-4d6c-84ed-af5ab071e74c,da38c24f-c972-4506-90bc-6ca75e9260ef,2017-09-11,ee990b81-8115-4ab4-8a7f-68a4d0bb345d,"83be1bd8-e308-46dc-bd46-f4e707318ed5,88a34c1d-7084-4822-9313-52bd15051759,52da8ed1-f691-46f3-9827-6800e0e0bfd7,e4e0a206-e0d2-4121-ba3f-675964f4f777,35abf890-8b3f-4934-9095-dd90d90b7f3a,dd897bae-9576-43ba-95da-4e5f5f31b869,d866fbe3-3385-4489-bb26-f7b0e61143cc,aacd6651-4533-4b3e-a7de-b1c4c917f77a,da4c6b94-f422-4ed7-9f75-d9ccd577ccdd,dd77b0be-c31d-4319-a8d4-1ee118c9dbc7,dfb6b6ed-8e16-4225-88be-a5c0616acfa5,beba2566-9423-4a50-937d-334cfcf8b9b7,40dc8b1f-5f68-4bbe-9652-b1f65d4953a6,67c788db-bec5-49da-8292-421c6af8542b,fb226e1e-c094-429c-ae96-7590c98410c7",,,CDFlib,42e864e2-fde3-4786-bec3-aa938619f13c,https://doi.org/10.5281/zenodo.1481144,,"cdflib is a pure-Python implementation of NASA's Common Data Format (CDF) for reading and writing CDF files. It is not a set of bindings around the NASA CDF C library: the core depends only on NumPy, so there is nothing to compile and no external library to install. cdflib reads variables, global attributes and variable attributes from CDF version 2 and version 3 files held on local disk, behind an HTTP/HTTPS URL, or in an S3 bucket (including chunked byte-range reads), transparently decompressing GZIP- and RLE-compressed files and optionally validating their MD5 checksums. It writes CDF version 3 files, with optional per-variable and whole-file compression and checksums. Its cdfepoch module converts between the CDF time types (CDF_EPOCH, CDF_EPOCH16 and CDF_TT2000) and ISO 8601 strings, NumPy datetime64 values, Unix timestamps and broken-down date components, using a bundled leap-second table; an optional astropy backend exposes the same conversions as astropy Time formats. Optional xarray helpers convert a CDF file into an xarray Dataset and write an xarray Dataset back out as a CDF, checking and filling in ISTP-compliant metadata in both directions, which also makes netCDF-to-CDF conversion straightforward.",Read or write CDF files in Python,"d21c5d29-21ba-4288-bec0-8c077ac15aec,e9bb1c0d-d4c7-4be7-be51-e3f8328be466,758dab69-cb35-477f-86c0-ed52606e335b,d8c3ac85-6e38-4ec9-baa6-a037b9b16d18",https://lasp.github.io/cdflib/,"6b85306a-52cc-458a-be04-5c7d82442038,52af0f1d-3ca9-4362-b10e-f4ae4d69eddc","ab231ba2-0ccf-4cb3-b77a-94f1aee06296,c459a631-8b02-4cc1-b546-c3ee0c7e19b9","ab231ba2-0ccf-4cb3-b77a-94f1aee06296,c459a631-8b02-4cc1-b546-c3ee0c7e19b9",25b5bc68-71f8-44d8-8216-009adffb2fc3,,,29d7a7e6-bc1c-44eb-b0ff-bb460ae348ee,"d59c6796-a938-4b20-8ce5-3f9382d41eac,387d9dcb-827f-4e0c-887f-3d10d51284f5,1948d1db-6e7d-4733-ae68-15fa57b8238b,bc97966b-f24c-4952-bc8b-b917594247e1",eef6c156-35b4-433f-8d6d-2c3b5005347d,,"2a391fb5-43e2-46c4-8515-1c7b6017b6ac,0f4106a3-86e8-44d9-b918-1e628d6093d7,b3421578-f847-4836-8dcf-66304a510f94,50b5b1b8-a55d-4ec0-b110-177c6ca4c84d,0855ac1d-e554-42db-be3e-103665a094bb,96087f22-4a57-4b73-a13e-153bc7b6a523,c7832fde-8d0a-489a-87ae-b65ce7d5efd2,641d7ce2-271e-4984-8004-fee81fd78fbb,60b588d5-8f11-487f-830a-8fa46f2571bb,ac3716e9-e86e-480c-aa7a-ac90b8e53e16","9fa69852-1527-461e-b8a1-0a20e53a536f,c4c0d71f-2190-462e-a98a-502b80c09ba3,1e55178a-8e21-44e3-bf61-72bc6a53c305","175c0df4-eb7f-4c4e-9577-89a2093b9c92,4139ec71-ce86-4902-a231-8c7c5098508a",,,https://github.com/lasp/cdflib,,
6ad99ded-e693-4660-a1c5-86ead53a9bcf,"b36db5d9-bb03-41a8-a606-da018371d891,51a1fc70-701b-4de4-b4bc-e65991e63599,da38c24f-c972-4506-90bc-6ca75e9260ef",2018-06-08,ee990b81-8115-4ab4-8a7f-68a4d0bb345d,8d4308f8-b2e7-4cc2-a7df-6cb0bb82fbce,,,CESM,5db1f743-e612-416f-a1b5-5accd43a21db,https://doi.org/10.5281/zenodo.11229775,2434a884-5299-467d-8e08-f708e43e4079,"The Community Earth System Model (CESM) is a fully coupled, community-developed global Earth system model that provides state-of-the-art computer simulations of Earth's past, present and future climate states. CESM simultaneously simulates the atmosphere (CAM), ocean (MOM6, previously POP2), land surface (CTSM/CLM), sea ice (CICE), land ice (CISM), river runoff (MOSART, mizuRoute, RTM) and ocean waves (WW3), exchanging fluxes through a central coupler/mediator (CMEPS) built on the ESMF/NUOPC interfaces. Any component can be replaced by a data or stub version (CDEPS) so that individual subsystems can be studied in isolation or driven by observations and reanalyses. Experiments are selected as ""compsets"" that span pre-industrial control, historical, CMIP6 DECK and future SSP scenario simulations, as well as initialized seasonal-to-multiyear prediction (SMYLE) and large-ensemble configurations. The Whole Atmosphere Community Climate Model (WACCM) and its thermosphere/ionosphere extension WACCM-X are CESM atmosphere configurations that raise the model top from the troposphere and stratosphere into the mesosphere, thermosphere and ionosphere, making CESM applicable to whole-atmosphere and sun-climate research in addition to tropospheric climate. This repository is the top-level CESM code base: rather than containing component source directly, it pins an exact version of every external component, the CIME case control system and the supporting libraries, so that a single checkout plus ./bin/git-fleximod update reproduces a specific CESM tag. CESM is written mostly in Fortran with a Python and Perl scripting layer, requires a Fortran 2003 compiler, MPI, NetCDF 4.3 or newer and LAPACK/BLAS, reads and writes netCDF, and is designed to run on Unix-like high-performance computing systems.","A fully coupled, community global Earth system model of the atmosphere, ocean, land, sea ice, land ice, rivers and waves, whose WACCM/WACCM-X configurations reach the thermosphere and ionosphere.","ff3b7502-07f2-4652-95bd-692557553cdb,25f0a6a8-ec49-4827-8d6f-b4524c237475,475f62e3-13dd-48a4-a01c-508cb306d7ca,7e6ed025-dbdb-446a-b6de-6ea964042972,f180354f-b0ad-49db-bdd9-4304733943f2,e886b84a-8504-4387-866b-560f26ed847e,f7b38a8f-3117-49a5-89b2-a66930c7ca4b,62d9ee10-eb34-4270-9da6-a7025828f286,d21c5d29-21ba-4288-bec0-8c077ac15aec,4ed73ccc-e12a-4009-aa2c-e40ea4c0c84a,0d73637b-dd27-411b-bc6e-8dc424c51a6f,e9bb1c0d-d4c7-4be7-be51-e3f8328be466,d8c3ac85-6e38-4ec9-baa6-a037b9b16d18,76c9ed80-50ea-41fb-9e17-c488430fd00f,402bf733-9d89-4602-b9ee-6e530d1b2836,a85c510d-76d1-4c75-9b81-7ae13a36dd30,27c3e41e-8134-42d2-92f3-b444682fc369,6ec2b9b4-0793-4c08-91c1-2bb2dce44a7a",https://escomp.github.io/CESM/,"ca51f084-1a32-458e-8ca9-5c1c49a0b227,6b85306a-52cc-458a-be04-5c7d82442038","bbfd3b11-634d-4d28-8644-c12600811b6d,40f6b676-efcd-4081-b495-41af7370a073,7c439c97-4f6f-436f-be9a-dbb99341124b","bbfd3b11-634d-4d28-8644-c12600811b6d,40f6b676-efcd-4081-b495-41af7370a073,7c439c97-4f6f-436f-be9a-dbb99341124b","777b21b2-8113-4126-bd7b-41566c66022e,2e6c3834-d2fc-42f5-9528-b7fe7081845a","19e6b527-2c07-4a7f-a7e4-fcaae8b91165,f6945176-a612-414a-a2f8-6b91eb8e5804,5f0898a3-12ef-4877-b776-29def98be165,b85dd024-b41a-41bd-96bb-0849c3a485d8",102715ee-58a7-4613-8b1d-b1f524963451,29d7a7e6-bc1c-44eb-b0ff-bb460ae348ee,"d59c6796-a938-4b20-8ce5-3f9382d41eac,387d9dcb-827f-4e0c-887f-3d10d51284f5,92c6542d-4389-4c94-98a5-c32e68a0bbe9",5b5c9928-9f83-4528-b96a-bd87a1598816,"1deefae3-ade4-414e-b586-7b015772ec14,e9772970-d2a5-4617-97c9-43906ee43bc0,ab8390b8-312d-4c69-b1bd-54993d31dbe4,c8168919-8394-4690-96c1-f686edbaaba5","ab6ae3c5-c2df-4742-a396-96d6cf69fcb0,104972c0-24b4-43aa-9ffc-e589c0e9fed7,62ca6e94-1143-487f-b82e-87351a31c5ac,c99b4b77-b458-45b5-80bb-b858cb263a68,d58c9908-14a0-4187-b41c-61a27d5fe4d8,0a91a517-4a65-497c-bc19-e3822c79fd58,31703528-a493-471a-9880-2c67b2355c5a,000a211b-15df-4d6b-b679-daaf781b99bb,44221020-2836-4bb7-8dbf-e1b3574a78d6,b2ff7b6c-c893-45b6-97d9-567068c7700b,a06141be-91d4-4b51-b597-7dab3213178a,de0d163c-25c9-48de-99c3-d4ba802dde20,62b7385a-10a7-4dd2-bc72-d8c6347f0537,6aac037e-3f53-4ba0-b2b0-47ffd6126864,b1e33919-f808-459b-9965-4cc0c1421470,62a0f056-f204-4c5d-8176-0a9a30238256,29714764-041e-4bb7-86be-a52444afaf56,fc062896-5b9f-4360-aed3-6501c64a2eae,ac7f6b94-db19-4b56-9cea-8df0981fd0a5,b95cabe0-b5f4-4fd0-895f-2a335f560048,81d4a871-ad99-4953-b11b-30b0e1758e5e,141fdfda-0d6d-4d78-94b9-53245e2571d5","5613dd5c-d07d-4a0b-bfea-59d05d6d0ca4,d10bbaa0-2515-4c16-aeba-8d74afc5e4a2,fd313b47-015f-4c56-9824-1da7f6e16eaa,f203c99a-b930-44d3-bb15-6798e8b8e991,b9c05425-4987-4dfd-beed-56f49daee629,a2384347-4916-465d-aee8-56924ffa9c3b,a1ef2b6f-bedc-448e-bf54-7c4927ffa102,9df938ba-1238-4ec5-865c-1c0d53737ff0,080564ae-cd2c-4366-9917-798d551bae02,24e01278-85bb-4631-9003-13c90692cfc6,a5fad69c-a285-4026-8c2d-a0e64ed01fb2,3ce54ff0-c52b-4ecd-9a4c-8478c60a976d,497c905d-61e5-41b7-b49e-a02d0f44c5ce,bc9dcb45-b6dd-4fd8-a3c4-2dd27381b68d,5c8a5d42-442e-401a-9fac-811deb2d87e1","da79095f-f335-4346-b4b8-e71d28269a23,8cca5a58-105d-457e-8883-ee4be3f97a73,fd96cb91-516a-4fa5-8e16-6aa0577d8a29,5ba0dda7-e40b-4eee-95b4-79d08eec37b5,031eafcb-1dc7-41ff-a6cb-50edd045a821","a4e07475-572f-48db-b2e7-5d59ea194465,6ade9b08-e66f-4c97-a1e7-42274ec78bba,fc9335f0-4d9a-4a3e-901c-b1a027874c1d,d5a4780e-bb5f-4a1c-8ce0-641a66110ac5",,https://github.com/ESCOMP/CESM,,
a7f6fd15-9b3c-4cae-a029-0da92222f465,da38c24f-c972-4506-90bc-6ca75e9260ef,2023-05-31,974802bb-aabb-4985-9e95-6463c41146c8,"83be1bd8-e308-46dc-bd46-f4e707318ed5,ba65daa9-b248-4e2d-95b8-c38ce94d0598,67fea142-ca76-4d32-a499-659895194b14,9e38bfeb-0d87-4585-a031-640e4e4dade6",,,CloudCatalog,b9b5511a-1cd1-4821-a51e-720243ab1657,,f619a5c8-aa42-47c2-8d50-e9990bea0c62,"CloudCatalog specification and API for providing and accessing cloud data
API for accessing the generalized CloudCatalog (cloudcatalog) specification for sharing data in and across clouds
Indexing millions of files for easy, searchable yet serverless and decentralized access is hard.  CloudCatalog is a lightweight CSV- and JSON-based indexing schema enabling HAPI-like ""data ID + time range"" queries on massive cloud datasets, and includes an implementation of the API and support tools in Python. Key goals include that (1) data owners control their own indices, (2) indices are static files to avoid incurring server costs, (3) searching is efficient and (4) indices are easily constructable and maintainable by the scientists/data-owners (the 'lazy' part). In addition to the FAIR principles of findability, accessibility, interoperability, and reusability, it is serverless and decentralized so that contributors can publish and update their open science data without the worries of external gatekeeping or server maintenance.
CloudCatalog is a generalized indexing specification for large cloud datasets.
The push to open science means many more published datasets, and finding and accessing is important to solve. CloudCatalog is an indexing method for sharing big datasets in cloud systems. It is scientist-friendly and it is easy to generate a set of indices. It uses static index files in time-ordered CSV format that are easy to fetch, easy to access via an API, and very low cost in both money and bandwidth needed to support. Metadata is kept in a simple JSON schema. We also provide a Python client toolset for scientists to access datasets that use CloudCatalog.
The CloudCatalog specification and tools are open source, created by the HelioCloud project, and already used for 2 Petabytes of publicly available NASA and scientist-contributed data. We hope the community continues to adopt this CloudCatalog standard (in github, linked off heliocloud.org).
* For sharing datasets across cloud frameworks
* Decentralized: data owners control their own data and access
* RESTful & serverless (indices are flat files alongside their datasets)
* Removes need for doing slow/expensive disk ‘ls’ on large holdings
* Global registry JSON points to owner-controlled ‘buckets’
* Uses minimal JSON to list metadata, CSV files for indices
* Searchable
* Public specification here on GitHub.
The API is designed for retrieving file catalog (index) files from a specific ID entry in a catalog within a bucket. It also includes search functionality for searching through all data index catalogs found in the bucket list.
We also include command-line tools for creating and viewing the networked catalogs: cloudcatalog-tree lists all toplevel datasets and the number of dataIDs available; cloudcatalog-spider adds valid years and the number of files; cloudcatalog-update-json updates catalog.json using metadata from catalog_stub.json; cloudcatalog-update-csv updates catalog.json using metadata from cat.csv; cloudcatalog-gui provides a GUI for selecting files for cloudcatalog-update-json; and cloudcatalog-manifest2indices converts an AWS Manifest.csv to individual [dataID]_[YYYY].csv indices. The package also includes validators that check catalog.json files and dataset indices against the CloudCatalog specification.",A Python package for retrieving cloud data file catalogs/indices,"d21c5d29-21ba-4288-bec0-8c077ac15aec,e9bb1c0d-d4c7-4be7-be51-e3f8328be466,758dab69-cb35-477f-86c0-ed52606e335b,d8c3ac85-6e38-4ec9-baa6-a037b9b16d18,27c3e41e-8134-42d2-92f3-b444682fc369,11a33e3a-d00e-489d-9e15-a33c3b93b0b8,a52b9772-b059-4c7f-9102-c50ccd0864fd",https://github.com/heliocloud-data/cloudcatalog,"6b85306a-52cc-458a-be04-5c7d82442038,52af0f1d-3ca9-4362-b10e-f4ae4d69eddc","fa1963cd-6a16-49e8-abae-a8db46658b40,102561e0-8fd0-4084-b4a5-f7e0f36eda03","fa1963cd-6a16-49e8-abae-a8db46658b40,102561e0-8fd0-4084-b4a5-f7e0f36eda03,7c439c97-4f6f-436f-be9a-dbb99341124b",25b5bc68-71f8-44d8-8216-009adffb2fc3,f7f83811-07c6-4c6f-b267-29070b6911e8,2bf342c9-da1d-4af6-b617-79260b3cd49b,29d7a7e6-bc1c-44eb-b0ff-bb460ae348ee,1948d1db-6e7d-4733-ae68-15fa57b8238b,eef6c156-35b4-433f-8d6d-2c3b5005347d,"1deefae3-ade4-414e-b586-7b015772ec14,515dae73-68bc-4030-8008-20c9eef5a01c,757ff86d-708f-4f2d-8782-71ab39af4ab9,c7b4385f-af5a-4e71-9879-43b11e356cf1,a93f49d5-6203-4f64-8d77-18c74a53f7a8","f17cf2c4-7b5c-419c-8ae3-2add8fc652dd,76b8eac5-750d-4fd9-85a7-bcc1ecc60091,5fbb1468-d89a-4e8e-a13f-74909229cf93,a10e5067-2a90-4560-8f5c-8c42e5736357,4ad5b5db-d547-4fb8-a4e8-24af83066032,6d5fde02-72ca-4635-9dd4-a1876654edaf,b43adce8-73c1-4753-9832-edb3c2b7e466,933cfc5f-58e8-40be-99f4-1312da10296e,117d3245-f2e3-42a4-a199-824f2d4d54dd,c8de4ad3-1e94-421f-a3f8-8823f174b3f1,b5b9f618-45cb-4e23-afab-6d03bbd8c0e8,5fb17ea3-b3a7-4c76-b772-177c5074a510,17cc1190-514d-4a82-8483-2c3137e34ba9,2e834d30-38c1-40f6-95a5-aeca0df7fa3f,4d6a1fcb-4a48-4bb8-ac16-e47941708b4f,daaf633f-d448-44dc-9a13-eae1860d2f5f,709d474d-9797-4f15-98db-ee85068ae9e6","28d41616-887b-490b-b821-3484095cb0de,0648b1e5-a448-491a-9b64-a02509bdf2da,d9554b15-4357-4656-8c63-15c7d2c81a41",5848c1bf-25d0-4cf7-ab8c-472de8dd9567,,,https://github.com/heliocloud-data/cloudcatalog,,
abb7adf0-cc3e-4734-ac67-20a562f83c33,da38c24f-c972-4506-90bc-6ca75e9260ef,2016-02-03,ee990b81-8115-4ab4-8a7f-68a4d0bb345d,"dd77b0be-c31d-4319-a8d4-1ee118c9dbc7,019bba7e-4f60-4fb8-8e90-4610c5ed2307",a76d873b-2b24-4ee6-8df3-9b8547989efd,bd09f69a-64f8-485b-a5b7-a97dc896a090,DASCutils,53d5a345-0e21-4774-b994-876f2f30b95d,https://doi.org/10.5281/zenodo.595465,,"Digital All Sky Camera utilities for the University of Alaska Geophysical Institute cameras. This software provides utilities for plotting, saving, and analyzing data from the Poker Flat Research Range Digital All Sky Camera and other locations. It reads FITS format all-sky camera images, performs spatial calibration using azimuth/elevation plate scale data, supports map projection to specified altitudes for auroral and airglow analysis, converts FITS image stacks to HDF5 format with lossless compression, and creates visualizations including movies and projected images. The software handles corrupted FITS files from the 2013 RAID array failure and supports multi-wavelength image analysis for scientific studies of aurora and airglow phenomena.","Digital All Sky Camera utilities for U. Alaska Geophysical Institute cameras, supporting image reading, calibration, projection, format conversion, and visualization.","ab45d6f4-403d-4528-9246-d2139db5bc72,d21c5d29-21ba-4288-bec0-8c077ac15aec,9852ca3f-b8fc-4665-a990-465072ec4379,e9bb1c0d-d4c7-4be7-be51-e3f8328be466,758dab69-cb35-477f-86c0-ed52606e335b,6e1dbfec-913f-4d9b-9a3f-e8a2b7f82540,d8c3ac85-6e38-4ec9-baa6-a037b9b16d18,76c9ed80-50ea-41fb-9e17-c488430fd00f,402bf733-9d89-4602-b9ee-6e530d1b2836,0e94fdda-aba0-468e-87c6-f8943010c7f1",https://github.com/space-physics/dascasi,"ca51f084-1a32-458e-8ca9-5c1c49a0b227,6480ff1c-f70f-4b8b-a70a-327bcc158f99","b82cd96d-8243-41d9-b015-03436704cdbf,c2883e1a-c97e-4dd0-a9ed-7dad7293bb3e","c2883e1a-c97e-4dd0-a9ed-7dad7293bb3e,7c439c97-4f6f-436f-be9a-dbb99341124b",25b5bc68-71f8-44d8-8216-009adffb2fc3,,,,"d59c6796-a938-4b20-8ce5-3f9382d41eac,387d9dcb-827f-4e0c-887f-3d10d51284f5,bc97966b-f24c-4952-bc8b-b917594247e1",,1deefae3-ade4-414e-b586-7b015772ec14,"2033f602-c828-46f5-8b11-b0b7c82e04ab,c882ea88-d97e-4c1d-8e87-457bf7ed98d1,7b964481-b454-48dc-9ea6-79bf5b1e5f92,158dfa57-4adf-4b97-8c3e-ca5face9b71a,bf78ea45-9c53-42ab-96b1-db056b12c2c9,11439a17-15c6-4ea0-806a-6855e94df885,93bb8b49-d2d7-40f4-a5e4-967df20e6171,c210a733-c77f-409f-9999-f20441eb3e40,a06141be-91d4-4b51-b597-7dab3213178a,6aac037e-3f53-4ba0-b2b0-47ffd6126864,ac7f6b94-db19-4b56-9cea-8df0981fd0a5","175c0df4-eb7f-4c4e-9577-89a2093b9c92,b35796e5-c290-412b-b9b5-0e7d80d2a89a,4139ec71-ce86-4902-a231-8c7c5098508a,49a3bb73-4c8f-4383-9f84-62564f70fc2a",,,,https://github.com/space-physics/dascasi,,
3bc8f1b6-1b44-4d82-85d9-3ea9d98fe848,"1af99bfc-2061-4583-9cf3-33df280a7ea8,da38c24f-c972-4506-90bc-6ca75e9260ef",2015-10-26,ee990b81-8115-4ab4-8a7f-68a4d0bb345d,dd77b0be-c31d-4319-a8d4-1ee118c9dbc7,,bd09f69a-64f8-485b-a5b7-a97dc896a090,Digital Meridian Spectrometer,621382b1-8824-423a-b638-b639c8cd3762,https://doi.org/10.5281/zenodo.596378,,"Load and plot UAF Geophysical Institute Digital Meridian Spectrometer data from Poker Flat Research Range. The software handles spectral data from a ground-based meridian scanning photometer that measures auroral emissions at multiple wavelengths, including 427.8 nm N2+, 486.1 nm H-beta, 520.0 nm [NI], 557.7 nm [OI], 630.0 nm [OI], and 670.0 nm N2. It supports both historical NetCDF3 format .PF files from 1983-2010 and current NetCDF4 format .NC files from 2011-present. The software provides data loading functions that return xarray.Dataset objects with time-elevation-intensity arrays, along with visualization capabilities including spectrograms and line plots. The library includes both Python and MATLAB interfaces.","Load and plot UAF Geophysical Institute Digital Meridian Spectrometer data from Poker Flat, with NetCDF3/4 auroral spectral measurements.","d21c5d29-21ba-4288-bec0-8c077ac15aec,d8c3ac85-6e38-4ec9-baa6-a037b9b16d18,76c9ed80-50ea-41fb-9e17-c488430fd00f,402bf733-9d89-4602-b9ee-6e530d1b2836,a85c510d-76d1-4c75-9b81-7ae13a36dd30,29cb514d-8259-4df4-833f-4e6631cd65e1",https://github.com/space-physics/digital-meridian-spectrometer,"ca51f084-1a32-458e-8ca9-5c1c49a0b227,6480ff1c-f70f-4b8b-a70a-327bcc158f99",40f6b676-efcd-4081-b495-41af7370a073,,25b5bc68-71f8-44d8-8216-009adffb2fc3,,33022910-b77e-4a88-bf63-f44fff0d4dd3,,"d59c6796-a938-4b20-8ce5-3f9382d41eac,1948d1db-6e7d-4733-ae68-15fa57b8238b",,"1deefae3-ade4-414e-b586-7b015772ec14,515dae73-68bc-4030-8008-20c9eef5a01c","158dfa57-4adf-4b97-8c3e-ca5face9b71a,bc60ddb6-b39e-46e1-95a6-ba99a381d2e6,365ed46a-b2f4-4616-86ce-9c8eeacac7fb,bbd193e0-c22a-4c1d-a787-3efaa787c893,ff7870ce-2de0-4602-8f16-b75927adea91,641d7ce2-271e-4984-8004-fee81fd78fbb,0f9e5f06-4619-43dc-8495-69e59ae87c30,4d6a1fcb-4a48-4bb8-ac16-e47941708b4f,1fe692ab-c81d-49ff-947d-a64bf9e42524,4c9c357f-a11b-4ede-b32c-46bac8532a13","acfdd22c-a6e0-4038-bbbc-a49c7154af60,15b2b5c4-74ab-4302-bca8-ec89ec347850,585072f1-a1cf-4f4e-94ac-f18f56388660,4139ec71-ce86-4902-a231-8c7c5098508a,8ff5fa26-147e-4ace-971e-7a4131cc6b14","4139ec71-ce86-4902-a231-8c7c5098508a,38b69d85-b71b-4193-a14f-11d6569b82c7",,,https://github.com/space-physics/digital-meridian-spectrometer,,
68f29968-0830-437d-a249-ba47ac22b0b4,da38c24f-c972-4506-90bc-6ca75e9260ef,2020-03-27,ee990b81-8115-4ab4-8a7f-68a4d0bb345d,"083cedc3-89ed-4029-b0ca-4e84cd4a2797,d481892b-2d3f-4493-a2ae-82d36e99d481,e1046dae-82c8-4d6c-93a4-b126f6fcfbf9,3285706a-d2d4-40d7-81ee-f9fbd1772bdf,815abe08-e75b-4c4c-9750-9f4d1ed4aeaa,2c31422d-505f-4e3c-a26f-ef56842b1a0c,9a38e66a-fa96-4b83-aa1e-d6621e936a94,76d584d3-0006-423c-bfe2-03e6ed7bee2b,5543956f-39bf-41cf-8fe6-4ab41d39ee7b,7ed82663-5e83-47b8-9cf7-79dacbcbe0c1,d39ff668-e377-46e4-be48-2cc11b1802d9,de7c0779-16ad-4710-83fe-433ebcb2b5c7,8d351876-3132-456a-a9bb-83f9b37ae1db,7448f385-5f7f-4543-be58-4fd4985d2672",,1bda2f03-7cd3-4df5-93ae-fe5af2910ba6,DKIST User Tools,6af92d85-a177-42c6-83c0-3decac8e1f2d,https://doi.org/10.5281/zenodo.18494047,,"A Python library for obtaining, processing and interacting with calibrated DKIST data. The dkist package is developed by the DKIST Data Center team and provides DKIST-specific functionality as plugins and extensions to the wider sunpy and scientific Python ecosystem. It provides a sunpy Fido client for searching the DKIST Data Center's dataset inventory, helpers for transferring Level 1 files from the Data Center over Globus, and downloads of dataset metadata (ASDF), quality reports and preview movies. Loaded data are represented by the Dataset class (a subclass of ndcube's NDCube), by TiledDataset for mosaicked data such as VBI, and by the experimental Inversion and Profiles classes for Level 2 inversion products. Each is backed by a Dask array assembled lazily from the many FITS files that make up a dataset, together with a gWCS coordinate description, the full table of FITS headers, and the dataset inventory record. Datasets can be sliced, cropped, rebinned, masked, plotted as images, animated slider plots, line plots and tiled mosaics, and saved back out to ASDF.","DKIST User Tools are software packages that enable scientific use of Daniel K. Inouye Solar Telescope data, helping researchers discover, access, calibrate, visualize, and analyze DKIST data products.","ab45d6f4-403d-4528-9246-d2139db5bc72,1f890d25-4f74-4166-b2e5-76d3367bb5d6,75fcec59-681d-48be-95ee-b2454aab57b4,d21c5d29-21ba-4288-bec0-8c077ac15aec,06bdcf26-0423-45d4-8cd0-71a1dd49dfa3,e9bb1c0d-d4c7-4be7-be51-e3f8328be466,1dacbe62-8d60-4a7e-a1d8-ea0feba270b0,d8c3ac85-6e38-4ec9-baa6-a037b9b16d18,76c9ed80-50ea-41fb-9e17-c488430fd00f,402bf733-9d89-4602-b9ee-6e530d1b2836,9ba5be4d-a4db-4145-80cc-9c006d68a219,a85c510d-76d1-4c75-9b81-7ae13a36dd30,8b47109e-5f73-4edc-8668-9c4f738684c6,0e94fdda-aba0-468e-87c6-f8943010c7f1,555161bf-13d6-4909-b2d5-6c87d584de24,2f488d8c-dd92-4deb-bad8-7377d1d12b48,8dc2735d-5b15-441c-99a3-5138ed6fcf8d,91828430-8646-47d7-8098-0a9724e26c23,967e8bdb-795d-4f4e-806a-c0eaad2ff22c",https://docs.dkist.nso.edu/projects/python-tools/en/stable/,"6b85306a-52cc-458a-be04-5c7d82442038,6480ff1c-f70f-4b8b-a70a-327bcc158f99","b82cd96d-8243-41d9-b015-03436704cdbf,102561e0-8fd0-4084-b4a5-f7e0f36eda03,7c439c97-4f6f-436f-be9a-dbb99341124b",7c439c97-4f6f-436f-be9a-dbb99341124b,"addea8d3-582b-42c8-9144-cf59d80280f0,25b5bc68-71f8-44d8-8216-009adffb2fc3,2e6c3834-d2fc-42f5-9528-b7fe7081845a",,,29d7a7e6-bc1c-44eb-b0ff-bb460ae348ee,"d59c6796-a938-4b20-8ce5-3f9382d41eac,387d9dcb-827f-4e0c-887f-3d10d51284f5,bc97966b-f24c-4952-bc8b-b917594247e1",d7f050b7-b557-445d-a0c5-1d89918a915e,"a93f49d5-6203-4f64-8d77-18c74a53f7a8,c3a9604e-be8e-4d21-a275-a9912768e290,b75d78e6-234d-4bb6-bd52-7de23b537029,bd3cc8f7-af8f-45be-88c3-494f3a7512ad","b40fd7af-52d2-4e17-bb2a-49fa677cd1bf,0c76f1d2-732c-4f6e-9071-5d085fc8067f,354168d2-6268-432f-a091-7f4ab72fbef2,37b706f3-d93f-4435-8b7e-d26644ddfd30,731a8319-3065-4e01-86ef-99687f309c6d,93bb8b49-d2d7-40f4-a5e4-967df20e6171,0c296c8e-ee75-4772-8425-8d33d320b1bd,eb419021-3293-49de-b6b8-8b025ea160c1,cc645ce7-3ca1-4c5a-9d94-f4bdf9b87c94,52853e5a-c8ba-4ce8-9875-8120bee89742,45fbe45a-ce8b-4022-9e5e-ec1fdc1ca657,bca84a17-1bf6-426c-8404-cc80ae987ead,89ac1236-d27e-48d4-bed0-9dd239b93856,0a20ea22-d50b-4cb2-802b-733f9611c720,858eb218-38d0-4658-af3e-97fdbbbe90b5","263b977e-b8b5-4a39-a782-b09689c37fa3,0d0669c4-91e6-4f8a-830d-53a9bbf8078e,aca9ff98-7ea3-4078-aecc-ec3da0d228d9,2844e9c1-dedb-402f-bbb1-b63cb821c8e8,5dd3a703-0897-4bb6-bf82-1df750574ca5","6f8420f0-e462-497b-9bbf-92f0a8e9410a,175c0df4-eb7f-4c4e-9577-89a2093b9c92,cb62bc63-76a9-4439-98d2-07be264070dd,b7bf7f07-df68-465c-98a0-2a58143256ec,0d0669c4-91e6-4f8a-830d-53a9bbf8078e,2844e9c1-dedb-402f-bbb1-b63cb821c8e8,5dd3a703-0897-4bb6-bf82-1df750574ca5",,,https://github.com/DKISTDC/dkist,https://raw.githubusercontent.com/DKISTDC/dkist/main/docs/logo/icon_square.jpg,e85b749e-5788-425a-8952-8fc9a329216b
fa126d2b-ea85-4237-8abd-367c1b1e4e92,da38c24f-c972-4506-90bc-6ca75e9260ef,2020-02-14,974802bb-aabb-4985-9e95-6463c41146c8,4e17b0e8-2d53-47c4-88f8-aca8e9dd006a,,,enlilviz,b9e2e948-a9f1-40c5-a928-559f85519e33,,,"A Python toolkit for Enlil solar wind visualizations. enlilviz reads post-processed output from the Enlil solar wind magnetohydrodynamic code — the 2D `suball` netCDF files and the per-object `evo` time-evolution files produced by runs such as NOAA's operational WSA-Enlil — into xarray-backed `Enlil` and `Evolution` objects, calibrating the packed model variables and converting them to physical units (AU, km/s, N/cm3, nT). On top of that data model it provides matplotlib plot classes for longitude, latitude, and radial 2D slices of density, velocity, and magnetic polarity, and for time series of the modeled solar wind at the Earth, STEREO-A, and STEREO-B locations. A pre-arranged `ForecasterPlot` figure reproduces the layout used by space weather forecasting offices, and the plot classes are iterable over a run's time steps so an entire model run can be rendered frame by frame into a movie.","A Python toolkit for reading Enlil solar wind model output into xarray and plotting 2D slices, satellite time series, and the pre-arranged forecast-office figure, frame by frame as a movie.","76c9ed80-50ea-41fb-9e17-c488430fd00f,402bf733-9d89-4602-b9ee-6e530d1b2836,9ba5be4d-a4db-4145-80cc-9c006d68a219,a85c510d-76d1-4c75-9b81-7ae13a36dd30,0e94fdda-aba0-468e-87c6-f8943010c7f1,d21c5d29-21ba-4288-bec0-8c077ac15aec,06bdcf26-0423-45d4-8cd0-71a1dd49dfa3,4ed73ccc-e12a-4009-aa2c-e40ea4c0c84a,9852ca3f-b8fc-4665-a990-465072ec4379,d8c3ac85-6e38-4ec9-baa6-a037b9b16d18",https://enlilviz.readthedocs.io,ed7e1c95-acef-423b-82bf-43ad6c78f333,40f6b676-efcd-4081-b495-41af7370a073,7c439c97-4f6f-436f-be9a-dbb99341124b,25b5bc68-71f8-44d8-8216-009adffb2fc3,,,c8723cab-e273-44ba-98cf-9c24b392ca33,"d59c6796-a938-4b20-8ce5-3f9382d41eac,387d9dcb-827f-4e0c-887f-3d10d51284f5,bc97966b-f24c-4952-bc8b-b917594247e1",eef6c156-35b4-433f-8d6d-2c3b5005347d,"a93f49d5-6203-4f64-8d77-18c74a53f7a8,efeb129a-3fbc-4117-8799-abc003aa4219,757ff86d-708f-4f2d-8782-71ab39af4ab9","75ec7fe1-5291-4268-bdd6-2b7d5bf0d71b,a5e307ab-2e31-455c-a29c-4d5b99580a9a,d17a93da-de27-4b24-b606-2a8368c90185,7dbf8b44-ce6d-4e1b-8513-ed5796f00e01,cff2bf61-81e0-4f96-bb6b-ac5521a98f3a,ed75de78-084d-4f30-b861-a56324c4f5e1,d78b32a1-af62-448b-9194-fd23dee92dfc,ac3716e9-e86e-480c-aa7a-ac90b8e53e16","20c1289a-d57f-406c-abe8-4161da830a86,e53fcbf9-58eb-4791-bc1f-2610ac5e9e0a",4139ec71-ce86-4902-a231-8c7c5098508a,,,https://github.com/SWxTREC/enlilviz,,"73b7fe8c-ee03-46eb-83d8-0ce77956245a,82801102-0270-4fbc-ae73-24afeda2d299"
639f0d69-543d-477f-be0f-764e9a5f08a3,"f6635932-7453-4b3b-9322-9c1b18147056,fe54d7d7-5ff3-4471-9b5b-c5f9e96da0c1",2023-12-19,ee990b81-8115-4ab4-8a7f-68a4d0bb345d,"b7f9987d-148a-4537-b156-5f51eefe1496,67595557-e4ed-4fc3-ac16-bf1d7d5d3884,5d70ccb8-7df8-4471-af32-a3b7ac93be54",,"70d1426a-bff7-41c9-9905-76837fefc198,133e1589-91f2-435f-a3fe-236bc101b4ec",EUHFORIA OpenGGCM,a02c9235-9a0d-4809-9214-56458ce75c36,https://doi.org/10.5281/zenodo.10404880,fdc1ea7c-54e3-470f-855e-7d4b3fd961a2,"The first release of codes to generate EUHFORIA output in the format of OpenGGCM inputs, visualize the results of OpenGGCM outputs, and perform the dynamic time warping analysis to assess the performance of OpenGGCM results. EUropean Heliospheric FORecasting Information Asset (EUHFORIA) is a physics-based data-driven solar wind and coronal mass ejections (CMEs) propagation model designed for space weather forecasting and event analysis investigations. The Open Geospace General Circulation Model (OpenGGCM) is a magnetohydrodynamic model of the response of Earth's magnetosphere, ionosphere, and thermosphere to transient solar wind characteristics.

The repository contains Python scripts that rotate EUHFORIA heliospheric output at Earth from HEEQ to GSE coordinates and split it into the per-variable ASCII files OpenGGCM reads, the complete OpenGGCM run configurations for the two CME events studied (12 July 2012 and 4-6 September 2017), each in an EUHFORIA-driven and an observation-driven (Wind or OMNI) variant, and scripts that plot the simulated solar wind and Dst, AE, AL and AU indices against OMNI observations and perform a windowed dynamic time warping comparison of predicted and observed Dst and AE time series. It is the supplementary code for Maharana et al. (2024), Space Weather, and is written for Python 2.7.","The first release of codes to generate EUHFORIA output in the format of OpenGGCM inputs, visualize the results of OpenGGCM outputs, and perform the dynamic time warping analysis.","ab45d6f4-403d-4528-9246-d2139db5bc72,078c2195-93b7-4811-b103-ea857710faf7,89b29179-7fba-456e-b4ed-5ff5b548be18,d21c5d29-21ba-4288-bec0-8c077ac15aec,4ed73ccc-e12a-4009-aa2c-e40ea4c0c84a,1dacbe62-8d60-4a7e-a1d8-ea0feba270b0,758dab69-cb35-477f-86c0-ed52606e335b,d8c3ac85-6e38-4ec9-baa6-a037b9b16d18,cfa01ea5-1be6-40fc-b8f0-96c1a866c7e0,76c9ed80-50ea-41fb-9e17-c488430fd00f,402bf733-9d89-4602-b9ee-6e530d1b2836,a85c510d-76d1-4c75-9b81-7ae13a36dd30,ff3b7502-07f2-4652-95bd-692557553cdb,7e6ed025-dbdb-446a-b6de-6ea964042972,f180354f-b0ad-49db-bdd9-4304733943f2,f64b3118-cc05-4dca-a3c9-1c16079d6b91,475f62e3-13dd-48a4-a01c-508cb306d7ca,27c3e41e-8134-42d2-92f3-b444682fc369,6ec2b9b4-0793-4c08-91c1-2bb2dce44a7a",https://github.com/anweshaM/EUHFORIA-OpenGGCM/blob/main/readme,"2dc72a39-f07b-41cd-a57e-5e00d3a98448,6480ff1c-f70f-4b8b-a70a-327bcc158f99,52d87dcc-8113-4f4f-9ff4-83cbd2f11bba","bbfd3b11-634d-4d28-8644-c12600811b6d,7c439c97-4f6f-436f-be9a-dbb99341124b","bbfd3b11-634d-4d28-8644-c12600811b6d,7c439c97-4f6f-436f-be9a-dbb99341124b",777b21b2-8113-4126-bd7b-41566c66022e,"8eaaf1bb-9dd1-4a7f-b4d7-49eef35b6667,ee430146-ee60-4e1f-8ed7-32afd600bd0d,b9edf772-1ef9-471e-920d-415e0f59a1d6,17e9e471-1e14-4069-806c-43c0a7271864,8eb89343-307d-4c95-8697-adba45f23e2b","0dbf025c-5a6c-46d9-a77d-03ac2f91b381,c1e5113c-998b-4c5d-800c-cbd5b5eb4c26,c0018050-8e3b-4817-b6e6-a69b9404e0b1",c8723cab-e273-44ba-98cf-9c24b392ca33,d59c6796-a938-4b20-8ce5-3f9382d41eac,5b5c9928-9f83-4528-b96a-bd87a1598816,"515dae73-68bc-4030-8008-20c9eef5a01c,1810173f-7493-429d-a279-ab30822f1ba1,c8168919-8394-4690-96c1-f686edbaaba5,ab8390b8-312d-4c69-b1bd-54993d31dbe4,d99a68c9-4fde-417c-8c00-8f7a56c6eaa3,efeb129a-3fbc-4117-8799-abc003aa4219,757ff86d-708f-4f2d-8782-71ab39af4ab9","a41c721a-1ef3-4d95-8892-81e53bd183d9,9b20b075-2f51-44e7-b6d0-5d60c72fd041,32347f93-20dd-4c31-9578-12c44022740e,b5c68956-cc9e-4b7e-85f4-0bc5312205e4,d58c9908-14a0-4187-b41c-61a27d5fe4d8,c81dfd22-3b80-4783-b21f-d009e40e4334,36e6f3b2-92ef-4eb3-b87a-2fa2da007622,1d72ed8a-cffe-40c9-babb-dfc7069ec35a,06b31697-90b1-455e-aef1-cd637842b1a0,07fd7767-22a4-4cd0-b08a-dd542ebe2ab4,f4fb9931-83b7-49fb-8da4-7165b3828938,a06141be-91d4-4b51-b597-7dab3213178a,d17a93da-de27-4b24-b606-2a8368c90185,e0e47e8f-eb01-4a48-b02f-cb288a3ad43a,ac5232b3-823e-4243-9b1d-332dbd42ef1e,86668bba-f6ab-486a-a14c-b0d331d499f8,7dbf8b44-ce6d-4e1b-8513-ed5796f00e01,cff2bf61-81e0-4f96-bb6b-ac5521a98f3a,ac7f6b94-db19-4b56-9cea-8df0981fd0a5",,"becf41ab-8ed8-4985-96e1-d8d4ca00929e,b023ad93-de8a-4d3c-924c-86befd770ffe","03b59ca0-3bb1-4994-a103-3bb4d03602dc,1e6cfcf1-e74d-4a24-89d8-ac40137f044e,b5f27746-09ff-4269-b6d5-c32fc1b2d11b,a4e07475-572f-48db-b2e7-5d59ea194465,a5473d23-8a57-4cd0-addf-094995a7a7dc,2ec788a5-449c-4032-90dd-62235065901a,34f273ac-b78b-4881-88ba-7b4afe4d2144,d5a4780e-bb5f-4a1c-8ce0-641a66110ac5","58d38f2f-299d-4c58-81e7-9cae37397da6,8c3ec185-4c68-4788-ab43-775b6b068539,084511c1-ea7a-4b07-8bcd-e677b222a461,0579e91b-6fe8-43a3-91f1-05a59409a8f6,8d7a00ee-e068-4c8d-952c-e2f3c20f6d8a,653032f7-4282-47e7-85a5-50d304b96506",https://github.com/anweshaM/EUHFORIA-OpenGGCM,,"82801102-0270-4fbc-ae73-24afeda2d299,7d073440-38e0-4f33-9e88-4d3ed2f9ed7e,73b7fe8c-ee03-46eb-83d8-0ce77956245a"
2fd43ecd-9910-48f4-bf08-f07a4445cdf2,"dde8f37b-2532-479f-8927-e9dd12d726a8,e7b6f70a-487f-4038-a41d-ad7e39e06fb6,8381adbf-4a23-4c0e-9896-b1445b0e82d5,f6635932-7453-4b3b-9322-9c1b18147056,da38c24f-c972-4506-90bc-6ca75e9260ef",2024-09-04,ee990b81-8115-4ab4-8a7f-68a4d0bb345d,"58d5618a-09c9-4251-917d-f015f71495a9,df8198eb-f234-4880-83f9-15cffaf3f83f,62998f92-4bae-4a93-8401-b6904bcb950f","95b8a3d7-1ecf-4032-a875-68b5d4e34cff,47de331b-c0de-40e5-9f5c-bb48dbc875a8","133e1589-91f2-435f-a3fe-236bc101b4ec,7e18bdee-4686-4ba8-b3c3-eef1e7fbc02e,0f9fea99-f1f2-4328-96f6-3c6420f61e71",EUVpy,8d0bb7dd-f8c2-4aa8-abde-4fc5df3fbb3d,https://doi.org/10.5281/zenodo.13685578,0204601c-28d3-486e-8f17-583508cbdc8e,"EUVpy is a Python package that brings the most widely used empirical models of solar extreme ultraviolet (EUV) irradiance together behind a single, consistent interface, primarily so that they can drive thermosphere-ionosphere models. It provides NEUVAC (the Nonlinear Extreme Ultraviolet Irradiance Model for Aeronomic Calculations), EUVAC, HEUVAC, and HFG (also referred to as SOLOMON). Each model is parameterized by the 10.7 cm solar radio flux (F10.7) and quantities derived from it - the 81-day average centred on the current day and a 54-day backward-looking average - so a full EUV spectrum can be produced from a readily available ground-based index alone. Spectra can be generated in several binning schemes, including the 59-bin scheme used by the Global Ionosphere-Thermosphere Model (GITM) and the Aether model, the 37 bins of EUVAC and of Torr, and the 22 overlapping standard bands of Solomon and Qian (2005).

Alongside running the models, EUVpy retrieves and cleans the data they need and are judged against. It can download F10.7 from NASA OMNIWeb and flare-corrected, Sun-Earth-distance-adjusted radio flux from Collecte Localisation Satellites, read Penticton F10.7 files, and gap-fill, filter and average those series. It can download and read solar spectral irradiance from FISM2 (through LISIRD, in both native and standard-band form), TIMED/SEE Level 3, SDO/EVE, and NRLSSI2, rebin any of those spectra into the supported band schemes, and convert between spectral irradiance and photon flux. It computes comparison statistics between models and observations, including root-mean-square error, correlation, mean absolute percentage error and percent deviation, and can generate NEUVAC irradiance ensembles from a residual correlation matrix so that quantified uncertainties can be passed to downstream models. Results can be written directly as a GITM EUV input file or as an Aether coefficient table.

Two assumptions are worth knowing before use. NEUVAC is the model developed with this package and is the only one for which running ensembles is recommended; the EUVAC, HEUVAC and HFG implementations are included primarily so that NEUVAC can be compared against them. HEUVAC is a Fortran code that must be compiled once with gfortran before it can be called, and the package has so far been tested only on Ubuntu Linux. Users should cite the original authors of whichever model or dataset they use, as set out in the repository's README.","A Python wrapper for empirical solar extreme ultraviolet (EUV) models (NEUVAC, EUVAC, HEUVAC, HFG) that generates, compares, and exports EUV spectra for thermosphere-ionosphere modeling.","d21c5d29-21ba-4288-bec0-8c077ac15aec,4ed73ccc-e12a-4009-aa2c-e40ea4c0c84a,e9bb1c0d-d4c7-4be7-be51-e3f8328be466,1dacbe62-8d60-4a7e-a1d8-ea0feba270b0,cebf9575-00b1-45bd-a386-fcbef4f589f3,758dab69-cb35-477f-86c0-ed52606e335b,d8c3ac85-6e38-4ec9-baa6-a037b9b16d18,cfa01ea5-1be6-40fc-b8f0-96c1a866c7e0,76c9ed80-50ea-41fb-9e17-c488430fd00f,402bf733-9d89-4602-b9ee-6e530d1b2836,a85c510d-76d1-4c75-9b81-7ae13a36dd30,ff3b7502-07f2-4652-95bd-692557553cdb,7e6ed025-dbdb-446a-b6de-6ea964042972,05e06b15-ceb0-4623-a9c9-98ad6ec4ef49,f180354f-b0ad-49db-bdd9-4304733943f2,1ca1fc54-e093-4328-ae77-6d6726270bad",https://euvpy.readthedocs.io/en/latest/,"ca51f084-1a32-458e-8ca9-5c1c49a0b227,6b85306a-52cc-458a-be04-5c7d82442038,6480ff1c-f70f-4b8b-a70a-327bcc158f99,52d87dcc-8113-4f4f-9ff4-83cbd2f11bba","bbfd3b11-634d-4d28-8644-c12600811b6d,fa1963cd-6a16-49e8-abae-a8db46658b40,40f6b676-efcd-4081-b495-41af7370a073,7c439c97-4f6f-436f-be9a-dbb99341124b","bbfd3b11-634d-4d28-8644-c12600811b6d,fa1963cd-6a16-49e8-abae-a8db46658b40,7c439c97-4f6f-436f-be9a-dbb99341124b",25b5bc68-71f8-44d8-8216-009adffb2fc3,"5ad4f948-242d-4f7e-bf4e-3ca7cbb96640,05d0fb74-dff2-42a5-a065-90df327becf3,e6484102-680c-4086-baec-38d468b7e736,6513cd62-c207-46a1-82b1-446bae27ad08","c9373fac-3a9e-433b-bbdd-4659abc29b5d,3b7ca6f1-2c6d-4de9-aec7-c94946af85a3,99cdec62-d4c4-4d0f-8c48-59bd9b5fd009",29d7a7e6-bc1c-44eb-b0ff-bb460ae348ee,d59c6796-a938-4b20-8ce5-3f9382d41eac,eef6c156-35b4-433f-8d6d-2c3b5005347d,"a93f49d5-6203-4f64-8d77-18c74a53f7a8,ab8390b8-312d-4c69-b1bd-54993d31dbe4,c8168919-8394-4690-96c1-f686edbaaba5","b545900b-03ff-4ce4-9b1c-38ccfde1d10d,1db2e267-2b16-467b-9bfa-4f306429f515,d2e58c54-c05c-495b-8835-5e4cad60ad4f,7d7c940d-b068-453c-89d0-6da71dc94cbb,ccafa92e-2e7b-4299-8aa7-ae8c575a482e,21f53601-3f23-4535-9278-9f0fac292a45,cff2bf61-81e0-4f96-bb6b-ac5521a98f3a",a383f733-424e-4a49-99a4-ecab672770c7,"05f3c586-146f-46bb-bb25-38059156a820,3f780ac1-c042-4c00-8a3e-28844c6a6f2b",a4e07475-572f-48db-b2e7-5d59ea194465,d6d7b323-d4b9-46f3-8f41-5f5feab90b82,https://github.com/DanBrandt/EUVpy,https://raw.githubusercontent.com/DanBrandt/EUVpy/main/EUVpy_logo.png,"754b7219-9dc1-4d74-9918-c5f1c0947192,5e6ea23a-9318-4ad7-bb98-197591c4312c"
8e349bce-5860-4c0b-9ee9-ebb684574262,"8381adbf-4a23-4c0e-9896-b1445b0e82d5,da38c24f-c972-4506-90bc-6ca75e9260ef",2017-08-10,ee990b81-8115-4ab4-8a7f-68a4d0bb345d,"6ae1e775-7e0b-4156-a246-7ea52fe37a50,de7c0779-16ad-4710-83fe-433ebcb2b5c7,0a671dcd-50a7-4e35-8992-2ef1546f8389,083cedc3-89ed-4029-b0ca-4e84cd4a2797,09e36914-a9bb-48fe-a3f9-336cc0b80afe,bcee72f7-6155-4c69-9ff4-0710f919864e,beba2566-9423-4a50-937d-334cfcf8b9b7,f5d3afdc-47a9-485c-948d-c5dccd9c2422",,,fiasco,a8240133-7214-4d5c-b404-3e47e87e91c5,https://doi.org/10.5281/zenodo.7504257,,"fiasco provides a Python interface to CHIANTI, an atomic database used primarily for astrophysical spectroscopy. It exposes high-level representations of ions, elements, levels, and transitions; parses and converts raw CHIANTI ASCII data into an HDF5 database; and computes common atomic-plasma quantities including level populations, ionization and recombination rates, contribution functions, emissivities, spectra, continuum emission, radiative losses, and equilibrium ionization. Its documented examples use those rates to calculate non-equilibrium ionization.","fiasco provides a Python interface to the CHIANTI, an atomic database used primarily for astrophysical spectroscopy.","d21c5d29-21ba-4288-bec0-8c077ac15aec,4ed73ccc-e12a-4009-aa2c-e40ea4c0c84a,e9bb1c0d-d4c7-4be7-be51-e3f8328be466,cebf9575-00b1-45bd-a386-fcbef4f589f3,758dab69-cb35-477f-86c0-ed52606e335b,d8c3ac85-6e38-4ec9-baa6-a037b9b16d18,ff3b7502-07f2-4652-95bd-692557553cdb,475f62e3-13dd-48a4-a01c-508cb306d7ca,85ebe5aa-8a3b-4c91-b2a6-78ca6d3aab90",https://fiasco.readthedocs.io,6b85306a-52cc-458a-be04-5c7d82442038,"bbfd3b11-634d-4d28-8644-c12600811b6d,c2883e1a-c97e-4dd0-a9ed-7dad7293bb3e",c2883e1a-c97e-4dd0-a9ed-7dad7293bb3e,25b5bc68-71f8-44d8-8216-009adffb2fc3,"78ddea42-11fe-4d61-9e25-347a3752ab4b,da4fdfa6-166a-43b8-8b07-0fbf20535a62,b1acb3b1-750c-4786-a307-8de3b4734caa,5f67c48c-c3a9-408d-af60-5d05712f562f,09fc7f3a-b1ff-4ea8-94d7-39ae0f81bf20,e4f89463-3e6e-423a-8cad-5b44ae104698,ca187a4c-d28c-4a25-b909-6a3082763cc1",34404cf7-0e17-449b-a85a-8fda6e4b2fa9,29d7a7e6-bc1c-44eb-b0ff-bb460ae348ee,"d59c6796-a938-4b20-8ce5-3f9382d41eac,387d9dcb-827f-4e0c-887f-3d10d51284f5,1948d1db-6e7d-4733-ae68-15fa57b8238b,bc97966b-f24c-4952-bc8b-b917594247e1",d7f050b7-b557-445d-a0c5-1d89918a915e,"1deefae3-ade4-414e-b586-7b015772ec14,757ff86d-708f-4f2d-8782-71ab39af4ab9,a93f49d5-6203-4f64-8d77-18c74a53f7a8,bd3cc8f7-af8f-45be-88c3-494f3a7512ad,efeb129a-3fbc-4117-8799-abc003aa4219","e0410248-2b43-4409-9866-f22870ead9b5,db94b20c-8649-4aa1-af5c-2f3b7be1f047,72baf0f7-35d5-4bf4-beea-49fcd78e2679,9b6cc008-687e-4955-8c11-5510159a2533,c13bbccd-ea55-4ff0-9283-30a72b9463cc,41d35a73-8c20-4ae0-ac82-d813255a617f,bbb821d2-68c7-49c8-a46f-29af983b0120,1db2e267-2b16-467b-9bfa-4f306429f515,c8de4ad3-1e94-421f-a3f8-8823f174b3f1,f7b3d866-8baf-4dd0-859a-638ac03e048d,a06141be-91d4-4b51-b597-7dab3213178a,6aac037e-3f53-4ba0-b2b0-47ffd6126864,396af9b7-512c-4c01-a7e1-eac9cdf3f173,812975f7-d2a5-4b4f-b8c4-eb5c9a418c72,4d6a1fcb-4a48-4bb8-ac16-e47941708b4f,e498a9e2-dfef-40d0-88ae-e46c855b4056,644614e2-c3d6-4741-a921-b74be24d693a,bca84a17-1bf6-426c-8404-cc80ae987ead,89ac1236-d27e-48d4-bed0-9dd239b93856,7dbf8b44-ce6d-4e1b-8513-ed5796f00e01,0a20ea22-d50b-4cb2-802b-733f9611c720,ac7f6b94-db19-4b56-9cea-8df0981fd0a5","8bc37000-99a7-435f-b557-9302678eee77,4e9238cd-1ff2-41d0-b5e6-8b999ac2ca83,b26c3f52-9fa1-4348-b1f0-fd2f1ab5e36a","175c0df4-eb7f-4c4e-9577-89a2093b9c92,98e04d27-a04f-4757-a192-6318063d6270,b26c3f52-9fa1-4348-b1f0-fd2f1ab5e36a",,,https://github.com/wtbarnes/fiasco,https://raw.githubusercontent.com/wtbarnes/fiasco/1a1965066b192360bdc3681e128dec91d1a4ead0/docs/_static/fiasco-logo.png,"e14b60b4-c841-4658-9bac-f9298a442562,82801102-0270-4fbc-ae73-24afeda2d299,e85b749e-5788-425a-8952-8fc9a329216b,754b7219-9dc1-4d74-9918-c5f1c0947192,5e6ea23a-9318-4ad7-bb98-197591c4312c,73b7fe8c-ee03-46eb-83d8-0ce77956245a"
aff43790-897a-49b4-a4c6-f3506a6c4858,da38c24f-c972-4506-90bc-6ca75e9260ef,2017-02-24,974802bb-aabb-4985-9e95-6463c41146c8,abf59bde-fa61-4373-a1d1-75394fd7dd2b,5af60c7f-b0ce-4cf3-81ae-594007e62248,c0345153-5cbb-4bfa-b253-429a04572208,fisspy,ff4d0bd0-5a28-427d-bcb7-99e2c1bc9828,,,"The Python Package for data analysis of the GST/FISS instrument. FISSpy reads, calibrates, aligns, analyses and visualizes data from the Fast Imaging Solar Spectrograph (FISS), the dual-band imaging spectrograph on the 1.6 m Goode Solar Telescope at Big Bear Solar Observatory, recording Hα and Ca II 8542 Å spectrograms simultaneously. It reads the whole FISS product chain as spectral cubes with FITS headers, runs the instrument's calibration pipeline from raw frames to archived products, co-aligns the two camera bands and long time series, and measures Doppler velocities, atmospheric parameters by spectral inversion, and oscillations and horizontal flows. Visualization includes interactive raster, spectrogram and profile viewers, montages and movie export. It assumes FISS-convention FITS data and is an instrument-specific toolkit rather than a general-purpose solar data framework.","The Python Package for data analysis of the GST/FISS instrument: reading, calibrating, aligning, inverting and visualizing Fast Imaging Solar Spectrograph imaging-spectroscopy data.","d21c5d29-21ba-4288-bec0-8c077ac15aec,76c9ed80-50ea-41fb-9e17-c488430fd00f,555161bf-13d6-4909-b2d5-6c87d584de24,ff3b7502-07f2-4652-95bd-692557553cdb,06bdcf26-0423-45d4-8cd0-71a1dd49dfa3,4ed73ccc-e12a-4009-aa2c-e40ea4c0c84a,9852ca3f-b8fc-4665-a990-465072ec4379,e9bb1c0d-d4c7-4be7-be51-e3f8328be466,1dacbe62-8d60-4a7e-a1d8-ea0feba270b0,6e1dbfec-913f-4d9b-9a3f-e8a2b7f82540,d8c3ac85-6e38-4ec9-baa6-a037b9b16d18,0691c3a9-a02f-4de3-9a1c-965782ddbef9,cfa01ea5-1be6-40fc-b8f0-96c1a866c7e0,8fc506b2-4e32-4ee3-88b9-8ace51d980e3,402bf733-9d89-4602-b9ee-6e530d1b2836,9ba5be4d-a4db-4145-80cc-9c006d68a219,a85c510d-76d1-4c75-9b81-7ae13a36dd30,8b47109e-5f73-4edc-8668-9c4f738684c6,0e94fdda-aba0-468e-87c6-f8943010c7f1,29cb514d-8259-4df4-833f-4e6631cd65e1,8dc2735d-5b15-441c-99a3-5138ed6fcf8d,841774c2-77c6-4111-af03-b5c2ac3d8bba,bfcf5b70-01f3-49f2-9f68-6ce27a9d4491,967e8bdb-795d-4f4e-806a-c0eaad2ff22c,d4136ce2-345a-4011-beaa-456eda820556,1ca1fc54-e093-4328-ae77-6d6726270bad,475f62e3-13dd-48a4-a01c-508cb306d7ca",http://fiss.snu.ac.kr/fisspy/,"6b85306a-52cc-458a-be04-5c7d82442038,6480ff1c-f70f-4b8b-a70a-327bcc158f99","b82cd96d-8243-41d9-b015-03436704cdbf,102561e0-8fd0-4084-b4a5-f7e0f36eda03,7c439c97-4f6f-436f-be9a-dbb99341124b","b82cd96d-8243-41d9-b015-03436704cdbf,102561e0-8fd0-4084-b4a5-f7e0f36eda03,7c439c97-4f6f-436f-be9a-dbb99341124b",25b5bc68-71f8-44d8-8216-009adffb2fc3,"bff58bc2-3c41-4435-8c7c-a1d0d63b0865,647d3144-dbf5-416e-8dc3-9465547c969e,598d6fbc-eb3d-47cb-ad1a-07f7493f69e0",b18d6a00-5ee7-4555-b369-a8604d4702c9,29d7a7e6-bc1c-44eb-b0ff-bb460ae348ee,1948d1db-6e7d-4733-ae68-15fa57b8238b,e30aeeb6-77d6-4994-a80c-320aa1222eab,"b75d78e6-234d-4bb6-bd52-7de23b537029,c3a9604e-be8e-4d21-a275-a9912768e290,a93f49d5-6203-4f64-8d77-18c74a53f7a8","bf78ea45-9c53-42ab-96b1-db056b12c2c9,3f3fa6f7-dd67-443b-9359-c9f679ef6671,45049059-c369-4e54-be8b-a2d35d6f842c,6af4e4ff-ca94-4e88-a825-53c43b2b9d10,75ba8743-e6d7-4589-9493-358f3fd9236b,93bb8b49-d2d7-40f4-a5e4-967df20e6171,df192e2e-7ff1-4c25-b4b9-0019c6b5faab,94f4b9c7-00bd-4b11-a429-b1e8433c7e4b,c210a733-c77f-409f-9999-f20441eb3e40,53ce2658-084e-4da8-90ce-2d4904c05fbb,f55269cb-ac4c-4b21-a4df-723eb43e932f,b1d7cec6-d69a-42fa-9078-827b5877626c,63171070-a79c-4ee0-87cf-74b9f5cdcfec,993df0f8-8301-492c-b771-3e766e1ceb7c,4d6a1fcb-4a48-4bb8-ac16-e47941708b4f,e498a9e2-dfef-40d0-88ae-e46c855b4056,cec9a378-2a97-4b96-b361-63cec170ce48,89ac1236-d27e-48d4-bed0-9dd239b93856,395e5586-9342-4c3a-bc29-1e0989c831a2,1fe692ab-c81d-49ff-947d-a64bf9e42524,0a20ea22-d50b-4cb2-802b-733f9611c720,1b15b720-159a-46af-a09f-68ecfc6c7e36,c97fd741-40fd-4835-b490-1cf48ee277dd",783a2fb6-b4a6-42be-8668-6ec042362201,175c0df4-eb7f-4c4e-9577-89a2093b9c92,,,https://github.com/SNU-sunday/fisspy,,
8054183f-794a-4914-a8cb-a379bb9f1040,"77ac5f09-8feb-4d56-b97e-4c7a91361990,da38c24f-c972-4506-90bc-6ca75e9260ef",2025-09-06,ee990b81-8115-4ab4-8a7f-68a4d0bb345d,960ab3df-bb01-4534-bf4f-05e75bc9a5b1,"48a695d5-dd48-4090-bcfe-ec236546019e,242babd2-9ea2-429d-9201-ae3a5a7c3290",7e18bdee-4686-4ba8-b3c3-eef1e7fbc02e,FitsFlow,366f066b-a124-4f0b-a6dc-879e11c84d85,https://doi.org/10.5281/zenodo.17069413,,"FitsFlow is a browser-based platform developed by the author to streamline the exploration and annotation of Solar Dynamics Observatory (SDO) FITS images through a fully integrated, cloud-native environment. The system connects heliophysics data services from Joint Science Operations Center (JSOC), Helioviewer, and the Heliophysics Event Knowledgebase (HEK), enabling users to parse FITS headers, align event times, and automatically retrieve associated imagery and metadata. The backend, deployed on Amazon Web Services (AWS) Lambda and Elastic Cloud Compute (EC2), handles on-demand processing and delivers all outputs through a lightweight web interface. FitsFlow produces structured, machine learning–ready outputs, including support for the Advanced Scientific Data Format (ASDF). Each session allows up to 170 MB of fits data and the results can be downloaded in bulk as a ZIP file containing: header metadata in JSON, pixel data in CSV and NumPy formats, colorized PNG images from Helioviewer, grayscale PNGs from JSOC, and HEK metadata in JSON format. These outputs are designed to support reproducible and interpretable ML workflows for classifying, segmenting, and forecasting solar events, laying the foundation for cyberinfrastructure that connects solar surface activity to radiation impacts in low Earth orbit (LEO). FitsFlow represents the first in a planned suite of “KISS” tools (Keep It Simple, Scientist) aimed at lowering the barrier to entry for machine learning in heliophysics. With browser-native visualization, downloadable structured examples, zero-install access, and no login required, FitsFlow broadens accessibility for researchers, educators, and citizen scientists working with solar data.",FitsFlow is a browser-based application that takes a solar FITS image and returns machine-learning ready outputs.,"d21c5d29-21ba-4288-bec0-8c077ac15aec,e9bb1c0d-d4c7-4be7-be51-e3f8328be466,758dab69-cb35-477f-86c0-ed52606e335b,6e1dbfec-913f-4d9b-9a3f-e8a2b7f82540,d8c3ac85-6e38-4ec9-baa6-a037b9b16d18,76c9ed80-50ea-41fb-9e17-c488430fd00f,0e94fdda-aba0-468e-87c6-f8943010c7f1,24ce2de6-0be7-448f-b5cd-b7f5b21a056c,555161bf-13d6-4909-b2d5-6c87d584de24,d4136ce2-345a-4011-beaa-456eda820556,27c3e41e-8134-42d2-92f3-b444682fc369,a52b9772-b059-4c7f-9102-c50ccd0864fd,11a33e3a-d00e-489d-9e15-a33c3b93b0b8,e8a1d904-f327-4274-8215-8f080e4aa90c,9b446b08-fd9d-4ea7-94d3-2a0b3328f121",https://github.com/indiajacksonphd/FitsFlow,"6b85306a-52cc-458a-be04-5c7d82442038,6480ff1c-f70f-4b8b-a70a-327bcc158f99,ed7e1c95-acef-423b-82bf-43ad6c78f333,52af0f1d-3ca9-4362-b10e-f4ae4d69eddc",b82cd96d-8243-41d9-b015-03436704cdbf,"bbfd3b11-634d-4d28-8644-c12600811b6d,fa1963cd-6a16-49e8-abae-a8db46658b40,102561e0-8fd0-4084-b4a5-f7e0f36eda03,7c439c97-4f6f-436f-be9a-dbb99341124b",25b5bc68-71f8-44d8-8216-009adffb2fc3,,,29d7a7e6-bc1c-44eb-b0ff-bb460ae348ee,1948d1db-6e7d-4733-ae68-15fa57b8238b,11d25161-df7f-4f14-ac45-e687330b3251,"b75d78e6-234d-4bb6-bd52-7de23b537029,bd3cc8f7-af8f-45be-88c3-494f3a7512ad,c3a9604e-be8e-4d21-a275-a9912768e290,a93f49d5-6203-4f64-8d77-18c74a53f7a8","b40fd7af-52d2-4e17-bb2a-49fa677cd1bf,76b8eac5-750d-4fd9-85a7-bcc1ecc60091,77835e03-923a-4a10-b77f-ec7646b0f000,4ad5b5db-d547-4fb8-a4e8-24af83066032,1db2e267-2b16-467b-9bfa-4f306429f515,c8de4ad3-1e94-421f-a3f8-8823f174b3f1,c210a733-c77f-409f-9999-f20441eb3e40,ac4323d7-c0de-4c9a-8731-2ce1c606b2be,17cc1190-514d-4a82-8483-2c3137e34ba9,2e834d30-38c1-40f6-95a5-aeca0df7fa3f,0d9846f8-29c2-42e2-a08e-26c24af629ff,709d474d-9797-4f15-98db-ee85068ae9e6,57966745-3351-4de7-a481-ee3920f25055,cec9a378-2a97-4b96-b361-63cec170ce48",,,d5a4780e-bb5f-4a1c-8ce0-641a66110ac5,0e7f7325-9f0a-4b7d-927d-0f4017897601,https://github.com/indiajacksonphd/FitsFlow,https://www.fitsflow.org/ff_logo_3.png,"e14b60b4-c841-4658-9bac-f9298a442562,e85b749e-5788-425a-8952-8fc9a329216b,754b7219-9dc1-4d74-9918-c5f1c0947192"
65364bdd-6a19-404a-9a87-c1aa123017d3,da38c24f-c972-4506-90bc-6ca75e9260ef,2024-10-28,974802bb-aabb-4985-9e95-6463c41146c8,a38b15e9-a0ab-4088-b083-89ed3ca70e26,,,GCMprocpy,72462940-f84d-4cc2-aac6-5b5d89cdfcc0,,,"GCMprocpy is a post-processing and plot generation tool for TIE-GCM and WACCM-X NetCDF output. It provides three interfaces (a PySide6 desktop GUI, a Python API, and one console command per plot type) and produces latitude-longitude maps in several projections with optional coastline, nightshade and wind-vector overlays, vertical cross-sections, time series, and fields interpolated along a satellite track. Supporting functions convert units, interpolate between pressure level and geometric height, and compute derived quantities including the NO, CO2 and OH band emission rates ported from the legacy tgcmproc processor. Its gpigen and imfgen commands also build the geophysical-index and IMF/solar-wind NetCDF files that drive a model run.",GCMprocpy is a tool used for TIE-GCM and WACCM-X post processing and plot generation.,"d21c5d29-21ba-4288-bec0-8c077ac15aec,06bdcf26-0423-45d4-8cd0-71a1dd49dfa3,4ed73ccc-e12a-4009-aa2c-e40ea4c0c84a,e9bb1c0d-d4c7-4be7-be51-e3f8328be466,1dacbe62-8d60-4a7e-a1d8-ea0feba270b0,758dab69-cb35-477f-86c0-ed52606e335b,d8c3ac85-6e38-4ec9-baa6-a037b9b16d18,cfa01ea5-1be6-40fc-b8f0-96c1a866c7e0,76c9ed80-50ea-41fb-9e17-c488430fd00f,402bf733-9d89-4602-b9ee-6e530d1b2836,9ba5be4d-a4db-4145-80cc-9c006d68a219,a85c510d-76d1-4c75-9b81-7ae13a36dd30,0e94fdda-aba0-468e-87c6-f8943010c7f1,ff3b7502-07f2-4652-95bd-692557553cdb,475f62e3-13dd-48a4-a01c-508cb306d7ca",https://gcmprocpy.readthedocs.io/,"2dc72a39-f07b-41cd-a57e-5e00d3a98448,ca51f084-1a32-458e-8ca9-5c1c49a0b227,ba7b6ccf-3c5d-409e-aaac-55e4110c8066,4e9099cf-0072-4807-8a5d-f4d03a06f09f,6b85306a-52cc-458a-be04-5c7d82442038,52d87dcc-8113-4f4f-9ff4-83cbd2f11bba,ed7e1c95-acef-423b-82bf-43ad6c78f333","bbfd3b11-634d-4d28-8644-c12600811b6d,c2883e1a-c97e-4dd0-a9ed-7dad7293bb3e,102561e0-8fd0-4084-b4a5-f7e0f36eda03,40f6b676-efcd-4081-b495-41af7370a073","40f6b676-efcd-4081-b495-41af7370a073,7c439c97-4f6f-436f-be9a-dbb99341124b","777b21b2-8113-4126-bd7b-41566c66022e,2e6c3834-d2fc-42f5-9528-b7fe7081845a",,"04e41539-725f-48eb-b7c3-7ce7f369a42c,2c630ef6-a441-4c4d-b76b-ad562756bef4",29d7a7e6-bc1c-44eb-b0ff-bb460ae348ee,d59c6796-a938-4b20-8ce5-3f9382d41eac,11d25161-df7f-4f14-ac45-e687330b3251,"1deefae3-ade4-414e-b586-7b015772ec14,c8168919-8394-4690-96c1-f686edbaaba5,e9772970-d2a5-4617-97c9-43906ee43bc0,ab8390b8-312d-4c69-b1bd-54993d31dbe4,efeb129a-3fbc-4117-8799-abc003aa4219,757ff86d-708f-4f2d-8782-71ab39af4ab9","2033f602-c828-46f5-8b11-b0b7c82e04ab,6af4e4ff-ca94-4e88-a825-53c43b2b9d10,d2e58c54-c05c-495b-8835-5e4cad60ad4f,44221020-2836-4bb7-8dbf-e1b3574a78d6,3325141e-4dfa-41cb-ae53-271d378e56cc,d9a89a58-69d0-47bb-a847-a515cfeb2eed,e41385e3-a6d1-4ce4-84d0-af5642099f92,a06141be-91d4-4b51-b597-7dab3213178a,f16c99d6-9693-4b36-8251-fda5b06acacd,6aac037e-3f53-4ba0-b2b0-47ffd6126864,3bf25213-85e9-43c1-a66d-575720721d23,641d7ce2-271e-4984-8004-fee81fd78fbb,4d7716a7-1ada-440b-b542-df98ed896833,52853e5a-c8ba-4ce8-9875-8120bee89742,fe2ce724-589a-4a08-a508-ada685bfc4c2,4d6a1fcb-4a48-4bb8-ac16-e47941708b4f,5b838c99-5d22-4909-a9df-3aa42e5c2510,7dbf8b44-ce6d-4e1b-8513-ed5796f00e01,ac7f6b94-db19-4b56-9cea-8df0981fd0a5,f2465403-a165-423d-84d4-892010c6d656,b95cabe0-b5f4-4fd0-895f-2a335f560048,442e2b7b-796d-46d2-9e37-3c5e935bf89f,141fdfda-0d6d-4d78-94b9-53245e2571d5","cc084e2e-91be-451f-ba92-25b9fa8f0aa7,3c46eb2f-7072-40ea-b0ac-ab654bfd6fee,33b17a0c-b61d-4133-a4cd-7051570142ad,b54c8f89-c7c0-4797-a4e7-944f8179c652,b33621f5-c86c-449d-878f-a374b1e2825b","4a2c2a07-6c7a-4abe-acb6-261ca1fd6c8a,4139ec71-ce86-4902-a231-8c7c5098508a,5940d004-a1cc-4c85-a225-7f72c326997a",,,https://github.com/NCAR/gcmprocpy,,"7d073440-38e0-4f33-9e88-4d3ed2f9ed7e,73b7fe8c-ee03-46eb-83d8-0ce77956245a"
aa39bfc8-4980-4663-adf0-b7ee94f6b976,da38c24f-c972-4506-90bc-6ca75e9260ef,2020-10-12,ee990b81-8115-4ab4-8a7f-68a4d0bb345d,a3bf3a23-4e6a-4d60-af08-287b1954425d,"3d0e0cf3-30e1-44b3-b381-0ee68d745848,02b9cca5-b25e-4f47-b6db-e1988316aef0,2e0ec05f-a145-4c75-bf70-9a37a7cb5fa1,8e6b7fbe-25bf-4248-899f-197c990e2ca6,0fa3eeb8-ca70-484d-9205-d03be0d29223","47765cc9-78d2-40e2-b19b-2957fb904d31,86c66725-423e-4f23-b146-51eb8e59c117,828c4a41-6753-4682-a5a6-8f6fb9c9fa92",GCS in Python,eb23c543-f7c3-4a4f-a2b5-20572d2d6f93,https://doi.org/10.5281/zenodo.4081425,bf1558d9-c00b-4202-95ed-7ec4312fcaaa,"Python 3 implementation of the Graduated Cylindrical Shell model (GCS, Thernisien, 2011). Based on the existing IDL implementation in SolarSoft (cmecloud.pro, shellskeleton.pro).

The code in gcs/geometry.py provides the basic implementation of the GCS geometry, while the Qt-based GUI in gcs/gui.py uses SunPy and Matplotlib to plot the model on top of coronagraph images provided by Helioviewer.org. The GUI retrieves the closest available image for each requested spacecraft — SOHO/LASCO (C2 or C3) and STEREO-A or STEREO-B SECCHI (COR1 or COR2) — optionally as running-difference images, and lets the user adjust the six GCS parameters (half angle, apex height, aspect ratio, heliographic latitude, Stonyhurst longitude and tilt) with sliders until the projected model matches the observed CME in all viewpoints simultaneously. The fitted parameters can be saved to a JSON file, and the geometry module can be imported on its own to use the GCS mesh in other Python plotting code.

A more detailed description of the GCS model, this Python implementation and its validation is given in Appendix B of the author's PhD thesis (Freiherr von Forstner, 2021, https://nbn-resolving.org/urn:nbn:de:gbv:8:3-2021-00166-5), an excerpt of which is included in the repository.","Python 3 implementation of the Graduated Cylindrical Shell model (GCS, Thernisien, 2011). Based on the existing IDL implementation in SolarSoft (cmecloud.pro, shellskeleton.pro).","ab45d6f4-403d-4528-9246-d2139db5bc72,75fcec59-681d-48be-95ee-b2454aab57b4,d21c5d29-21ba-4288-bec0-8c077ac15aec,4ed73ccc-e12a-4009-aa2c-e40ea4c0c84a,e9bb1c0d-d4c7-4be7-be51-e3f8328be466,6e1dbfec-913f-4d9b-9a3f-e8a2b7f82540,76c9ed80-50ea-41fb-9e17-c488430fd00f,402bf733-9d89-4602-b9ee-6e530d1b2836,e808c21d-338f-411a-838f-be0ce95700b5,ff3b7502-07f2-4652-95bd-692557553cdb,7e6ed025-dbdb-446a-b6de-6ea964042972,05e06b15-ceb0-4623-a9c9-98ad6ec4ef49,1ca1fc54-e093-4328-ae77-6d6726270bad",https://github.com/johan12345/gcs_python/blob/master/README.md,"6480ff1c-f70f-4b8b-a70a-327bcc158f99,ed7e1c95-acef-423b-82bf-43ad6c78f333","102561e0-8fd0-4084-b4a5-f7e0f36eda03,7c439c97-4f6f-436f-be9a-dbb99341124b",102561e0-8fd0-4084-b4a5-f7e0f36eda03,25b5bc68-71f8-44d8-8216-009adffb2fc3,"a4701dea-9b0c-4bcd-8565-02703c2b9333,33eb4856-f67c-498a-b2b3-dd1b2d0b3df4,479843ab-6208-4836-9b2e-bd21b0a94182",,c8723cab-e273-44ba-98cf-9c24b392ca33,1948d1db-6e7d-4733-ae68-15fa57b8238b,eef6c156-35b4-433f-8d6d-2c3b5005347d,"a93f49d5-6203-4f64-8d77-18c74a53f7a8,bd3cc8f7-af8f-45be-88c3-494f3a7512ad","687f7e9c-ee70-4e99-a5a8-03c557ca6cf8,c54c47cb-7f28-4581-9e60-b08924069f74,745ebe69-08e8-4075-a6f5-d368c1c5ddf0,b5c68956-cc9e-4b7e-85f4-0bc5312205e4,24c866be-7e3b-4f71-958a-ecf9260b07e2,3f6c6a6c-d40b-4fe6-b8c5-da959983bb40,df192e2e-7ff1-4c25-b4b9-0019c6b5faab,89ac1236-d27e-48d4-bed0-9dd239b93856","961a6c10-3287-4520-8898-ab15d03c4199,f4614bba-b29f-44b8-9421-93a3f3a8c8b2","c16d2f32-a431-4ac8-8863-f667fa851438,26b66268-73c5-4169-be1f-cec0b5fe3e33",,,https://github.com/johan12345/gcs_python/,,82801102-0270-4fbc-ae73-24afeda2d299
ad9602aa-4d82-4f9f-9ef5-053f92f2c9ff,da38c24f-c972-4506-90bc-6ca75e9260ef,2018-07-22,ee990b81-8115-4ab4-8a7f-68a4d0bb345d,"4c934026-92a0-43dc-915e-00bb0ba2a6f8,481229d7-54be-4f5a-9b10-634cb08c6838,5819efb0-3fb9-4e98-95f2-5b14c49d7f68,d90322fe-824f-4efd-afda-0139f74138b1,2546bdc4-7b3e-4696-9665-6af56cde5284",,,geopack,bb1c1658-087b-4dec-b434-655544df5ad0,https://doi.org/10.5281/zenodo.15110786,,"The geopack package provides a Python translation of several of Tsyganenko's Earth magnetic field models (originally implemented in FORTRAN). It integrates two modules originally written in Fortran — the geopack coordinate-transformation and internal-field library, and the Tsyganenko external magnetospheric field models T89, T96, T01 and T04 — and is compatible with both geopack05 and geopack08. The package evaluates the internal geomagnetic field from the IGRF and dipole models in GEO, GSM and GSW coordinates; converts cartesian vectors among the GEO, GEI, MAG, GSM, GSE, SM and GSW systems and between geodetic and geocentric coordinates; traces model field lines from an arbitrary point to the Earth's surface or to an outer boundary using any combination of internal and external model; and locates the magnetopause using the Shue et al. (1998) and T96 boundary models. IGRF coefficients are downloaded automatically from NOAA, are represented as time series at millisecond cadence, and are extrapolated outside the tabulated epoch range. All routines take their inputs as arguments and return their outputs, rather than communicating through the shared common blocks of the Fortran and IDL versions. Note that the G parameters of T01 and the W parameters of T04 are not computed by the package and must be supplied by the user; support for T07d is under development.",Pure Python implementation of Tsyganenko's Earth magnetic field models,"ab45d6f4-403d-4528-9246-d2139db5bc72,89b29179-7fba-456e-b4ed-5ff5b548be18,d21c5d29-21ba-4288-bec0-8c077ac15aec,4ed73ccc-e12a-4009-aa2c-e40ea4c0c84a,e9bb1c0d-d4c7-4be7-be51-e3f8328be466,e1c9ec4f-63c6-40bc-b9ab-de70189bd83a,ff3b7502-07f2-4652-95bd-692557553cdb,7e6ed025-dbdb-446a-b6de-6ea964042972,05e06b15-ceb0-4623-a9c9-98ad6ec4ef49,0db96bcc-ca00-41b3-9cc5-32ea93d27c12,475f62e3-13dd-48a4-a01c-508cb306d7ca",https://github.com/tsssss/geopack/blob/master/README.md,6b85306a-52cc-458a-be04-5c7d82442038,bbfd3b11-634d-4d28-8644-c12600811b6d,,25b5bc68-71f8-44d8-8216-009adffb2fc3,"32376f38-8f50-4f0b-8165-6c97af4a4889,e3359e57-dfef-4306-a8f1-871e6e091f67,ff9c7301-6c51-4ed5-9767-6476b16c8266,382178c6-2c3b-40aa-a80b-b24f0b956593,d2ba10c5-228b-4069-be13-9b5becfc09c2,529c00ef-09b4-4fa3-9db9-fd998b69bbe7,b90254cb-945c-4462-acaf-124057f06f1f,9d091562-9d11-4922-bfcd-6bb05cb02dac",d0707947-b8fe-42cc-929b-7b7d9968c31c,29d7a7e6-bc1c-44eb-b0ff-bb460ae348ee,1948d1db-6e7d-4733-ae68-15fa57b8238b,eef6c156-35b4-433f-8d6d-2c3b5005347d,"1deefae3-ade4-414e-b586-7b015772ec14,515dae73-68bc-4030-8008-20c9eef5a01c,9d76b632-af2e-4300-bffb-dadf0bf4fbf5,1810173f-7493-429d-a279-ab30822f1ba1,c8168919-8394-4690-96c1-f686edbaaba5","32347f93-20dd-4c31-9578-12c44022740e,d1ed3417-d051-4f70-87e5-6da3bd504b6a,d67d2052-c84d-4212-a291-dc1630f3215e,fcef540a-15b3-4025-9b76-c8220cf6df46,a3c32918-fcfe-4670-823d-4679ed5ed6ae,a5e307ab-2e31-455c-a29c-4d5b99580a9a,caffa93f-c1bf-41b9-a24d-4eca6c41646d,29d44742-2730-40c8-b1df-3f5826593339,e0e47e8f-eb01-4a48-b02f-cb288a3ad43a,34055ab4-4b88-4b4e-ade4-a800969d7ad0,4d6a1fcb-4a48-4bb8-ac16-e47941708b4f,0226a986-1efc-41e4-9384-efd7b05ce4aa,20d35b2e-2997-48c2-a6e0-30320700bb0f,b2c75140-07b4-45be-ada7-0f5e0bec0033,d7b30d6c-b700-4372-8be3-2623ce607af9,738959c3-765d-4b2d-a8f7-610f4c266b69","92a7a452-ae05-4278-a18c-eded39d98130,e899e849-04d1-4b9b-ba87-b592634fb595,26c8c2f8-5c15-4f1e-971a-aa3874f1aa46,bf1e309e-4322-42dc-849c-490d103c986b",1828b40e-4ba9-4e8b-bf38-694862aa894e,,,https://github.com/tsssss/geopack,,"7d073440-38e0-4f33-9e88-4d3ed2f9ed7e,73b7fe8c-ee03-46eb-83d8-0ce77956245a"
4aa97b85-e71d-4584-a971-8b307e0a0e82,"1af99bfc-2061-4583-9cf3-33df280a7ea8,da38c24f-c972-4506-90bc-6ca75e9260ef",2015-04-21,ee990b81-8115-4ab4-8a7f-68a4d0bb345d,"dd77b0be-c31d-4319-a8d4-1ee118c9dbc7,467a628f-f84a-4f83-897e-53db5b735ddf,c7542071-752d-45ad-8bf2-3cd0cc32049b,26198aa3-44d8-432e-86a1-ac540e83cac1,c75b6a00-bbb8-4e01-b900-92f1053c1f0b,53de1422-f284-4bac-a187-98cf3dd5b713,d1f786d8-2139-4242-bef3-7d8d8aa59b0e,fa557c6f-236e-43b0-a871-148c613a2019,afa04a5e-8a74-4ae0-b318-021bee3aab75,4e4805f9-c92d-4977-9b1d-e738dba64759",,,GEOrinex,2ea15194-557e-4866-9891-9be85eece609,https://doi.org/10.5281/zenodo.595473,,"RINEX 2, RINEX 3, RINEX 4, and SP3 reader with batch conversion to NetCDF4 / HDF5 in Python or Matlab. GEOrinex reads plain, compressed, and Hatanaka-compressed GNSS navigation and observation files into xarray datasets for filtering, plotting, and offline analysis, and can write converted NetCDF4 outputs for faster reuse on large datasets.","Python RINEX 2/3/4 and SP3 reader with batch conversion to NetCDF4/HDF5 for GNSS processing, plotting, and scalable offline analysis of large local datasets.","ab45d6f4-403d-4528-9246-d2139db5bc72,d21c5d29-21ba-4288-bec0-8c077ac15aec,758dab69-cb35-477f-86c0-ed52606e335b,1dacbe62-8d60-4a7e-a1d8-ea0feba270b0,d8c3ac85-6e38-4ec9-baa6-a037b9b16d18,76c9ed80-50ea-41fb-9e17-c488430fd00f,402bf733-9d89-4602-b9ee-6e530d1b2836,a85c510d-76d1-4c75-9b81-7ae13a36dd30,5ec2f6e7-b28e-4a24-952c-0f24f6bce1b4",https://github.com/geospace-code/georinex,,"bbfd3b11-634d-4d28-8644-c12600811b6d,40f6b676-efcd-4081-b495-41af7370a073,7c439c97-4f6f-436f-be9a-dbb99341124b",40f6b676-efcd-4081-b495-41af7370a073,25b5bc68-71f8-44d8-8216-009adffb2fc3,,,,"d59c6796-a938-4b20-8ce5-3f9382d41eac,387d9dcb-827f-4e0c-887f-3d10d51284f5,1948d1db-6e7d-4733-ae68-15fa57b8238b,bc97966b-f24c-4952-bc8b-b917594247e1",,1deefae3-ade4-414e-b586-7b015772ec14,"a0c6ff32-b1c4-4ec1-a5a9-e5754390143d,23f9b1f6-8e91-4a2a-a387-b18ed68b5ec8,4063b9dd-1f3c-4682-9ebe-61754ef284d3,bbd193e0-c22a-4c1d-a787-3efaa787c893,9bb1a599-dcff-4641-8d26-6158aba7d028,ec224f7a-6057-4788-9cf6-4c12e721351b,cc4ca53a-385e-4a68-80f6-81ca9b844f1f","585072f1-a1cf-4f4e-94ac-f18f56388660,4139ec71-ce86-4902-a231-8c7c5098508a,983fc7cf-5c99-4274-8555-b8402d173924,8ff5fa26-147e-4ace-971e-7a4131cc6b14,2956992e-2cfd-40cc-b31e-7db632cc2a73,e517ff3f-564b-49d3-a2d5-bf74819e3dd9","15b2b5c4-74ab-4302-bca8-ec89ec347850,bdf946df-e77f-4bb1-8c4e-130a2f6ffa21,4139ec71-ce86-4902-a231-8c7c5098508a,d979a105-fa8b-49dd-8d9d-4b2371fcc13d",,,https://github.com/geospace-code/georinex,,
91f97996-69a3-43b8-bdfc-20895502415f,da38c24f-c972-4506-90bc-6ca75e9260ef,2021-03-13,ee990b81-8115-4ab4-8a7f-68a4d0bb345d,481229d7-54be-4f5a-9b10-634cb08c6838,"8ce29b83-921a-4896-8219-9d23d12eaf4b,99121cf9-8b73-4386-9361-f25c8c35d7bb,1869ec0d-c45c-4ef9-986e-ff2e67a5308a,925f8e38-4274-4053-aaa0-b9563201d7cb,c678437f-72d1-4155-bde3-5c5a74c26a59,972ef31c-1f9b-4bd3-8fa3-041af8796832,0eead6c3-38d9-492b-a634-3cb2479ea19a,62b0334a-c4b2-4356-befe-189b063030d1,2f3919e0-ef7f-4309-9752-03f082125b24,64730919-142c-4094-be78-db3c72a51231,1ec27b61-ac21-485c-8283-ac9b69f8b97d,7dd499ba-df35-40b1-83ff-038d083ebf3f,30ff36be-205d-47b2-a7a7-7a5ed0198a58,5f42ae3b-6a04-46c5-8824-3ef3e043f518,39c46fa5-79a6-42b0-9ef9-7f1b09ba54bb,e3ef1810-8264-444d-8e4e-ba6ce5d32bc9","3727a305-d1f2-43a0-80de-2cc7ea704a06,8b23cf8a-caf2-468b-88c0-1d7e12870f5a,516fc7e2-fe10-4d63-9658-6f51bb26232f,b4ad9216-7228-4a0d-b227-3bb018beb749,8c956d24-7d36-48f4-a291-7cc90ec1b114,c386f334-c49d-45d1-b3d6-1a0a9bf89c41,a3e7f282-5398-459a-8947-ad60df8d2882,26339745-8c88-4046-a7ba-8197c9c51614,b484f54d-0930-41dc-abab-fd5059c44f34,8c4c1613-7882-4b08-82af-0f42d9c4316f,6a2d3954-1429-4eba-b977-7178cca44afc,9420dc98-eaaf-41c5-bfbe-cbe7ed510e35,0fc494e3-4127-4006-b151-ff038d429ec9",GeospaceLAB,39d9dada-ceff-438a-a9eb-0e9326f39127,https://doi.org/10.5281/zenodo.5377318,2c157bb3-d29a-48ea-babc-f207cd0d079a,"GeospaceLAB provides a framework of data access, analysis, and visualization for researchers in space physics and space weather. It features a class-based data manager (DataHub, Dataset, Variable), extendable architecture for adding new data sources, comprehensive visualization tools for time series and map projections (including polar views with AACGM coordinates), space coordinate system transformations, and built-in support for numerous data sources including CDAWeb/OMNI, Madrigal/EISCAT, DMSP/SSUSI, ESA SWARM, AMPERE, SuperDARN, and various geomagnetic indices. More recent releases add extensive coverage of the ESA Swarm mission with around thirty supported data products, gridding and binning of satellite measurements by orbit sector, satellite-to-ground conjunction search, and data retrieval through the HAPI and VirES interfaces.","A Python framework for managing and visualizing data in space physics, with built-in support for numerous data sources including EISCAT, DMSP, SWARM, OMNI, and geomagnetic indices.","ab45d6f4-403d-4528-9246-d2139db5bc72,4a30e300-583d-47dc-bfb8-b0268c888710,89b29179-7fba-456e-b4ed-5ff5b548be18,d21c5d29-21ba-4288-bec0-8c077ac15aec,06bdcf26-0423-45d4-8cd0-71a1dd49dfa3,4ed73ccc-e12a-4009-aa2c-e40ea4c0c84a,e9bb1c0d-d4c7-4be7-be51-e3f8328be466,1dacbe62-8d60-4a7e-a1d8-ea0feba270b0,cebf9575-00b1-45bd-a386-fcbef4f589f3,e1c9ec4f-63c6-40bc-b9ab-de70189bd83a,758dab69-cb35-477f-86c0-ed52606e335b,6e1dbfec-913f-4d9b-9a3f-e8a2b7f82540,d8c3ac85-6e38-4ec9-baa6-a037b9b16d18,0691c3a9-a02f-4de3-9a1c-965782ddbef9,cfa01ea5-1be6-40fc-b8f0-96c1a866c7e0,76c9ed80-50ea-41fb-9e17-c488430fd00f,402bf733-9d89-4602-b9ee-6e530d1b2836,9ba5be4d-a4db-4145-80cc-9c006d68a219,a85c510d-76d1-4c75-9b81-7ae13a36dd30,8b47109e-5f73-4edc-8668-9c4f738684c6,5ec2f6e7-b28e-4a24-952c-0f24f6bce1b4,29cb514d-8259-4df4-833f-4e6631cd65e1,ff3b7502-07f2-4652-95bd-692557553cdb,05e06b15-ceb0-4623-a9c9-98ad6ec4ef49,0db96bcc-ca00-41b3-9cc5-32ea93d27c12",https://geospacelab.readthedocs.io/en/latest/,"2dc72a39-f07b-41cd-a57e-5e00d3a98448,ca51f084-1a32-458e-8ca9-5c1c49a0b227,ba7b6ccf-3c5d-409e-aaac-55e4110c8066,4e9099cf-0072-4807-8a5d-f4d03a06f09f,6b85306a-52cc-458a-be04-5c7d82442038,f41b8719-b3de-47f9-b753-6a13c2bf61dc,6480ff1c-f70f-4b8b-a70a-327bcc158f99,52d87dcc-8113-4f4f-9ff4-83cbd2f11bba,ed7e1c95-acef-423b-82bf-43ad6c78f333,5be2f587-e3d9-4309-ad50-2019d9df35af,a0b26285-8ffa-48e5-b0a9-18c8661340f7,7ffc59a8-b2ab-41fd-8cfa-8ca72bb58d1a","bbfd3b11-634d-4d28-8644-c12600811b6d,ab231ba2-0ccf-4cb3-b77a-94f1aee06296,c2883e1a-c97e-4dd0-a9ed-7dad7293bb3e,c459a631-8b02-4cc1-b546-c3ee0c7e19b9,102561e0-8fd0-4084-b4a5-f7e0f36eda03,40f6b676-efcd-4081-b495-41af7370a073,7c439c97-4f6f-436f-be9a-dbb99341124b","bbfd3b11-634d-4d28-8644-c12600811b6d,40f6b676-efcd-4081-b495-41af7370a073",25b5bc68-71f8-44d8-8216-009adffb2fc3,9ae1ff7d-359c-44ae-ad72-7db8d930353c,"04f92be2-3709-4683-9068-6073ce414ee0,b3150421-e257-4227-8176-78524f4cf257,b95de017-a207-4c71-a34f-afddb5e4142c,46af681f-ef1f-4434-87a3-721cfa635914,c4448c2e-a4a9-489a-9574-a3cee8c26d03,5e276e13-c7fd-4d28-96e3-2f55057b2acb,98080584-5d22-41d1-97b7-231831978d69",29d7a7e6-bc1c-44eb-b0ff-bb460ae348ee,"d59c6796-a938-4b20-8ce5-3f9382d41eac,387d9dcb-827f-4e0c-887f-3d10d51284f5,1948d1db-6e7d-4733-ae68-15fa57b8238b",d7f050b7-b557-445d-a0c5-1d89918a915e,"1deefae3-ade4-414e-b586-7b015772ec14,d99a68c9-4fde-417c-8c00-8f7a56c6eaa3,c8168919-8394-4690-96c1-f686edbaaba5,515dae73-68bc-4030-8008-20c9eef5a01c,ab8390b8-312d-4c69-b1bd-54993d31dbe4,757ff86d-708f-4f2d-8782-71ab39af4ab9,efeb129a-3fbc-4117-8799-abc003aa4219","201601ea-f181-4487-ab4d-2c9883193310,86d2edc6-df0a-44c8-8116-80fd741a1f11,7faf9d5d-2555-4042-9a02-14710d363599,158dfa57-4adf-4b97-8c3e-ca5face9b71a,9b20b075-2f51-44e7-b6d0-5d60c72fd041,32347f93-20dd-4c31-9578-12c44022740e,b43adce8-73c1-4753-9832-edb3c2b7e466,35c7eac7-4a89-422f-8119-a7d489e8da55,bded9284-fd47-488c-8913-17375acacd5c,117d3245-f2e3-42a4-a199-824f2d4d54dd,32e14a27-edb6-45e3-a3b5-69345e3b9ece,7e06dc65-8f88-45d9-aa3f-5ef150b32137,43fa7a83-941d-4fe3-8858-b7a9f3c91e22,85f0af6b-4960-4865-b91a-32b99df28d81,a0c6ff32-b1c4-4ec1-a5a9-e5754390143d,ded41705-3a2e-4124-ada8-441b9c2e3c1c,c8de4ad3-1e94-421f-a3f8-8823f174b3f1,8ff3ab6e-5071-41ce-8fba-4ab639e77cfd,a06141be-91d4-4b51-b597-7dab3213178a,26280f9f-9c08-4b72-acd2-fe27eea943bf,5a12d5ac-25e6-4472-9d56-520a31eccf76,a6f8a5e9-0a6e-4ec0-9cb2-4f89ad9f33fa,e0e47e8f-eb01-4a48-b02f-cb288a3ad43a,4d7716a7-1ada-440b-b542-df98ed896833,52853e5a-c8ba-4ce8-9875-8120bee89742,4d6a1fcb-4a48-4bb8-ac16-e47941708b4f,a0bcc826-5d43-47fa-84b9-08c3bb65b8ef,b2c75140-07b4-45be-ada7-0f5e0bec0033,cff2bf61-81e0-4f96-bb6b-ac5521a98f3a,38aeef08-ad46-454e-ab40-be56837ea724,cc0b25e9-c95f-42a6-8cc4-201595deb95f,3f4588d5-d52c-4f7b-af2f-4966a650a2b0,ac7f6b94-db19-4b56-9cea-8df0981fd0a5,b184816b-cbc6-4842-a603-5325ef0e4ed7,e2f6ddc7-fe51-4510-a28e-634ab69eb6b8,ed75de78-084d-4f30-b861-a56324c4f5e1","2292bb0f-e209-474a-9076-f5c411c4f8b3,212bfd8a-7ee5-400b-9af7-17c0439f566e,15cd3623-ef12-490a-95da-5450a61b1a9a,3effce45-ed0c-4f87-8033-e062795ad865,918efcf0-8c6d-4a4b-9fc0-bda518ded9be,b037c224-8a66-4a7c-9a07-160bbeb1fa36","ff0e8ff6-532a-4c92-aed1-4524ca2e4652,3c46eb2f-7072-40ea-b0ac-ab654bfd6fee","a4e07475-572f-48db-b2e7-5d59ea194465,1e7a4ba5-a5be-47ef-9415-d567e906b3ee,934158d0-e44b-4090-8aae-280ee5ae768f,14b7348c-636f-4142-b5ed-eea92095ad44,34f273ac-b78b-4881-88ba-7b4afe4d2144,5639973f-3756-4eda-a4ec-1c2b928968b3,d5a4780e-bb5f-4a1c-8ce0-641a66110ac5","e8f19c3a-cce2-43ab-9ffe-410dab7485d9,b3a95e5c-6c49-4086-98ce-2dce7d0bc61a,ceeadf39-c8be-483c-a4b9-d50dad256740,d3c4f9a6-6af0-4eba-b1ed-6e8127be7201,06b9d069-b6ac-4465-8e3f-887d6b658fef,fe169145-2a14-4919-8584-e89bcca94486,929ca1aa-1282-4b1b-9d27-1436b12e5c80,463bfdaf-50ab-40ec-abd1-92d7d58f6403,d72fda36-c177-4c50-a7a6-71121ed5eadc,2adca1f3-a9c8-4f91-91b6-3b353547f9cc",https://github.com/JouleCai/geospacelab,https://github.com/JouleCai/geospacelab/blob/master/docs/images/logo_v1_landscape_accent_colors.png,"7d073440-38e0-4f33-9e88-4d3ed2f9ed7e,73b7fe8c-ee03-46eb-83d8-0ce77956245a"
a81dc380-707e-4d2a-8995-ffe2454026ea,da38c24f-c972-4506-90bc-6ca75e9260ef,2017-01-19,974802bb-aabb-4985-9e95-6463c41146c8,dd77b0be-c31d-4319-a8d4-1ee118c9dbc7,,6c576d5f-4943-4914-9036-0d615698b390,GIMAmag,1eb91bad-12e3-47b2-b1ed-d51c4d4d9d7e,,,"UAF Geophysical Institute magnetometer network data read and plot. This software package provides tools for reading, processing, and visualizing magnetometer data from the University of Alaska Fairbanks Geophysical Institute Magnetometer Array (GIMA) network. The software reads netCDF4 format data files containing magnetic field measurements, allows time-based filtering and extraction, concatenates multiple hourly data files, and generates time series plots of the three magnetic field components (horizontal, declination, and vertical). The package is designed to support analysis of geomagnetic variations related to ionospheric currents and magnetospheric processes observed by the ground-based GIMA magnetometer network in Alaska.",UAF Geophysical Institute magnetometer network data read and plot,"d21c5d29-21ba-4288-bec0-8c077ac15aec,d8c3ac85-6e38-4ec9-baa6-a037b9b16d18,cfa01ea5-1be6-40fc-b8f0-96c1a866c7e0,76c9ed80-50ea-41fb-9e17-c488430fd00f,402bf733-9d89-4602-b9ee-6e530d1b2836,a85c510d-76d1-4c75-9b81-7ae13a36dd30",https://github.com/space-physics/gima-magnetometer#readme,"6b85306a-52cc-458a-be04-5c7d82442038,6480ff1c-f70f-4b8b-a70a-327bcc158f99",40f6b676-efcd-4081-b495-41af7370a073,,25b5bc68-71f8-44d8-8216-009adffb2fc3,,,,"d59c6796-a938-4b20-8ce5-3f9382d41eac,387d9dcb-827f-4e0c-887f-3d10d51284f5,bc97966b-f24c-4952-bc8b-b917594247e1",,"1deefae3-ade4-414e-b586-7b015772ec14,515dae73-68bc-4030-8008-20c9eef5a01c","ef2d1318-5e37-4140-ae47-91df65990d65,e8a76664-634c-4698-9535-b1f234842baf,04e9fd40-f52d-4d9a-9bbd-639ae7b80e6a,a6f8a5e9-0a6e-4ec0-9cb2-4f89ad9f33fa","15b2b5c4-74ab-4302-bca8-ec89ec347850,75274f40-edc0-4391-a3da-324d7469d212,4139ec71-ce86-4902-a231-8c7c5098508a,8ff5fa26-147e-4ace-971e-7a4131cc6b14",,,,https://github.com/space-physics/gima-magnetometer,,
81ad4d3f-39de-43d3-b4ec-45953b21ec71,"dde8f37b-2532-479f-8927-e9dd12d726a8,e7b6f70a-487f-4038-a41d-ad7e39e06fb6,1af99bfc-2061-4583-9cf3-33df280a7ea8,da38c24f-c972-4506-90bc-6ca75e9260ef",2005-04-01,ee990b81-8115-4ab4-8a7f-68a4d0bb345d,"dd77b0be-c31d-4319-a8d4-1ee118c9dbc7,7b49183a-7cfc-47cb-a25f-0cd09583f459",,,GLOW,0e06a2c7-0b0c-4e3b-97a1-d5e95dbc7044,https://doi.org/10.5281/zenodo.3344536,197f0e2a-f271-416d-a605-4d7689a11cab,"The GLobal airglOW Model (GLOW) is a physics-based model for simulating auroral and airglow phenomena in Earth's ionosphere and thermosphere. GLOW computes number densities of neutrals, ions and electrons; Pedersen and Hall currents; volume emission rates versus wavelength and altitude; and precipitating flux versus energy. This implementation provides Python, Matlab, and Fortran interfaces to NCAR GLOW version 0.981, with the Python interface being the recommended approach. The model uses first-principles physics to simulate the effects of auroral precipitation on the upper atmosphere.","NCAR GLOW 0.981 aurora/airglow model for Earth's ionosphere and thermosphere, accessible from Python, Matlab, and Fortran.","d21c5d29-21ba-4288-bec0-8c077ac15aec,4ed73ccc-e12a-4009-aa2c-e40ea4c0c84a,76c9ed80-50ea-41fb-9e17-c488430fd00f,a85c510d-76d1-4c75-9b81-7ae13a36dd30,ff3b7502-07f2-4652-95bd-692557553cdb,475f62e3-13dd-48a4-a01c-508cb306d7ca,25f0a6a8-ec49-4827-8d6f-b4524c237475",https://github.com/space-physics/NCAR-GLOW,,"bbfd3b11-634d-4d28-8644-c12600811b6d,40f6b676-efcd-4081-b495-41af7370a073,7c439c97-4f6f-436f-be9a-dbb99341124b","bbfd3b11-634d-4d28-8644-c12600811b6d,40f6b676-efcd-4081-b495-41af7370a073,7c439c97-4f6f-436f-be9a-dbb99341124b","25b5bc68-71f8-44d8-8216-009adffb2fc3,2e6c3834-d2fc-42f5-9528-b7fe7081845a",,,,"d59c6796-a938-4b20-8ce5-3f9382d41eac,387d9dcb-827f-4e0c-887f-3d10d51284f5,1948d1db-6e7d-4733-ae68-15fa57b8238b",5b5c9928-9f83-4528-b96a-bd87a1598816,1deefae3-ade4-414e-b586-7b015772ec14,"2033f602-c828-46f5-8b11-b0b7c82e04ab,158dfa57-4adf-4b97-8c3e-ca5face9b71a,a06141be-91d4-4b51-b597-7dab3213178a,ac7f6b94-db19-4b56-9cea-8df0981fd0a5","585072f1-a1cf-4f4e-94ac-f18f56388660,4139ec71-ce86-4902-a231-8c7c5098508a,7c653b99-b71c-423f-af13-c7b6bc064a54",,,,https://github.com/space-physics/NCAR-GLOW,,
c0c97c0f-c50b-44b5-9b95-c599e99004fa,da38c24f-c972-4506-90bc-6ca75e9260ef,2018-02-22,974802bb-aabb-4985-9e95-6463c41146c8,dd77b0be-c31d-4319-a8d4-1ee118c9dbc7,,"421a2eba-4e75-4a0b-b4f6-2d95c9b03179,88da8b2f-b231-49ac-afcb-4343df72a182",GOESutils,21569a8a-5f22-41f6-9ab0-a194112585be,,,Download and plot GOES satellite PNGs and high-resolution NetCDF4 by date/time. This Python package provides tools to download GOES (Geostationary Operational Environmental Satellite) preview images at 3-hour cadence and full-fidelity NetCDF4 data at 1-minute cadence from NOAA repositories. The software includes functionality to plot GOES infrared and other data georegistered on map coordinates using Cartopy. It supports both GOES-13 and GOES-16 satellites and can access data from the NOAA NCDC GIBBS service for preview images and NOAA CLASS for high-resolution data.,Quick Python script to download and plot GOES satellite preview and hi-resolution data by date/time.,"d21c5d29-21ba-4288-bec0-8c077ac15aec,e9bb1c0d-d4c7-4be7-be51-e3f8328be466,d8c3ac85-6e38-4ec9-baa6-a037b9b16d18,76c9ed80-50ea-41fb-9e17-c488430fd00f,402bf733-9d89-4602-b9ee-6e530d1b2836",https://github.com/space-physics/GOESplot,"ca51f084-1a32-458e-8ca9-5c1c49a0b227,6b85306a-52cc-458a-be04-5c7d82442038,6480ff1c-f70f-4b8b-a70a-327bcc158f99","bbfd3b11-634d-4d28-8644-c12600811b6d,40f6b676-efcd-4081-b495-41af7370a073,7c439c97-4f6f-436f-be9a-dbb99341124b","40f6b676-efcd-4081-b495-41af7370a073,7c439c97-4f6f-436f-be9a-dbb99341124b",25b5bc68-71f8-44d8-8216-009adffb2fc3,,,,"d59c6796-a938-4b20-8ce5-3f9382d41eac,1948d1db-6e7d-4733-ae68-15fa57b8238b",,1deefae3-ade4-414e-b586-7b015772ec14,"7b964481-b454-48dc-9ea6-79bf5b1e5f92,f4f0731f-fbb1-49d7-8cc4-e8b1b63037de,91ccee19-d55b-424f-a88b-dfe5ab499d90,1d8ce947-b942-478b-a054-4fedd12b2cee,bbd193e0-c22a-4c1d-a787-3efaa787c893,e0e47e8f-eb01-4a48-b02f-cb288a3ad43a,48822c03-ef13-4a69-936f-edb06d4dea15,b5aa09a9-9577-4221-b67e-1070d2b4c569,bca84a17-1bf6-426c-8404-cc80ae987ead,cff2bf61-81e0-4f96-bb6b-ac5521a98f3a","15b2b5c4-74ab-4302-bca8-ec89ec347850,4139ec71-ce86-4902-a231-8c7c5098508a,d979a105-fa8b-49dd-8d9d-4b2371fcc13d,8ff5fa26-147e-4ace-971e-7a4131cc6b14","15b2b5c4-74ab-4302-bca8-ec89ec347850,4139ec71-ce86-4902-a231-8c7c5098508a,d979a105-fa8b-49dd-8d9d-4b2371fcc13d",,,https://github.com/space-physics/GOESplot,,
f6e3429d-e80e-4cf6-889e-44af1e93f87d,da38c24f-c972-4506-90bc-6ca75e9260ef,2018-09-19,ee990b81-8115-4ab4-8a7f-68a4d0bb345d,"03a8d704-8e1c-495c-89d8-43a39d22d4e4,3a46e694-789a-4562-83d6-c22afb7ff43b,3c43820b-198f-43ed-8263-8df835a126e2,c154d944-30c6-453d-b43b-2982cadd277b",,,HAPI Client,d3fef943-3a99-4b04-b92f-32c9614fa225,https://doi.org/10.5281/zenodo.5553155,e0c003a7-6e63-4aea-8b21-a60c4ee01dc5,"A Python client for the Heliophysics Application Programmer's Interface (HAPI). This package provides functions to access time series data from HAPI-compliant servers, which serve data from various heliophysics missions and instruments. The client handles data retrieval, caching, and provides utilities for time format conversions. An optional hapiplot package provides basic visualization capabilities including line plots and spectrograms. The HAPI data model is intentionally minimal and follows the HAPI metadata specification closely.","Python client for accessing time series data from HAPI-compliant servers, with response parsing, caching, chunked and parallel requests, and time-format conversion utilities for heliophysics data.","d21c5d29-21ba-4288-bec0-8c077ac15aec,e9bb1c0d-d4c7-4be7-be51-e3f8328be466,d8c3ac85-6e38-4ec9-baa6-a037b9b16d18",https://github.com/hapi-server/client-python/blob/master/README.md,"2dc72a39-f07b-41cd-a57e-5e00d3a98448,4e9099cf-0072-4807-8a5d-f4d03a06f09f,6480ff1c-f70f-4b8b-a70a-327bcc158f99,52d87dcc-8113-4f4f-9ff4-83cbd2f11bba,5be2f587-e3d9-4309-ad50-2019d9df35af","fa1963cd-6a16-49e8-abae-a8db46658b40,102561e0-8fd0-4084-b4a5-f7e0f36eda03,7c439c97-4f6f-436f-be9a-dbb99341124b","fa1963cd-6a16-49e8-abae-a8db46658b40,102561e0-8fd0-4084-b4a5-f7e0f36eda03,7c439c97-4f6f-436f-be9a-dbb99341124b",25b5bc68-71f8-44d8-8216-009adffb2fc3,,,29d7a7e6-bc1c-44eb-b0ff-bb460ae348ee,1948d1db-6e7d-4733-ae68-15fa57b8238b,d7f050b7-b557-445d-a0c5-1d89918a915e,"1deefae3-ade4-414e-b586-7b015772ec14,515dae73-68bc-4030-8008-20c9eef5a01c,757ff86d-708f-4f2d-8782-71ab39af4ab9,c7b4385f-af5a-4e71-9879-43b11e356cf1,a93f49d5-6203-4f64-8d77-18c74a53f7a8,efeb129a-3fbc-4117-8799-abc003aa4219","37b706f3-d93f-4435-8b7e-d26644ddfd30,ded41705-3a2e-4124-ada8-441b9c2e3c1c,c8de4ad3-1e94-421f-a3f8-8823f174b3f1,17cc1190-514d-4a82-8483-2c3137e34ba9,4d6a1fcb-4a48-4bb8-ac16-e47941708b4f,61dec726-3ed1-42fd-b66d-2037dacb8ab5,9345919f-6744-4105-b4d4-fee8859f095b",092783a6-e630-45de-a9ad-4e507b288764,092783a6-e630-45de-a9ad-4e507b288764,,,https://github.com/hapi-server/client-python,https://hapi-server.org/logos/HAPI-large.png,
55fe5714-b786-4cda-83f2-44afeb341a92,da38c24f-c972-4506-90bc-6ca75e9260ef,2020-04-14,ee990b81-8115-4ab4-8a7f-68a4d0bb345d,"2f2f8c84-26a6-4541-a426-65edede4efd2,7eee71c9-4b16-49a1-9472-18ba95b0ffc8,622882c2-5ed3-4123-b605-9311c778d6bd","ba640087-5036-4856-a74b-b04900978427,22dcee4c-1412-4569-aaff-0380376fe8d1,327da9d0-abef-4d97-8c1b-e502e01e26b4,8ddb5932-6179-42e1-af26-28a961aa0dad,67b40be1-0c03-417b-a5a5-e3e37e121f14,475a1032-6d05-4b11-a5c4-95f029284d0b","d8d3eecd-c89f-453d-ae28-480bcb1005ce,86c66725-423e-4f23-b146-51eb8e59c117,828c4a41-6753-4682-a5a6-8f6fb9c9fa92",PREDSTORM,38fcbeb6-fb62-41d0-8811-ed8a35fd0481,https://doi.org/10.5281/zenodo.3750748,886403fd-8f00-4ac2-8184-5cf9a29050f1,"PREDSTORM is Python 3 software for space-weather prediction research. It predicts the background solar wind, high-speed solar-wind streams, and solar-storm magnetic flux ropes from solar-wind monitors at the Sun-Earth L1 and L5 points and from spacecraft east of the Sun-Earth line at or within about 1 AU. It also derives forecasts of the geomagnetic Dst and Kp indices and auroral power. For use in peer-reviewed scientific publications, the maintainers ask users to contact the contributors by email or Christian Möstl on Bluesky at @chrisoutofspace. Real-time results are available at https://helioforecast.space/solarwind.","Forecasting of the solar wind and geomagnetic storms with spacecraft at L1, L5 or trailing the Earth in its orbit","ab45d6f4-403d-4528-9246-d2139db5bc72,078c2195-93b7-4811-b103-ea857710faf7,89b29179-7fba-456e-b4ed-5ff5b548be18,d21c5d29-21ba-4288-bec0-8c077ac15aec,4ed73ccc-e12a-4009-aa2c-e40ea4c0c84a,e9bb1c0d-d4c7-4be7-be51-e3f8328be466,1dacbe62-8d60-4a7e-a1d8-ea0feba270b0,758dab69-cb35-477f-86c0-ed52606e335b,162d0da5-6fac-433b-b4dd-22a721788975,d8c3ac85-6e38-4ec9-baa6-a037b9b16d18,cfa01ea5-1be6-40fc-b8f0-96c1a866c7e0,76c9ed80-50ea-41fb-9e17-c488430fd00f,402bf733-9d89-4602-b9ee-6e530d1b2836,a85c510d-76d1-4c75-9b81-7ae13a36dd30,ff3b7502-07f2-4652-95bd-692557553cdb,7e6ed025-dbdb-446a-b6de-6ea964042972,05e06b15-ceb0-4623-a9c9-98ad6ec4ef49,f180354f-b0ad-49db-bdd9-4304733943f2,62d9ee10-eb34-4270-9da6-a7025828f286",https://github.com/helioforecast/Predstorm#readme,"6b85306a-52cc-458a-be04-5c7d82442038,6480ff1c-f70f-4b8b-a70a-327bcc158f99,52d87dcc-8113-4f4f-9ff4-83cbd2f11bba,ed7e1c95-acef-423b-82bf-43ad6c78f333,7ffc59a8-b2ab-41fd-8cfa-8ca72bb58d1a","bbfd3b11-634d-4d28-8644-c12600811b6d,ab231ba2-0ccf-4cb3-b77a-94f1aee06296,c2883e1a-c97e-4dd0-a9ed-7dad7293bb3e,102561e0-8fd0-4084-b4a5-f7e0f36eda03,7c439c97-4f6f-436f-be9a-dbb99341124b","bbfd3b11-634d-4d28-8644-c12600811b6d,7c439c97-4f6f-436f-be9a-dbb99341124b",25b5bc68-71f8-44d8-8216-009adffb2fc3,c02856e6-b054-4546-ae24-7ebe6ef55dea,711fc554-e3e2-4841-a23e-b8023060d049,29d7a7e6-bc1c-44eb-b0ff-bb460ae348ee,1948d1db-6e7d-4733-ae68-15fa57b8238b,eef6c156-35b4-433f-8d6d-2c3b5005347d,"1deefae3-ade4-414e-b586-7b015772ec14,515dae73-68bc-4030-8008-20c9eef5a01c,757ff86d-708f-4f2d-8782-71ab39af4ab9,a93f49d5-6203-4f64-8d77-18c74a53f7a8,efeb129a-3fbc-4117-8799-abc003aa4219,d99a68c9-4fde-417c-8c00-8f7a56c6eaa3,1810173f-7493-429d-a279-ab30822f1ba1","b8203c73-e392-4f69-a8bc-d759bc6fc993,a84d585b-c0a5-4d92-ae79-c593f7d6e0b6,c81dfd22-3b80-4783-b21f-d009e40e4334,07fd7767-22a4-4cd0-b08a-dd542ebe2ab4,c8de4ad3-1e94-421f-a3f8-8823f174b3f1,e223703e-2f18-4d4f-ae0a-d63aa893f057,f16c99d6-9693-4b36-8251-fda5b06acacd,c3764d26-b0d7-4da4-92fb-0c0c8bae6982,89ac1236-d27e-48d4-bed0-9dd239b93856,7dbf8b44-ce6d-4e1b-8513-ed5796f00e01,b2c75140-07b4-45be-ada7-0f5e0bec0033,cff2bf61-81e0-4f96-bb6b-ac5521a98f3a,f6eb2b1f-78e8-41ed-a490-c7e41f608b3f","827bcaa2-31a2-4f2b-90ce-492ba59f0b9f,f6bf993e-2fbb-4379-a4e6-cf37c884f231",be740158-2668-4455-9f25-35ad8cf5cc46,1241b7fb-f105-44bc-bfce-b952c018f3c4,3a1d62c5-ffcc-4126-8892-f48ec88a3460,https://github.com/helioforecast/Predstorm,,"82801102-0270-4fbc-ae73-24afeda2d299,7d073440-38e0-4f33-9e88-4d3ed2f9ed7e,73b7fe8c-ee03-46eb-83d8-0ce77956245a"
cf802366-d886-45a5-bd49-2566521a4bbe,"59dfd56c-cbb7-42b7-ae25-998d75fa13ff,f6635932-7453-4b3b-9322-9c1b18147056,da38c24f-c972-4506-90bc-6ca75e9260ef",2021-03-01,974802bb-aabb-4985-9e95-6463c41146c8,"b57d704d-ca85-457e-9ebc-7cdc16cf14af,e67d0cca-ed84-4a81-898c-2db53af16b7c,008daee1-7389-416b-8a90-c6573f4e126b,ee55616e-7a77-451b-97c7-02304b18d653,2c0973cf-c491-428a-a4f4-ad1756629eef,cc9bb455-c575-463e-8d1f-b1b6576f67dd,2ed95217-bd9c-4b44-b9ca-846a326c54e8","749eadab-6704-485b-8f55-5d6d124a85ac,fd464e1c-005e-49d9-a43f-61f8037f68b9,925bcc5b-d55d-4ffe-867b-604212304333","516fc7e2-fe10-4d63-9658-6f51bb26232f,00fda6a1-810b-4143-8d8a-20a89060fbe5,ae25d0f9-7f84-4ce9-a4eb-41dd73110898,064b4b26-c66b-4437-b1c3-6af3f2f2b05d,ececd1b9-759c-4a0b-a458-31e0837fb573,f7b0e409-1c38-469c-a3b8-e620927ff1ec,694a5865-46ca-43ec-853a-21384cf7d721,dda5b764-48e3-4dec-a190-a3e2fdbd2344,96277096-e5ae-4582-a5b5-ae879f065535,d4e59db2-c6b1-4a20-a54d-fede6b2a25a8,93269528-25ec-4530-90e9-e2a4bfa0531f,de43dfb7-b8c4-4802-91ac-22a56da5b707,7f7b9c7d-d7fd-4e5b-ba35-e68b531fa000",Helio-KNOW,,,,"This repository is home to the Heliophysics KNOWledge Network (Helio-KNOW) development and community: the collection of software and systems for improved information representation in Heliophysics, and the commons for the community to use and collaborate through them. Helio-KNOW brings knowledge graph approaches to the solar wind-magnetosphere-ionosphere (SWMI) system, focusing on magnetosphere-ionosphere coupling and creating the tools with which coupling phenomena and space weather risks can be studied. The repository provides four kinds of resource. First, data models: the HelioKNOW suite of SKOS/OWL ontologies covering core concepts, phenomena, regions, models and instruments; a region-based taxonomy contributed to the Unified Astronomy Thesaurus; and the Center for HelioAnalytics community ontology. Second, tools: utilities for retrieving DMSP and FAST spacecraft ephemeris and data availability from NASA's Satellite Situation Center; reading, converting and plotting DMSP SSJ precipitating electron and ion CDF data; machine-learning analysis and prediction of auroral particle precipitation; harvesting and citation-network analysis of the heliophysics literature from NASA ADS; natural language processing of heliophysics texts; and harmonizing heliophysics glossaries and phenomena vocabularies across SPASE, the Unified Astronomy Thesaurus, AGU, GCMD, SWEET and GEMET. Third, data pipelines for semantically lifting observational datasets into the knowledge graph. Fourth, interfaces: a Java/RDF4J knowledge-graph server and an interactive data-availability dashboard. The tools are research notebooks rather than an installable package, and several carry hard-coded local paths. This repo's issue tracker also serves as a general-purpose discussion forum, and one goal of Helio-KNOW is to bring together the research community around intelligent knowledge infrastructure and welcome all to contribute to the conversation and development.",Software and systems for improved information representation in Heliophysics,"ab45d6f4-403d-4528-9246-d2139db5bc72,4a30e300-583d-47dc-bfb8-b0268c888710,89b29179-7fba-456e-b4ed-5ff5b548be18,d21c5d29-21ba-4288-bec0-8c077ac15aec,4ed73ccc-e12a-4009-aa2c-e40ea4c0c84a,e9bb1c0d-d4c7-4be7-be51-e3f8328be466,1dacbe62-8d60-4a7e-a1d8-ea0feba270b0,cebf9575-00b1-45bd-a386-fcbef4f589f3,758dab69-cb35-477f-86c0-ed52606e335b,162d0da5-6fac-433b-b4dd-22a721788975,d8c3ac85-6e38-4ec9-baa6-a037b9b16d18,0691c3a9-a02f-4de3-9a1c-965782ddbef9,cfa01ea5-1be6-40fc-b8f0-96c1a866c7e0,76c9ed80-50ea-41fb-9e17-c488430fd00f,402bf733-9d89-4602-b9ee-6e530d1b2836,e808c21d-338f-411a-838f-be0ce95700b5,a85c510d-76d1-4c75-9b81-7ae13a36dd30,6c9aba0e-c280-4663-bde0-a8d4bcc41bf7,5ec2f6e7-b28e-4a24-952c-0f24f6bce1b4,29cb514d-8259-4df4-833f-4e6631cd65e1,24ce2de6-0be7-448f-b5cd-b7f5b21a056c,ff3b7502-07f2-4652-95bd-692557553cdb,7e6ed025-dbdb-446a-b6de-6ea964042972,05e06b15-ceb0-4623-a9c9-98ad6ec4ef49,0db96bcc-ca00-41b3-9cc5-32ea93d27c12,62d9ee10-eb34-4270-9da6-a7025828f286,27c3e41e-8134-42d2-92f3-b444682fc369,a52b9772-b059-4c7f-9102-c50ccd0864fd",https://github.com/rmcgranaghan/Helio-KNOW/wiki,"2dc72a39-f07b-41cd-a57e-5e00d3a98448,6b85306a-52cc-458a-be04-5c7d82442038,f41b8719-b3de-47f9-b753-6a13c2bf61dc,6480ff1c-f70f-4b8b-a70a-327bcc158f99,52d87dcc-8113-4f4f-9ff4-83cbd2f11bba,ed7e1c95-acef-423b-82bf-43ad6c78f333,5be2f587-e3d9-4309-ad50-2019d9df35af","bbfd3b11-634d-4d28-8644-c12600811b6d,ab231ba2-0ccf-4cb3-b77a-94f1aee06296,fa1963cd-6a16-49e8-abae-a8db46658b40,c2883e1a-c97e-4dd0-a9ed-7dad7293bb3e,102561e0-8fd0-4084-b4a5-f7e0f36eda03,7c439c97-4f6f-436f-be9a-dbb99341124b","bbfd3b11-634d-4d28-8644-c12600811b6d,fa1963cd-6a16-49e8-abae-a8db46658b40,102561e0-8fd0-4084-b4a5-f7e0f36eda03,7c439c97-4f6f-436f-be9a-dbb99341124b",25b5bc68-71f8-44d8-8216-009adffb2fc3,"49c10cb0-26c4-42ab-a80a-4799779c189d,9cf7b871-9776-4ab3-85f6-3f0ed220b68a,2ef07e19-35c0-4af1-a407-2ed687ab7b2a","770fe609-5382-42ae-a077-06cdd9f402c4,e713b0d6-65ab-4858-a436-946ae75e94fe,f4fe9a00-400c-4569-9bf9-d31639c73d85",29d7a7e6-bc1c-44eb-b0ff-bb460ae348ee,"d59c6796-a938-4b20-8ce5-3f9382d41eac,387d9dcb-827f-4e0c-887f-3d10d51284f5,bc97966b-f24c-4952-bc8b-b917594247e1",0e565a36-a0dd-44aa-84b5-e19fbfdeefd8,"c8168919-8394-4690-96c1-f686edbaaba5,d99a68c9-4fde-417c-8c00-8f7a56c6eaa3,ab8390b8-312d-4c69-b1bd-54993d31dbe4,515dae73-68bc-4030-8008-20c9eef5a01c,9d76b632-af2e-4300-bffb-dadf0bf4fbf5,1810173f-7493-429d-a279-ab30822f1ba1,ceb2430a-fc5b-4425-aa58-d5de2836a0ee,5424f843-b398-4bc0-bd43-d26371959315,1deefae3-ade4-414e-b586-7b015772ec14,e9772970-d2a5-4617-97c9-43906ee43bc0,efeb129a-3fbc-4117-8799-abc003aa4219,757ff86d-708f-4f2d-8782-71ab39af4ab9,b75d78e6-234d-4bb6-bd52-7de23b537029,bd3cc8f7-af8f-45be-88c3-494f3a7512ad,c3a9604e-be8e-4d21-a275-a9912768e290,e42ab411-8f39-4faa-864b-63de34253079,a93f49d5-6203-4f64-8d77-18c74a53f7a8","158dfa57-4adf-4b97-8c3e-ca5face9b71a,32e14a27-edb6-45e3-a3b5-69345e3b9ece,d2bc892c-45d4-4357-8b33-68ccf9b08440,e6ee7606-783b-447e-8753-8bc0b0fe5642,c8de4ad3-1e94-421f-a3f8-8823f174b3f1,5ad648b9-fdb5-44f6-bf19-72dc3e8679a7,a06141be-91d4-4b51-b597-7dab3213178a,bf65a1c9-d136-48f0-873b-eff1a7640ac8,55c6a761-70ad-47aa-9f6e-50c54d73b330,2d9a1895-7647-484f-99eb-1458965a33f3,ef7f810a-6883-45e1-ae10-8ca2228e2c37,ac4323d7-c0de-4c9a-8731-2ce1c606b2be,e0e47e8f-eb01-4a48-b02f-cb288a3ad43a,ac5232b3-823e-4243-9b1d-332dbd42ef1e,17cc1190-514d-4a82-8483-2c3137e34ba9,eb573f66-0630-4d0e-b544-ea8f09139cf9,976ec718-b5c0-4877-a7b9-ddd51caecf44,2e834d30-38c1-40f6-95a5-aeca0df7fa3f,09eb4a1e-d0a4-48c1-b81e-2476deab2d85,510c6949-902a-4934-a5b2-31cfad21a446,4d6a1fcb-4a48-4bb8-ac16-e47941708b4f,ba49cce2-e6c0-4bd0-b066-a6ade414f27a,7dbf8b44-ce6d-4e1b-8513-ed5796f00e01,cff2bf61-81e0-4f96-bb6b-ac5521a98f3a,3dbaaf65-92d6-4bbb-9001-deed077f6e03,4a14a899-c279-4703-96b5-ec1340d96862,ac7f6b94-db19-4b56-9cea-8df0981fd0a5,25f29336-3f23-403d-baa5-f4c9570b9e5d","e50fa18f-d5d5-4d6f-a702-ad3786750d95,1afcec51-c6ae-48d2-b4a9-c2cde287f08c,dda2a331-e112-463f-ab02-1ebe4ae42285,dbab6da3-6082-4860-a03c-dceaec6947b6,548da4c4-a001-4842-ab2c-40148a06aa9f","d0fbec6e-7f68-4ef7-8d57-9764215963ce,4dcfbe4d-f017-4070-bb51-52880269d5ee","c283100a-42c4-4a84-a172-5e13c9fccf60,a4e07475-572f-48db-b2e7-5d59ea194465",9f9f0d0b-0196-461d-ab65-3c32291af507,https://github.com/rmcgranaghan/Helio-KNOW,,"82801102-0270-4fbc-ae73-24afeda2d299,7d073440-38e0-4f33-9e88-4d3ed2f9ed7e,754b7219-9dc1-4d74-9918-c5f1c0947192,73b7fe8c-ee03-46eb-83d8-0ce77956245a,5e6ea23a-9318-4ad7-bb98-197591c4312c"
86c00a32-6dca-4d77-bddb-75c36d0ec0ca,"77ac5f09-8feb-4d56-b97e-4c7a91361990,f6635932-7453-4b3b-9322-9c1b18147056,da38c24f-c972-4506-90bc-6ca75e9260ef",2025-11-14,ee990b81-8115-4ab4-8a7f-68a4d0bb345d,960ab3df-bb01-4534-bf4f-05e75bc9a5b1,"48a695d5-dd48-4090-bcfe-ec236546019e,242babd2-9ea2-429d-9201-ae3a5a7c3290",7e18bdee-4686-4ba8-b3c3-eef1e7fbc02e,Helio-Lite: A Lightweight Version of HelioCloud,4dc99e5f-a4ba-427c-b1f2-9c27db28550a,https://doi.org/10.5281/zenodo.17611740,3d5d469a-343d-4eff-89f8-a01b8a693aed,"Helio-Lite v0.1.0

Abstract

In the rapidly evolving field of heliophysics research, the demand for accessible and scalable computational resources is paramount. Helio-Lite, a free and open-source framework operating within the Amazon Web Services (AWS) ecosystem, leverages its infrastructure and services to provide a reproducible research environment. Derived from HelioCloud, it supports smaller research groups, provides essential prerequisites for artificial intelligence (AI) and machine learning (ML) applications, and serves as a specialized tool for data sharing and computation. Utilizing AWS’s robust data storage and processing capabilities, Helio-Lite integrates customized Python kernels for heliophysics and AI/ML, facilitating efficient data analysis and advancing our understanding of solar phenomena. Key functionalities include interactive data extraction modules for Atmospheric Imaging Assembly (AIA) and Helioseismic and Magnetic Imager (HMI) images, and near real-time space weather data from the Database of Notifications, Knowledge, Information (DONKI). A comprehensive examples repository further supports users in analysis and exploration. Helio-Lite addresses challenges posed by large solar datasets by parsing directly from Amazon Simple Storage Service (S3) buckets, improving accessibility and efficiency. Moving forward, Helio-Lite will continue to evolve through community feedback and iterative development to enhance usability and system management.

Simple Language

In simple terms:

1. You launch an AWS EC2 instance and paste the Helio-Lite bootstrap script.
2. The system automatically installs JupyterHub and configures two Conda environments: AI/ML and PyHC.
3. You access the JupyterHub interface from your browser and run preloaded heliophysics examples.
4. You can add new users, share data, and extend the platform for custom research workflows.

Helio-Lite bridges professional and citizen research, making space-weather analysis accessible, reproducible, and cloud-ready.

System Overview

- AWS services: EC2, S3, CloudFront, Route 53, CloudWatch, IAM
- External APIs: JSOC (AIA/HMI), DONKI (space weather events)
- Outputs: Jupyter notebooks, CSV datasets, Conda environments, tutorial video

AWS architecture diagram: https://indiajacksonphd.s3.us-east-1.amazonaws.com/architecture.pdf
Setup tutorial on YouTube: https://www.youtube.com/watch?v=318Z1h9paMU

Repository Structure

- START_HERE/ – automated bootstrap scripts for EC2 deployment
- custom_modules/ – Python utilities for data extraction and processing
- custom_templates/ – JupyterHub login and UI templates
- examples/ – example Jupyter notebooks (e.g., AI/ML, solar data analysis)
- kernel_creation/ – scripts for creating Conda kernels (AI/ML and PyHC)
- libraries_dependencies/ – environment and requirements files (requirements.txt, environment.yml)
- README.md – main project documentation

Author Note

Helio-Lite was conceptualized, designed, and implemented by Dr. India R. Jackson as part of her PhD dissertation work at Georgia State University. The platform was inspired by and developed as a lightweight, single-instance counterpart to HelioCloud (https://github.com/heliocloud-data). Dr. Jackson led all phases of design, implementation, and documentation. Advisors: Dr. Petrus Martens and Dr. Berkay Aydin provided feedback on functionality, usability, and testing.

Version Info

- Release type: First public release
- Tag: v.0.1.0
- License: MIT","A free, open-source AWS framework that deploys a reproducible single-instance JupyterHub for heliophysics, bundling PyHC and AI/ML Python kernels, AIA/HMI and DONKI data modules, and examples.","d21c5d29-21ba-4288-bec0-8c077ac15aec,4ed73ccc-e12a-4009-aa2c-e40ea4c0c84a,e9bb1c0d-d4c7-4be7-be51-e3f8328be466,758dab69-cb35-477f-86c0-ed52606e335b,162d0da5-6fac-433b-b4dd-22a721788975,d8c3ac85-6e38-4ec9-baa6-a037b9b16d18,76c9ed80-50ea-41fb-9e17-c488430fd00f,402bf733-9d89-4602-b9ee-6e530d1b2836,24ce2de6-0be7-448f-b5cd-b7f5b21a056c,27c3e41e-8134-42d2-92f3-b444682fc369,11a33e3a-d00e-489d-9e15-a33c3b93b0b8,6ec2b9b4-0793-4c08-91c1-2bb2dce44a7a,e8a1d904-f327-4274-8215-8f080e4aa90c,9b446b08-fd9d-4ea7-94d3-2a0b3328f121",https://github.com/indiajacksonphd/Helio-Lite,"6b85306a-52cc-458a-be04-5c7d82442038,6480ff1c-f70f-4b8b-a70a-327bcc158f99,ed7e1c95-acef-423b-82bf-43ad6c78f333,52af0f1d-3ca9-4362-b10e-f4ae4d69eddc","fa1963cd-6a16-49e8-abae-a8db46658b40,102561e0-8fd0-4084-b4a5-f7e0f36eda03,7c439c97-4f6f-436f-be9a-dbb99341124b","fa1963cd-6a16-49e8-abae-a8db46658b40,102561e0-8fd0-4084-b4a5-f7e0f36eda03,7c439c97-4f6f-436f-be9a-dbb99341124b",2e6c3834-d2fc-42f5-9528-b7fe7081845a,87410a7b-dc20-4de6-8541-2230c4bcf8f8,"2bc9e9b9-90f6-4d6c-9a2a-56ae6b73aacc,923637b5-926c-458d-b399-8f100423605a,ed7c8487-55bb-4642-8c7c-798aa998dd62,9ced3677-69ce-47b8-bcfc-884a5b058938",29d7a7e6-bc1c-44eb-b0ff-bb460ae348ee,d59c6796-a938-4b20-8ce5-3f9382d41eac,eef6c156-35b4-433f-8d6d-2c3b5005347d,"a93f49d5-6203-4f64-8d77-18c74a53f7a8,bd3cc8f7-af8f-45be-88c3-494f3a7512ad,b75d78e6-234d-4bb6-bd52-7de23b537029,c3a9604e-be8e-4d21-a275-a9912768e290,757ff86d-708f-4f2d-8782-71ab39af4ab9","ca5b0fcf-124a-4b35-9150-ba750304df0b,a7d9186c-ada5-4ec2-84b4-be0dd9e788be,f6e2935a-68ee-40a4-ba1f-b43d7adc04ee,4ad5b5db-d547-4fb8-a4e8-24af83066032,c8de4ad3-1e94-421f-a3f8-8823f174b3f1,8b09573f-8aba-45f5-91b5-881d1895815b,f25eaa76-8ff2-4bd2-a95f-f062f0debef1,ac4323d7-c0de-4c9a-8731-2ce1c606b2be,4d6a1fcb-4a48-4bb8-ac16-e47941708b4f,0e1b5b40-f62e-47c1-8329-80b122a01415,73c97c54-ef46-481d-9f40-1d78d5dc4654,cff2bf61-81e0-4f96-bb6b-ac5521a98f3a","fffec955-1f37-42bc-83cd-05a47dab1d4c,bdfe4757-e667-480b-a2c9-80e148ce42d1,bb8e82ab-8f67-41a2-b813-22d1bb0f46f4","3c83bf56-6b18-445a-ab05-aaec755d3d9e,1828b40e-4ba9-4e8b-bf38-694862aa894e,4dcfbe4d-f017-4070-bb51-52880269d5ee,2844e9c1-dedb-402f-bbb1-b63cb821c8e8","4d4dd0ac-e1e3-43e1-ae4f-cdafb2dc4a5d,a4e07475-572f-48db-b2e7-5d59ea194465",2b6022eb-fadb-4a93-8029-6490b437c73a,https://github.com/indiajacksonphd/Helio-Lite,,"754b7219-9dc1-4d74-9918-c5f1c0947192,82801102-0270-4fbc-ae73-24afeda2d299,e85b749e-5788-425a-8952-8fc9a329216b"
d176bc00-f198-4250-b9d7-5193f621fd60,"77ac5f09-8feb-4d56-b97e-4c7a91361990,f6635932-7453-4b3b-9322-9c1b18147056,da38c24f-c972-4506-90bc-6ca75e9260ef",2018-09-10,ee990b81-8115-4ab4-8a7f-68a4d0bb345d,"a898e590-9e33-454e-adf9-b25958194eba,e1de620b-45ea-462c-91a7-3e3d087167df,745c8171-9c5d-4ced-84c8-14b528ed9ce2,04ac9c44-f2d9-4c63-8607-80e33c159fc3,0d267836-dfe4-4fc1-a311-c913090079df,a20fda44-fb10-4c49-8f6d-86bde4756bf2,0f484bfb-290c-45cd-9141-3b8f7ff08b9d,c77fd798-97b9-48e5-b3cf-ade23d6493ad,e67d0cca-ed84-4a81-898c-2db53af16b7c,e772bb93-efbb-4cc1-9d06-f37dddc6485a,5142577e-0fcf-4454-9dcc-21fce4fdc581,079aabac-08e2-4cf3-adfe-b00f3afe2275,fe8eee07-84fd-4009-9b91-a8daed612b0d","d7c94b3e-92b0-4185-926d-51a929b16b64,48a695d5-dd48-4090-bcfe-ec236546019e,95b8a3d7-1ecf-4032-a875-68b5d4e34cff,242babd2-9ea2-429d-9201-ae3a5a7c3290,24a0e171-e130-47c5-85f5-717bdfedece4,9de10b5c-8e9d-405f-80ea-f26349988d1c,49e72ca0-f13b-4b51-9259-62d32e48ada8,c15a092e-ac40-4b62-81a9-b28e9f99841c,532c5244-20ed-49a2-9ee0-e56d87e9b70c,b7e83d90-c616-48be-adcb-fd8c7ac3b92c,db84bfad-b67d-4c39-8636-72a2164bac76","d092d05b-4472-4b75-b52e-86e0935a8b12,7a486701-640f-4d8e-8c5a-6188ed8bbc62,56383136-2c06-45d7-a13c-0e1c7ebc583d,4a9e1a36-e029-4939-996f-fc5173f3a61b,e49699f5-8ba7-4b37-a71c-42063554706e,3f74e7e7-41fc-4614-b896-1490f4d5ca79,af2d2f7a-38b6-4fe4-93fa-2f14c21c1421,7e18bdee-4686-4ba8-b3c3-eef1e7fbc02e,ceeef0d2-cc36-45a8-bdfe-3a7f65916568",HelioML,b03aacd6-424a-47a1-9b94-9296d99e9113,https://doi.org/10.5281/zenodo.1412824,,"This is the source code for a book about machine learning, statistics, and data mining for heliophysics.

This book includes a collection of interactive Jupyter notebooks, written in Python, that explicitly shows the reader how to use machine learning, statistics, and data mining techniques on various kinds of heliophysics data sets to reproduce published results.","A book about machine learning, statistics, and data mining for heliophysics","d21c5d29-21ba-4288-bec0-8c077ac15aec,4ed73ccc-e12a-4009-aa2c-e40ea4c0c84a,e9bb1c0d-d4c7-4be7-be51-e3f8328be466,1dacbe62-8d60-4a7e-a1d8-ea0feba270b0,cebf9575-00b1-45bd-a386-fcbef4f589f3,6e1dbfec-913f-4d9b-9a3f-e8a2b7f82540,162d0da5-6fac-433b-b4dd-22a721788975,d8c3ac85-6e38-4ec9-baa6-a037b9b16d18,cfa01ea5-1be6-40fc-b8f0-96c1a866c7e0,76c9ed80-50ea-41fb-9e17-c488430fd00f,402bf733-9d89-4602-b9ee-6e530d1b2836,a85c510d-76d1-4c75-9b81-7ae13a36dd30,6c9aba0e-c280-4663-bde0-a8d4bcc41bf7,24ce2de6-0be7-448f-b5cd-b7f5b21a056c,ff3b7502-07f2-4652-95bd-692557553cdb,f180354f-b0ad-49db-bdd9-4304733943f2,f7b38a8f-3117-49a5-89b2-a66930c7ca4b,62d9ee10-eb34-4270-9da6-a7025828f286",http://helioml.org/,"2dc72a39-f07b-41cd-a57e-5e00d3a98448,ca51f084-1a32-458e-8ca9-5c1c49a0b227,6b85306a-52cc-458a-be04-5c7d82442038,6480ff1c-f70f-4b8b-a70a-327bcc158f99,52d87dcc-8113-4f4f-9ff4-83cbd2f11bba","bbfd3b11-634d-4d28-8644-c12600811b6d,ab231ba2-0ccf-4cb3-b77a-94f1aee06296,fa1963cd-6a16-49e8-abae-a8db46658b40,b82cd96d-8243-41d9-b015-03436704cdbf,c2883e1a-c97e-4dd0-a9ed-7dad7293bb3e,31039da9-c899-438c-ab18-da9733541f12,102561e0-8fd0-4084-b4a5-f7e0f36eda03,7c439c97-4f6f-436f-be9a-dbb99341124b","fa1963cd-6a16-49e8-abae-a8db46658b40,b82cd96d-8243-41d9-b015-03436704cdbf,7c439c97-4f6f-436f-be9a-dbb99341124b","987f5bd0-1eaa-4757-92f2-bffce6f02ebc,2e6c3834-d2fc-42f5-9528-b7fe7081845a","92d7d46c-e6a5-4c37-a8de-6b46408face8,863ea153-2dce-4108-8ac4-8a2c9141769e,fe83a773-892d-4dad-84e7-bd585a246801,6c3305b3-69e7-4a7e-94d9-f6989ff1165d,83bd7c2c-18d7-47e1-992b-d94cce5b8d4f,bd05b59d-3e97-4d97-9265-c476e93695ab,b6f4910f-3a45-47fb-be70-86cfc27edfab,745b1209-20c1-4aab-9729-f3841c462e6c,407acc45-0bd4-4e6d-b40a-497e5868c809","8e08ac66-b787-4d34-a5ee-4a2882300478,3eddbebb-9ba8-422d-b4c1-0cc89e6c2e89,b63e0a77-b2da-48d6-b44f-bb1c07eb9eb8",c8723cab-e273-44ba-98cf-9c24b392ca33,"d59c6796-a938-4b20-8ce5-3f9382d41eac,387d9dcb-827f-4e0c-887f-3d10d51284f5,bc97966b-f24c-4952-bc8b-b917594247e1",d7f050b7-b557-445d-a0c5-1d89918a915e,"b75d78e6-234d-4bb6-bd52-7de23b537029,bd3cc8f7-af8f-45be-88c3-494f3a7512ad,1deefae3-ade4-414e-b586-7b015772ec14,d99a68c9-4fde-417c-8c00-8f7a56c6eaa3,1810173f-7493-429d-a279-ab30822f1ba1,c8168919-8394-4690-96c1-f686edbaaba5,5424f843-b398-4bc0-bd43-d26371959315,515dae73-68bc-4030-8008-20c9eef5a01c,ceb2430a-fc5b-4425-aa58-d5de2836a0ee,757ff86d-708f-4f2d-8782-71ab39af4ab9,c3a9604e-be8e-4d21-a275-a9912768e290,c7b4385f-af5a-4e71-9879-43b11e356cf1,a93f49d5-6203-4f64-8d77-18c74a53f7a8,e42ab411-8f39-4faa-864b-63de34253079,efeb129a-3fbc-4117-8799-abc003aa4219","3692864b-a3e8-4bfd-a8d7-951a7180cae9,83da323d-0220-4281-a531-eee4de47a8b1,cd3c3c30-3072-4228-9aef-df4ffce73708,0fb5a2bc-5e99-47a4-9406-d65e27fc9786,c973974c-64b2-491c-b084-fcb55e6ef397,853adb4f-709b-4aea-b519-c2c3f54cabaa,c0725224-4344-40b8-aa1a-25d7d4925312,548c2353-d1df-4141-ba40-2fef3c417c14,c8de4ad3-1e94-421f-a3f8-8823f174b3f1,2b2ba2e7-e143-4cb6-aca2-1fdb0cbb4034,8b09573f-8aba-45f5-91b5-881d1895815b,ac4323d7-c0de-4c9a-8731-2ce1c606b2be,bb9084f7-5a79-4e52-92f2-a8d127b672fa,42f3b9b7-42aa-4b73-8ea2-2594c93d2618,6d377ea8-16d7-4a9f-84e5-aa999d17d99a,25a62607-a7d0-4b72-b5c7-8c9f1eb674bb,c06b69f5-304f-46cd-b567-a3a26bba6ad4,4d6a1fcb-4a48-4bb8-ac16-e47941708b4f,6a7dd3a8-a1bb-4db2-8372-67140f439da5,0edda67d-cd51-4eb4-8d81-a952e013cad4,0e1b5b40-f62e-47c1-8329-80b122a01415,2dbdadf8-c0d6-468b-9a51-0d74f07db7f1,ccafa92e-2e7b-4299-8aa7-ae8c575a482e,cff2bf61-81e0-4f96-bb6b-ac5521a98f3a,8bcb63dd-002e-4025-8ff3-ab840ac5640b","ea76ffe3-ff7d-4c54-aa17-9d2270b593cd,8a5524b8-9b4d-4227-8051-f431fd501f75,203affc5-83bd-407e-aead-04ce3ca3c33e,a035e523-7597-4da5-824a-cd90fa61edcf,abf58d40-82cf-422e-bf95-b38abd9b63b4,36722328-3e2e-482d-a8b3-efe992f4c901,b7b57cfb-3682-40b8-a88e-9c7dacdf9fc9","3d94bd6c-1ed7-409d-9f93-a96d8b5bee82,7c8f084a-a706-4672-aff7-50c6e84bddbb,a0dd6c27-d1cb-488b-955b-c4af5dc24924,2844e9c1-dedb-402f-bbb1-b63cb821c8e8",,,https://github.com/HelioML/HelioML,https://raw.githubusercontent.com/HelioML/HelioML/master/book/logo.png,"82801102-0270-4fbc-ae73-24afeda2d299,7d073440-38e0-4f33-9e88-4d3ed2f9ed7e,e85b749e-5788-425a-8952-8fc9a329216b,754b7219-9dc1-4d74-9918-c5f1c0947192,73b7fe8c-ee03-46eb-83d8-0ce77956245a,5e6ea23a-9318-4ad7-bb98-197591c4312c"
b5867d88-1fd5-476e-98e0-498ccbf41655,da38c24f-c972-4506-90bc-6ca75e9260ef,2022-03-17,ee990b81-8115-4ab4-8a7f-68a4d0bb345d,"9216cf52-d2bb-46ba-857a-049d0a574f22,8f8da490-f6e0-438d-b821-13e7a835c11c,f61b728e-3581-4ed0-9b6b-4deaa7dcdc73,60e23d4e-470f-4ac7-b213-043e960f24ee,536652dd-daf3-43ce-97d0-797845843dde,67c45ff6-eef0-40cf-ad85-5a2441f35448,f1091b36-ab29-4673-a98c-59d995dd74ad,780e914c-550e-44e2-8757-d03bdb4a0225",,9990d97e-a910-4731-9ab0-dbe49dbcaed6,HERMES Core,26bcfcdc-8b98-4eb4-8ef2-fc8588d98430,https://doi.org/10.5281/zenodo.10257715,,"A central Python package for common functionality across all HERMES instruments. The HERMES core package contains Python interfaces for the loading, calibrating, plotting, validating, and saving of measurement data through Common Data Format (CDF) files. Additional packages are created for HERMES instruments to provide specific calibration and processing functionality. The abstraction of intricate, high heritage, data formats, such as CDF files, in Python enables easier analysis and opens doors for greater participation in heliophysics science.","A Python package to support the HERMES instrument packages, providing common functionality for loading, calibrating, plotting, validating, and saving measurement data through CDF files.","76c9ed80-50ea-41fb-9e17-c488430fd00f,555161bf-13d6-4909-b2d5-6c87d584de24,d21c5d29-21ba-4288-bec0-8c077ac15aec,e9bb1c0d-d4c7-4be7-be51-e3f8328be466,a85c510d-76d1-4c75-9b81-7ae13a36dd30,9852ca3f-b8fc-4665-a990-465072ec4379,d8c3ac85-6e38-4ec9-baa6-a037b9b16d18,cfa01ea5-1be6-40fc-b8f0-96c1a866c7e0,a3f51d29-0e97-4173-92f1-a56335f32b2e,0691c3a9-a02f-4de3-9a1c-965782ddbef9,29cb514d-8259-4df4-833f-4e6631cd65e1,841774c2-77c6-4111-af03-b5c2ac3d8bba,d4136ce2-345a-4011-beaa-456eda820556",https://hermes-core.readthedocs.io/en/latest/,6480ff1c-f70f-4b8b-a70a-327bcc158f99,"ab231ba2-0ccf-4cb3-b77a-94f1aee06296,c459a631-8b02-4cc1-b546-c3ee0c7e19b9","ab231ba2-0ccf-4cb3-b77a-94f1aee06296,c459a631-8b02-4cc1-b546-c3ee0c7e19b9",25b5bc68-71f8-44d8-8216-009adffb2fc3,,,,"d59c6796-a938-4b20-8ce5-3f9382d41eac,387d9dcb-827f-4e0c-887f-3d10d51284f5,1948d1db-6e7d-4733-ae68-15fa57b8238b,bc97966b-f24c-4952-bc8b-b917594247e1",,"515dae73-68bc-4030-8008-20c9eef5a01c,757ff86d-708f-4f2d-8782-71ab39af4ab9,a93f49d5-6203-4f64-8d77-18c74a53f7a8","bf78ea45-9c53-42ab-96b1-db056b12c2c9,2a391fb5-43e2-46c4-8515-1c7b6017b6ac,35c7eac7-4a89-422f-8119-a7d489e8da55,bded9284-fd47-488c-8913-17375acacd5c,c8de4ad3-1e94-421f-a3f8-8823f174b3f1,51c45c61-3cb7-4652-99d7-6a5a6b0f778b,817fb6c6-4a49-4a30-b9c2-31edec30dcf2,bec83a8d-f4e5-4dae-8279-4aada5479d52,52853e5a-c8ba-4ce8-9875-8120bee89742,76503b4d-abf9-48b2-8ba4-64a54fbe2105,bbb0aaf9-89a9-4ec5-ab86-a4279e999347,2d6ce044-2ef5-4cce-899f-4e50ad24cd79",08cd6462-0d27-4cbf-8459-992bce153e56,08cd6462-0d27-4cbf-8459-992bce153e56,,,https://github.com/HERMES-SOC/hermes_core,https://raw.githubusercontent.com/HERMES-SOC/hermes_core/main/docs/logo/hermes_logo.png,754b7219-9dc1-4d74-9918-c5f1c0947192
0321f375-4f6c-47d8-9181-125b0274ee6b,"8381adbf-4a23-4c0e-9896-b1445b0e82d5,da38c24f-c972-4506-90bc-6ca75e9260ef",2017-01-25,ee990b81-8115-4ab4-8a7f-68a4d0bb345d,"6ae1e775-7e0b-4156-a246-7ea52fe37a50,78710a8c-562b-4d44-80de-747185d4a1f3",,,hissw,08c8e2c5-6eee-4a53-a8c3-07ba36d0c67e,https://doi.org/10.5281/zenodo.5519495,,Integrate SSWIDL code into your Python workflow. The SolarSoftware (SSW) stack contains nearly every piece of software a solar physicist needs. hissw is a lightweight Python package that allows you to write IDL scripts (either inline or in a separate file) which use your installed SSW packages and return the results to your local Python namespace. hissw uses Jinja2 templates to generate SSW startup scripts and then runs your IDL code using subprocess. You can also use Jinja syntax to inject arguments from Python into IDL. The results are then saved to a file and then loaded back in using scipy.io.readsav().,Easily integrate SSWIDL scripts into your Python workflow via Jinja templates,"d21c5d29-21ba-4288-bec0-8c077ac15aec,758dab69-cb35-477f-86c0-ed52606e335b,9b446b08-fd9d-4ea7-94d3-2a0b3328f121,e9bb1c0d-d4c7-4be7-be51-e3f8328be466",https://wtbarnes.github.io/hissw/,,31039da9-c899-438c-ab18-da9733541f12,31039da9-c899-438c-ab18-da9733541f12,25b5bc68-71f8-44d8-8216-009adffb2fc3,,,,"d59c6796-a938-4b20-8ce5-3f9382d41eac,387d9dcb-827f-4e0c-887f-3d10d51284f5",,a93f49d5-6203-4f64-8d77-18c74a53f7a8,"edc90521-144a-4b02-86d6-a6f70a3e7c3e,436a1cd1-7d04-4cc2-8074-def80349f602,4d6a1fcb-4a48-4bb8-ac16-e47941708b4f,bca84a17-1bf6-426c-8404-cc80ae987ead,89ac1236-d27e-48d4-bed0-9dd239b93856,94074979-2312-4c5f-8f34-a36f04851df9,125651f2-6fd0-4b56-9466-15f7e918fd67,06d0229d-e8b8-4605-8380-af5837b0035f,8407aacc-5550-47b9-abe2-ec0688e9aa9a,3428fbd7-17c1-4c7e-be9d-74dfb76b7805",,,,,https://github.com/wtbarnes/hissw,,"e14b60b4-c841-4658-9bac-f9298a442562,e85b749e-5788-425a-8952-8fc9a329216b,754b7219-9dc1-4d74-9918-c5f1c0947192,5e6ea23a-9318-4ad7-bb98-197591c4312c"
b677d3e7-9934-4e08-b823-8809798f2028,"dde8f37b-2532-479f-8927-e9dd12d726a8,1af99bfc-2061-4583-9cf3-33df280a7ea8,da38c24f-c972-4506-90bc-6ca75e9260ef",2015-03-29,974802bb-aabb-4985-9e95-6463c41146c8,"dd77b0be-c31d-4319-a8d4-1ee118c9dbc7,9edd5d60-5ae3-464b-bf0f-ee00cd7c8ee2",,,HWM-93,4d02db22-9fae-43f5-ae85-1f3aa8358c4a,,b17f4de9-37f6-4900-a2cb-8b5b43b48640,"NASA Horizontal Wind Model HWM93 in Python and Matlab. HWM93 is an empirical model that provides horizontal wind velocities (meridional and zonal components) for Earth's atmosphere from ground level to the exosphere. The model uses inputs including date, time, altitude, geographic location, solar activity indices (F10.7 flux), and geomagnetic activity indices (AP) to compute wind vectors. This Python implementation wraps the original Fortran 77 code by A. E. Hedin using f2py, making it accessible from Python and Matlab. The software supports multiple Fortran compilers (Gfortran, Intel ifort, PGI pgf90, Nvidia flang) and can output results to NetCDF/HDF5 format for further analysis.","Python and Matlab interface to NASA's HWM93 empirical atmospheric horizontal wind model, computing meridional and zonal wind components for altitudes from 0 to 1000+ km.","ff3b7502-07f2-4652-95bd-692557553cdb,05e06b15-ceb0-4623-a9c9-98ad6ec4ef49,475f62e3-13dd-48a4-a01c-508cb306d7ca,76c9ed80-50ea-41fb-9e17-c488430fd00f,402bf733-9d89-4602-b9ee-6e530d1b2836,a85c510d-76d1-4c75-9b81-7ae13a36dd30",https://github.com/space-physics/hwm93,,,"c2883e1a-c97e-4dd0-a9ed-7dad7293bb3e,40f6b676-efcd-4081-b495-41af7370a073",25b5bc68-71f8-44d8-8216-009adffb2fc3,,,,"d59c6796-a938-4b20-8ce5-3f9382d41eac,387d9dcb-827f-4e0c-887f-3d10d51284f5,bc97966b-f24c-4952-bc8b-b917594247e1",,1deefae3-ade4-414e-b586-7b015772ec14,"7b964481-b454-48dc-9ea6-79bf5b1e5f92,d1ed3417-d051-4f70-87e5-6da3bd504b6a,8ca0c394-23a1-4346-9ba5-41e70d05495a,000a211b-15df-4d6b-b679-daaf781b99bb,04e9fd40-f52d-4d9a-9bbd-639ae7b80e6a,ec514634-3c8a-4744-a352-0bdf0a972f0f,464b8bff-1a92-4161-af99-524f70b57acb,a06141be-91d4-4b51-b597-7dab3213178a,7d626d0e-652a-4820-810f-c2a585d7d804,ff7870ce-2de0-4602-8f16-b75927adea91,6aac037e-3f53-4ba0-b2b0-47ffd6126864,4d6a1fcb-4a48-4bb8-ac16-e47941708b4f,fc062896-5b9f-4360-aed3-6501c64a2eae,ac7f6b94-db19-4b56-9cea-8df0981fd0a5","acfdd22c-a6e0-4038-bbbc-a49c7154af60,ce38237c-9666-4365-b671-b4e007f9f6a4,585072f1-a1cf-4f4e-94ac-f18f56388660,4139ec71-ce86-4902-a231-8c7c5098508a","15b2b5c4-74ab-4302-bca8-ec89ec347850,585072f1-a1cf-4f4e-94ac-f18f56388660,4139ec71-ce86-4902-a231-8c7c5098508a",,,https://github.com/space-physics/hwm93,,
30f42aa0-cca9-4cb7-8479-7149e5f20112,"dde8f37b-2532-479f-8927-e9dd12d726a8,e7b6f70a-487f-4038-a41d-ad7e39e06fb6,1af99bfc-2061-4583-9cf3-33df280a7ea8,da38c24f-c972-4506-90bc-6ca75e9260ef",2015-03-29,ee990b81-8115-4ab4-8a7f-68a4d0bb345d,dd77b0be-c31d-4319-a8d4-1ee118c9dbc7,,,IGRF-13,68f3e8ec-7993-4778-be8d-ad1f7ba83176,https://doi.org/10.5281/zenodo.1184871,,"International Geomagnetic Reference Field: IGRF13 in object-oriented Python or Matlab. The current public Python API and build path target IGRF13; IGRF11 and IGRF12 source files are retained in the repository but are not exposed by the current driver. The software provides calculations of Earth's main magnetic field components (north, east, down, total intensity) as well as magnetic inclination and declination at specified geographic coordinates and altitudes. It uses a Fortran backend with Python and Matlab interfaces, and outputs results as xarray Datasets for easy integration with other geoscience tools. The included IGRF13 synthesis routine is valid through 2025.0, with reduced-accuracy warnings for later dates.",International Geomagnetic Reference Field (IGRF13) model with object-oriented Python and Matlab interfaces for calculating Earth's magnetic field components.,"ff3b7502-07f2-4652-95bd-692557553cdb,05e06b15-ceb0-4623-a9c9-98ad6ec4ef49,76c9ed80-50ea-41fb-9e17-c488430fd00f,402bf733-9d89-4602-b9ee-6e530d1b2836,d21c5d29-21ba-4288-bec0-8c077ac15aec,4ed73ccc-e12a-4009-aa2c-e40ea4c0c84a",https://github.com/space-physics/igrf,,,,25b5bc68-71f8-44d8-8216-009adffb2fc3,5a3390da-3888-4e35-856f-e5774935ee9f,,,"d59c6796-a938-4b20-8ce5-3f9382d41eac,387d9dcb-827f-4e0c-887f-3d10d51284f5,1948d1db-6e7d-4733-ae68-15fa57b8238b,bc97966b-f24c-4952-bc8b-b917594247e1",,1deefae3-ade4-414e-b586-7b015772ec14,"000a211b-15df-4d6b-b679-daaf781b99bb,ef2d1318-5e37-4140-ae47-91df65990d65,caffa93f-c1bf-41b9-a24d-4eca6c41646d,7257a461-ac0d-472f-b112-187e09d6916a,8c8ee209-ba4f-4160-b94a-f751b68dc51b,bbd193e0-c22a-4c1d-a787-3efaa787c893,7d626d0e-652a-4820-810f-c2a585d7d804,ff7870ce-2de0-4602-8f16-b75927adea91,4d6a1fcb-4a48-4bb8-ac16-e47941708b4f,6d911a12-417c-45aa-9b6b-57379d432d33","e86c8a91-8a0b-4d8b-a796-1c17203bb9f5,15b2b5c4-74ab-4302-bca8-ec89ec347850,585072f1-a1cf-4f4e-94ac-f18f56388660,4139ec71-ce86-4902-a231-8c7c5098508a,c712c191-fb24-4d3f-8d88-32bbe7cae95a,5c5af2eb-36d1-4f6a-ad5c-1e7f3664bb6d,d5fc3459-c974-41d5-ae90-64411ada1cb1","43190097-51d3-43bc-8451-b93cfaee7dd2,38b69d85-b71b-4193-a14f-11d6569b82c7",,,https://github.com/space-physics/igrf,https://www.ngdc.noaa.gov/IAGA/vmod/img/vmod_header.gif,
6e225ee4-8f52-4441-a7e9-0ed2ca804067,,2024-11-22,ee990b81-8115-4ab4-8a7f-68a4d0bb345d,1e45c8d8-ab4f-4cd7-8055-14454adc50fb,,,IGRF-14,d3a42179-e1b8-49a6-aaf7-f72ac766f6a5,https://doi.org/10.5281/zenodo.14012302,dbb3a9de-9e18-4d52-8f64-f9392deb6ec3,"The International Geomagnetic Reference Field (IGRF) is a standard mathematical description of the Earth's main magnetic field. It is used widely in studies of the Earth's deep interior, crust, ionosphere, and magnetosphere. The model is developed and maintained by the International Association of Geomagnetism and Aeronomy (IAGA). The coefficients for the 14th generation of IGRF model were finalized by an IAGA task force in November 2024. The IGRF is the product of a global collaborative effort between magnetic field modelers and the institutes involved in collecting and disseminating magnetic field data collected from satellites, observatories, and surveys around the world.

This is the fourteenth generation of the model, IGRF-14, which covers the period from 1900 to 2030. It incorporates the Definitive Geomagnetic Reference Field (DGRF) for 2020.0, which supersedes the preliminary estimate for that epoch provided in IGRF-13.

For more information, see https://www.ncei.noaa.gov/products/international-geomagnetic-reference-field

The model coefficients are provided in three formats:
- igrf14coeffs.txt - traditional format compatible with previous IGRF releases
- IGRF14coeffs.xlsx - Excel equivalent of the above
- IGRF14.shc - SHC format compatible with ESA Swarm mission software (see description here: https://spacecenter.dk/files/magnetic-models/CHAOS-5/SHC-Format-Decsription.pdf)

NB: ""Version v2"" on the Zenodo record includes a fix to the format of the .shc file.

You can cite the Zenodo record (i.e. the IGRF-14 coefficients themselves) as: International Association of Geomagnetism and Aeronomy. (2024). IGRF-14. Zenodo. https://doi.org/10.5281/zenodo.14012302

When using IGRF-14, you should cite: Beggan et al. International geomagnetic reference field: the fourteenth generation. Earth Planets Space 78, 127 (2026). https://doi.org/10.1186/s40623-025-02360-0

A list of journal articles can be found as a topical collection in ""International Geomagnetic Reference Field - The Fourteenth Generation"" in Earth, Planets and Space: https://link.springer.com/collections/jecafgcbaf",The International Geomagnetic Reference Field (IGRF) is a standard mathematical description of the Earth's main magnetic field.,"ff3b7502-07f2-4652-95bd-692557553cdb,05e06b15-ceb0-4623-a9c9-98ad6ec4ef49,f180354f-b0ad-49db-bdd9-4304733943f2",https://www.ncei.noaa.gov/products/international-geomagnetic-reference-field,,,,25b5bc68-71f8-44d8-8216-009adffb2fc3,3db4a14a-038e-40a1-ab71-30c7009a3595,,29d7a7e6-bc1c-44eb-b0ff-bb460ae348ee,1948d1db-6e7d-4733-ae68-15fa57b8238b,a634c611-9258-4997-88c2-b73c9ddf3305,"515dae73-68bc-4030-8008-20c9eef5a01c,c8168919-8394-4690-96c1-f686edbaaba5","96ad238f-6210-4688-87c6-ac95c932054c,c55b70ac-9cd2-4744-925f-bf7194119d29,6bde188a-cfc7-4c04-baa2-4bbf96b55cb9,78c0084d-9700-48ec-9626-105b88c52526,a0359da0-9355-4217-b653-1e485c7658ea,d1ed3417-d051-4f70-87e5-6da3bd504b6a,538b2b5b-caa9-4dbb-a1f8-9972a2970ce3,fcef540a-15b3-4025-9b76-c8220cf6df46,0b027f34-27df-40eb-95f5-234761539cd3,caffa93f-c1bf-41b9-a24d-4eca6c41646d,1fe80dd1-a3fe-4934-8d60-fb0781508746,07b1a9da-35e3-4b7e-a760-d6e975ad8f2d,cf805a2a-6a80-4133-a1cf-9913b5f2afcc,28d4a35f-c41d-4928-8313-15c5f3e77a2e,29721f61-6b2c-4943-bb4a-9d12f4914fbb,5396ea54-ecac-4dce-b448-49abad808947","f5b71444-1610-4c0c-a718-7c5fb4f4b193,6ed52029-7162-4996-a279-b6b015a047c1",,,,https://www.ncei.noaa.gov/products/international-geomagnetic-reference-field,,
54e3e7bc-9a9b-472f-a469-79f493328672,"dde8f37b-2532-479f-8927-e9dd12d726a8,da38c24f-c972-4506-90bc-6ca75e9260ef",2015-07-10,974802bb-aabb-4985-9e95-6463c41146c8,43941c6f-4e5e-4797-8937-b01446b2aede,,,igrfpy,365c2c29-4274-42fb-88bc-04cec2c169d1,,,"igrfpy provides Python wrappers around the Fortran synthesis routines of the 11th and 12th generation International Geomagnetic Reference Field (IGRF), the IAGA standard empirical model of Earth's main (internal, core-generated) magnetic field. Its getmainfield function accepts times, geographic latitudes, longitudes and altitudes as single values, Python lists, or NumPy arrays, and returns the eastward, northward and upward magnetic field components in nanotesla, handling the geodetic/geocentric and altitude/radius conversions and the north-east-down to east-north-up convention on the caller's behalf. IGRF-12 (valid 1900.0 to 2020.0) is used by default; the 11th generation routine (valid 1900.0 to 2015.0) remains available through the igrf11 keyword, and the underlying igrf11syn and igrf12syn Fortran routines are also exposed directly for main-field or secular-variation output. The spherical harmonic coefficients are compiled into the Fortran extension modules, so no coefficient files or network access are required at run time, but installation does require a Fortran compiler. This code is mostly the work of VT SuperDARN's DavitPy Project and, of course, the original IGRF authors; the contributions here are the simplified getmainfield interface, a standalone install script, and pytest unit tests validated against the NOAA National Centers for Environmental Information geomagnetic field calculator.","Python wrapper around the IAGA Fortran routines for the 11th and 12th generation International Geomagnetic Reference Field (IGRF), returning main-field components at given times and locations.","ab45d6f4-403d-4528-9246-d2139db5bc72,ff3b7502-07f2-4652-95bd-692557553cdb,05e06b15-ceb0-4623-a9c9-98ad6ec4ef49",https://github.com/lkilcommons/igrfpy/blob/master/README.md,,,,,"b20bfc58-9061-462e-958d-7e3d33638f86,63846e89-97cb-4be3-812f-3262b6d635aa","9e073a17-4fef-4c64-b243-991bf86ba7a4,3801c6ad-bdf7-4985-9424-dcc7bbd7d879",c8723cab-e273-44ba-98cf-9c24b392ca33,,0e565a36-a0dd-44aa-84b5-e19fbfdeefd8,"c8168919-8394-4690-96c1-f686edbaaba5,515dae73-68bc-4030-8008-20c9eef5a01c","d1ed3417-d051-4f70-87e5-6da3bd504b6a,fcef540a-15b3-4025-9b76-c8220cf6df46,caffa93f-c1bf-41b9-a24d-4eca6c41646d,0a1a3541-1a17-4c93-baa2-a988602f0fc0,7257a461-ac0d-472f-b112-187e09d6916a,29d44742-2730-40c8-b1df-3f5826593339,29721f61-6b2c-4943-bb4a-9d12f4914fbb,5396ea54-ecac-4dce-b448-49abad808947","a06103df-ae5c-4a2b-8e8b-0fc943d4269b,8e0c7e83-401e-46ed-89b0-6f1cb69cb0db,a05ab82b-6b28-4d76-af81-d00fa839ca9d",,,,https://github.com/lkilcommons/igrfpy,,
b26b964d-c772-4fe5-893e-74bd9148806a,"dde8f37b-2532-479f-8927-e9dd12d726a8,da38c24f-c972-4506-90bc-6ca75e9260ef",2015-04-28,974802bb-aabb-4985-9e95-6463c41146c8,dd77b0be-c31d-4319-a8d4-1ee118c9dbc7,,,IRI-90,3299f395-a619-4c6b-9e57-aa9e162df2ed,,,"IRI-90 from Python, clean and flexible ionospheric model. IRI-90 provides monthly mean values for magnetically quiet conditions at non-auroral latitudes in the altitude range 50km to 2000km. However, IRI-90 is often used as an initialization for conditions at auroral latitudes, understanding the caveats. This IRI-90 Python module is as small and clean as possible to enable custom IRI-90 applications. The module outputs electron density, neutral temperature, ion temperature, electron temperature, and ion composition (O+, H+, He+, O2+, NO+) as an xarray.DataArray indexable by species, altitude, etc. and includes metadata.",IRI-90 is an international reference ionosphere model in Python providing monthly mean ionospheric parameters from 50km to 2000km altitude.,"d21c5d29-21ba-4288-bec0-8c077ac15aec,4ed73ccc-e12a-4009-aa2c-e40ea4c0c84a,76c9ed80-50ea-41fb-9e17-c488430fd00f,402bf733-9d89-4602-b9ee-6e530d1b2836,a85c510d-76d1-4c75-9b81-7ae13a36dd30,ff3b7502-07f2-4652-95bd-692557553cdb,05e06b15-ceb0-4623-a9c9-98ad6ec4ef49",https://github.com/space-physics/iri90,,bbfd3b11-634d-4d28-8644-c12600811b6d,,25b5bc68-71f8-44d8-8216-009adffb2fc3,,,,"d59c6796-a938-4b20-8ce5-3f9382d41eac,387d9dcb-827f-4e0c-887f-3d10d51284f5,bc97966b-f24c-4952-bc8b-b917594247e1",,1deefae3-ade4-414e-b586-7b015772ec14,"8ca0c394-23a1-4346-9ba5-41e70d05495a,000a211b-15df-4d6b-b679-daaf781b99bb,04e9fd40-f52d-4d9a-9bbd-639ae7b80e6a,a06141be-91d4-4b51-b597-7dab3213178a,69de5114-dc0d-4348-a5c3-54ac4d99a006,c61f6818-7d02-4ed4-a509-1c169be2f4d5,4d6a1fcb-4a48-4bb8-ac16-e47941708b4f,013640e4-a0da-4e4c-86eb-68b84ce834de,ac7f6b94-db19-4b56-9cea-8df0981fd0a5","f22ca6b1-07db-4614-9840-ffbaa8a76044,18ded2b7-801c-4681-b12a-6ab57dda6e29,e3cd26f4-b6d9-47e3-a88b-4a6ffd6e198b,1dea7378-2d05-40a3-9570-5167e2f5a1f7,5349e421-1ff5-4e08-9052-7be41ca1a630",,,,https://github.com/space-physics/iri90,https://spdf.gsfc.nasa.gov/research/IRI/website/doc/images/tail-179.jpg,
3f058476-5010-48f4-9bd9-e27648d2ecea,da38c24f-c972-4506-90bc-6ca75e9260ef,2022-01-21,ee990b81-8115-4ab4-8a7f-68a4d0bb345d,"de7c0779-16ad-4710-83fe-433ebcb2b5c7,5d8c80d3-d8e3-4392-9c4f-cf93160e966a,d7835165-2981-4bf6-b4b3-9b608f239da0,1b93eb1a-0900-4cfe-a198-59b499690553","48a695d5-dd48-4090-bcfe-ec236546019e,24a0e171-e130-47c5-85f5-717bdfedece4","56383136-2c06-45d7-a13c-0e1c7ebc583d,7e18bdee-4686-4ba8-b3c3-eef1e7fbc02e",irispy,31012475-e8dc-42ee-ac1f-3801ff567461,https://doi.org/10.5281/zenodo.10443678,,"irispy is a library that provides the tools to read in and analyze data from Interface Region Imaging Spectrograph (IRIS). IRIS is a NASA Small Explorer satellite whose 20 cm telescope feeds a high-frame-rate ultraviolet imaging spectrograph, observing the solar chromosphere and transition region (with lighter coverage of the corona) in far-ultraviolet and near-ultraviolet passbands at about 0.33 arcsecond spatial resolution and roughly 1 second cadence. irispy provides classes for handling both IRIS slit-jaw imager (SJI) images and spectrograph (SG) raster observations, linking each observation to its measurement uncertainties, physical units, a mask marking unreliable or unphysical pixels, World Coordinate System transformations describing position, wavelength and time, and the full IRIS metadata. It reads IRIS level 2 SJI and raster FITS files, including gzipped files, _raster.tar.gz archives and the IRIS-aligned SDO/AIA data cubes distributed with each observation by the IRIS team, and can load an entire observation with a single call. Analysis and calibration capabilities include exposure-time correction and radiometric calibration between data number, photons and physical radiance units using the time-dependent IRIS effective-area response, cosmic-ray and dust-artefact removal, spectral moment maps, red-blue asymmetry maps, electron-density diagnostics from line ratios, decoding of IRIS OBS IDs into human-readable observing descriptions, IRIS-specific plotting and animation, and wobble movie generation. The package assumes the IRIS level 2 data products, which are the recommended science product; level 1 data must first be processed with the SolarSoft IDL calibration routines. Note that the package is distributed on PyPI and conda-forge as irispy-lmsal to avoid a name clash, but is imported and referred to as irispy.",irispy is a library that provides the tools to read in and analyze data from Interface Region Imaging Spectrograph (IRIS).,"ab45d6f4-403d-4528-9246-d2139db5bc72,1f890d25-4f74-4166-b2e5-76d3367bb5d6,75fcec59-681d-48be-95ee-b2454aab57b4,d21c5d29-21ba-4288-bec0-8c077ac15aec,06bdcf26-0423-45d4-8cd0-71a1dd49dfa3,4ed73ccc-e12a-4009-aa2c-e40ea4c0c84a,9852ca3f-b8fc-4665-a990-465072ec4379,e9bb1c0d-d4c7-4be7-be51-e3f8328be466,1dacbe62-8d60-4a7e-a1d8-ea0feba270b0,6e1dbfec-913f-4d9b-9a3f-e8a2b7f82540,d8c3ac85-6e38-4ec9-baa6-a037b9b16d18,0691c3a9-a02f-4de3-9a1c-965782ddbef9,cfa01ea5-1be6-40fc-b8f0-96c1a866c7e0,76c9ed80-50ea-41fb-9e17-c488430fd00f,402bf733-9d89-4602-b9ee-6e530d1b2836,9ba5be4d-a4db-4145-80cc-9c006d68a219,a85c510d-76d1-4c75-9b81-7ae13a36dd30,8b47109e-5f73-4edc-8668-9c4f738684c6,0e94fdda-aba0-468e-87c6-f8943010c7f1,29cb514d-8259-4df4-833f-4e6631cd65e1,555161bf-13d6-4909-b2d5-6c87d584de24,2f488d8c-dd92-4deb-bad8-7377d1d12b48,841774c2-77c6-4111-af03-b5c2ac3d8bba,bfcf5b70-01f3-49f2-9f68-6ce27a9d4491,cbc530e0-6162-443b-a4ac-9578ecfd63b4,a3f51d29-0e97-4173-92f1-a56335f32b2e,d4136ce2-345a-4011-beaa-456eda820556,ff3b7502-07f2-4652-95bd-692557553cdb,1ca1fc54-e093-4328-ae77-6d6726270bad,f7b38a8f-3117-49a5-89b2-a66930c7ca4b,e886b84a-8504-4387-866b-560f26ed847e",https://irispy.readthedocs.io/en/stable/,"6b85306a-52cc-458a-be04-5c7d82442038,6480ff1c-f70f-4b8b-a70a-327bcc158f99,2b69ca1c-3268-42ea-ab90-607b8600a014","fa1963cd-6a16-49e8-abae-a8db46658b40,b82cd96d-8243-41d9-b015-03436704cdbf,31039da9-c899-438c-ab18-da9733541f12,7c439c97-4f6f-436f-be9a-dbb99341124b",7c439c97-4f6f-436f-be9a-dbb99341124b,"addea8d3-582b-42c8-9144-cf59d80280f0,0de58f22-0f2d-463f-a800-c5ad1fcfb4bb,9c6ee738-bcb3-4065-bb26-a4613e8b7432,2e6c3834-d2fc-42f5-9528-b7fe7081845a","8d05dec2-cb6a-4be5-bc72-da23ddbecc0e,89c2c0e0-e9f0-4334-8c91-40b1dd9e29cd,ce93e8da-c723-4d5e-9487-bfcde71be2dd,cc0f66f4-6538-4638-8ae4-82625f2312d3","40f425a4-fcfe-4127-8276-dcb6bb76e71b,8a35f151-a332-4103-b229-dbc3dcdfefbb",29d7a7e6-bc1c-44eb-b0ff-bb460ae348ee,"d59c6796-a938-4b20-8ce5-3f9382d41eac,387d9dcb-827f-4e0c-887f-3d10d51284f5,bc97966b-f24c-4952-bc8b-b917594247e1",d7f050b7-b557-445d-a0c5-1d89918a915e,"a93f49d5-6203-4f64-8d77-18c74a53f7a8,b75d78e6-234d-4bb6-bd52-7de23b537029,bd3cc8f7-af8f-45be-88c3-494f3a7512ad","bf78ea45-9c53-42ab-96b1-db056b12c2c9,3f3fa6f7-dd67-443b-9359-c9f679ef6671,ce1c86ce-b66e-4b99-a276-0eba9d18bf4a,7a939362-d9f8-4128-a646-38e81f553916,817fb6c6-4a49-4a30-b9c2-31edec30dcf2,644614e2-c3d6-4741-a921-b74be24d693a,279a074a-8aac-4ce0-9910-aaa7d02ed93c,bca84a17-1bf6-426c-8404-cc80ae987ead,89ac1236-d27e-48d4-bed0-9dd239b93856,76503b4d-abf9-48b2-8ba4-64a54fbe2105,1fe692ab-c81d-49ff-947d-a64bf9e42524,0a20ea22-d50b-4cb2-802b-733f9611c720,cc397b92-1cd9-4de4-b093-a7ad2a5ebfd9,c0b9150c-b102-41dc-838a-09859f5ac19b",4f9f986f-63e2-4db9-ae2f-06d12dd48e10,"175c0df4-eb7f-4c4e-9577-89a2093b9c92,dc82db1d-8877-4da0-80cc-baeb0009be39,c0394e18-ffe2-4916-9cfc-39132021f480,98e04d27-a04f-4757-a192-6318063d6270,0d0669c4-91e6-4f8a-830d-53a9bbf8078e,5d691b69-fa3e-4c7d-8375-4d2f107d7e8c,85a94348-5e38-4e4b-9017-3ef9ecd48a20,880f67b9-fd5f-453e-bd79-84b8dd53e7a0,5dd3a703-0897-4bb6-bf82-1df750574ca5,2844e9c1-dedb-402f-bbb1-b63cb821c8e8",,,https://github.com/LM-SAL/irispy,,"754b7219-9dc1-4d74-9918-c5f1c0947192,e85b749e-5788-425a-8952-8fc9a329216b,e14b60b4-c841-4658-9bac-f9298a442562"
e8b6fe34-d598-4d53-86d0-288bc004c3e7,"fe54d7d7-5ff3-4471-9b5b-c5f9e96da0c1,da38c24f-c972-4506-90bc-6ca75e9260ef",2016-09-20,ee990b81-8115-4ab4-8a7f-68a4d0bb345d,"dd77b0be-c31d-4319-a8d4-1ee118c9dbc7,b15dc90b-691b-4a89-b4d9-37cd0629481f,9bf6c170-e45e-40dc-9af1-e86261f9ecb2,babc6c1c-9898-4a8d-a9d8-45c7367784c7,0ddb1d01-cd3a-48aa-a24d-3c243fa96403",b6ad0837-94fc-49cf-a347-84ca7e6df6a0,"cb5bb2e4-ef55-48c4-87cc-39e583976dd0,7203f0f2-6c5d-4372-9b18-fde0be6c3045,71c0e829-9787-41ca-a6bd-f96bd8185674",GeoDataPython,b1d89e29-0957-4e69-b6ab-cb93a35616bd,https://doi.org/10.5281/zenodo.154533,,"GeoDataPython is the Python implementation of GeoData, a package to plot and analyze data from geophysics sources such as radar and optical systems. It is built around a container class: each instance holds one sensor's data set together with the name of its coordinate system, an array of measurement locations, the sensor's own WGS84 location, and the start and end time of every measurement. Users bring a new data type in by supplying a read function, and readers are included for Madrigal HDF5 incoherent-scatter radar files, SRI-format Resolute Bay and Poker Flat ISR HDF5 files, OMTI optical airglow HDF5 files, Poker Flat all-sky FITS images with their azimuth/elevation calibration maps, Neo sCMOS camera HDF5 files, and Mahali GPS total-electron-content files. Once loaded, a data set can be interpolated or regridded into another coordinate system (WGS84, ECEF, east-north-up, local Cartesian, or radar range-azimuth-elevation), reduced in time or in location, time-registered against a second data set so that overlapping measurements can be compared, transformed parameter by parameter, and written out as a structured HDF5 file. The plotting routines produce two-dimensional slices and contours, greyscale-optical-plus-radar overlays on a common grid, range-versus-time and range-versus-parameter plots, radar beam-position polar plots, and three-dimensional slice renderings in either matplotlib or Mayavi.","Python implementation of GeoData: reads, time-registers, interpolates and plots geophysics data from radar and optical sensors such as incoherent-scatter radars and all-sky imagers.","ab45d6f4-403d-4528-9246-d2139db5bc72,d21c5d29-21ba-4288-bec0-8c077ac15aec,06bdcf26-0423-45d4-8cd0-71a1dd49dfa3,4ed73ccc-e12a-4009-aa2c-e40ea4c0c84a,e9bb1c0d-d4c7-4be7-be51-e3f8328be466,1dacbe62-8d60-4a7e-a1d8-ea0feba270b0,758dab69-cb35-477f-86c0-ed52606e335b,6e1dbfec-913f-4d9b-9a3f-e8a2b7f82540,d8c3ac85-6e38-4ec9-baa6-a037b9b16d18,cfa01ea5-1be6-40fc-b8f0-96c1a866c7e0,76c9ed80-50ea-41fb-9e17-c488430fd00f,402bf733-9d89-4602-b9ee-6e530d1b2836,9ba5be4d-a4db-4145-80cc-9c006d68a219,e808c21d-338f-411a-838f-be0ce95700b5,a85c510d-76d1-4c75-9b81-7ae13a36dd30",https://github.com/jswoboda/GeoDataPython/blob/master/README.rst,"6b85306a-52cc-458a-be04-5c7d82442038,f41b8719-b3de-47f9-b753-6a13c2bf61dc,6480ff1c-f70f-4b8b-a70a-327bcc158f99","bbfd3b11-634d-4d28-8644-c12600811b6d,b82cd96d-8243-41d9-b015-03436704cdbf,c2883e1a-c97e-4dd0-a9ed-7dad7293bb3e",c2883e1a-c97e-4dd0-a9ed-7dad7293bb3e,25b5bc68-71f8-44d8-8216-009adffb2fc3,5429ebf0-0d9a-4ba9-a03d-90d113ea83f8,,c8723cab-e273-44ba-98cf-9c24b392ca33,"d59c6796-a938-4b20-8ce5-3f9382d41eac,387d9dcb-827f-4e0c-887f-3d10d51284f5",eef6c156-35b4-433f-8d6d-2c3b5005347d,"1deefae3-ade4-414e-b586-7b015772ec14,d99a68c9-4fde-417c-8c00-8f7a56c6eaa3,c8168919-8394-4690-96c1-f686edbaaba5,ab8390b8-312d-4c69-b1bd-54993d31dbe4","2033f602-c828-46f5-8b11-b0b7c82e04ab,201601ea-f181-4487-ab4d-2c9883193310,15ac694c-8bcb-4621-a757-33f6ff0c3a4a,158dfa57-4adf-4b97-8c3e-ca5face9b71a,32347f93-20dd-4c31-9578-12c44022740e,6af4e4ff-ca94-4e88-a825-53c43b2b9d10,d0482a9f-dee4-40c5-91d3-a1dabee17386,4063b9dd-1f3c-4682-9ebe-61754ef284d3,8ff3ab6e-5071-41ce-8fba-4ab639e77cfd,e41385e3-a6d1-4ce4-84d0-af5642099f92,a06141be-91d4-4b51-b597-7dab3213178a,5a12d5ac-25e6-4472-9d56-520a31eccf76,c0cd3f2a-24f3-4ff2-9c28-ee03de6212d0,c237e42e-c230-4b4f-81d6-a4379e0fee83,ac7f6b94-db19-4b56-9cea-8df0981fd0a5,b184816b-cbc6-4842-a603-5325ef0e4ed7",bf84901d-2b85-436d-ba10-53f94fcd25a5,0063651d-7278-4eb2-bcdb-d54399bdbc3b,,,https://github.com/jswoboda/GeoDataPython,https://github.com/jswoboda/GeoDataPython/raw/master/logo/logo1.png,
aebd4757-08dc-4ca0-be33-aa85171de59d,"83a7c4fc-5a5f-48f7-90ea-fa8128d7ee20,e7b6f70a-487f-4038-a41d-ad7e39e06fb6,f6635932-7453-4b3b-9322-9c1b18147056,da38c24f-c972-4506-90bc-6ca75e9260ef",2025-12-12,ee990b81-8115-4ab4-8a7f-68a4d0bb345d,"62830d06-b4e8-455d-8c05-c84b1a1c9ac4,a47b5e0c-aa6c-43d9-8337-2f0d8d8c48ae,fbed1404-f77c-4223-9c12-08f6e84ae07d,6988ed7d-a3fa-4b49-a98c-e46e32be1273,4ee7c972-9dac-4084-a89b-1c0b26598e18,655424f5-b0b1-4c19-b9ee-f0924b385a2c,6696426d-f68d-4eed-8cf0-6aa98d2835f5,8b35594e-5e1b-4b24-b22a-9a1f1fed9a99,6ca4af06-1eb0-4bf4-82f2-ebcfd19d7fd5,9eb66e91-df59-4e05-8ed2-9f5714ac8d79,a38b15e9-a0ab-4088-b083-89ed3ca70e26,e560d96c-9530-4342-8baf-21a7fcf01712,8ecb749b-5dda-4b18-a0f8-af1a5251ee05,f4fe08fb-5800-4b82-ab20-bd38f9bd973f,78a5de94-d8eb-41f7-b290-37a547caf6ec,07d3914b-ed74-4148-86cf-4bbafd446a86,8b494ab8-22a3-4d42-8416-69965f357616,86f3542d-0adc-4cbd-96f2-2c6565ef85c5,5ad02ec8-03db-40ed-98bb-226d4eca6060",,,Kaiju,5035dfc3-b2f4-4030-9650-08b06f173fcc,https://doi.org/10.5281/zenodo.16818620,873b86a6-3e7f-4d20-bc64-ac0a204227a0,"Kaiju software includes the Multiscale Atmosphere-Geospace Environment (MAGE) model developed by the Center for Geospace Storms (CGS) as well as other scientific software for simulation of heliospheric environments such as planetary magnetospheres and the solar wind. Currently supported applications include MAGE (version 1.25) and GAMERA-helio, the geospace and inner heliosphere applications of the Kaiju software. MAGE 1.25 includes the GAMERA global magnetosphere model, RAIJU inner-magnetosphere model, Dragon King energetic-precipitation model, REMIX ionospheric electrodynamics module, and TIEGCM ionosphere-thermosphere coupling. Kaiju also includes CHIMP analysis tools for field-line tracing, test-particle calculations, slices, and ground/space magnetic perturbation calculations. The software is primarily modern Fortran with Python run-preparation tooling, uses HDF5 and related input conversion workflows, and is built for serial and MPI/OpenMP high-performance computing runs. Users are encouraged to use the companion Kaipy package for analysis and visualization of Kaiju simulations.","HPC space-physics modeling framework for MAGE coupled geospace simulations and GAMERA-helio inner-heliosphere simulations, built around the GAMERA MHD solver.","ab45d6f4-403d-4528-9246-d2139db5bc72,078c2195-93b7-4811-b103-ea857710faf7,4a30e300-583d-47dc-bfb8-b0268c888710,89b29179-7fba-456e-b4ed-5ff5b548be18,d21c5d29-21ba-4288-bec0-8c077ac15aec,06bdcf26-0423-45d4-8cd0-71a1dd49dfa3,491665b2-0491-4982-9975-8e6a27105089,4ed73ccc-e12a-4009-aa2c-e40ea4c0c84a,e9bb1c0d-d4c7-4be7-be51-e3f8328be466,e1c9ec4f-63c6-40bc-b9ab-de70189bd83a,758dab69-cb35-477f-86c0-ed52606e335b,416ec91f-b16f-4a11-8ee5-151133b9dabb,d8c3ac85-6e38-4ec9-baa6-a037b9b16d18,ff3b7502-07f2-4652-95bd-692557553cdb,7e6ed025-dbdb-446a-b6de-6ea964042972,05e06b15-ceb0-4623-a9c9-98ad6ec4ef49,25f0a6a8-ec49-4827-8d6f-b4524c237475,f180354f-b0ad-49db-bdd9-4304733943f2,f64b3118-cc05-4dca-a3c9-1c16079d6b91,475f62e3-13dd-48a4-a01c-508cb306d7ca,27c3e41e-8134-42d2-92f3-b444682fc369,6ec2b9b4-0793-4c08-91c1-2bb2dce44a7a,9b446b08-fd9d-4ea7-94d3-2a0b3328f121",https://kaiju-docs.readthedocs.io/en/latest/,"2dc72a39-f07b-41cd-a57e-5e00d3a98448,ed7e1c95-acef-423b-82bf-43ad6c78f333","bbfd3b11-634d-4d28-8644-c12600811b6d,ab231ba2-0ccf-4cb3-b77a-94f1aee06296,b82cd96d-8243-41d9-b015-03436704cdbf,c2883e1a-c97e-4dd0-a9ed-7dad7293bb3e,102561e0-8fd0-4084-b4a5-f7e0f36eda03,40f6b676-efcd-4081-b495-41af7370a073,7c439c97-4f6f-436f-be9a-dbb99341124b","bbfd3b11-634d-4d28-8644-c12600811b6d,c2883e1a-c97e-4dd0-a9ed-7dad7293bb3e,102561e0-8fd0-4084-b4a5-f7e0f36eda03,7c439c97-4f6f-436f-be9a-dbb99341124b","addea8d3-582b-42c8-9144-cf59d80280f0,777b21b2-8113-4126-bd7b-41566c66022e,2e6c3834-d2fc-42f5-9528-b7fe7081845a","5f1d9e92-f0c1-47e7-8ac6-109dd11179a8,056fadcc-42dd-407b-a3e1-ecb2ae317b37,0864aec4-9f26-4471-9c62-8ae1c7f87655,7ebdde7a-9c2a-4a70-962f-23f78b5be0d2,d342881e-2643-4aa8-a0c4-33ce2258148a,8ea6e2fa-0311-4ef7-9974-9dea6b542ee3,0870ec6d-ca79-4c3d-96b2-988bc8bd64dd",,29d7a7e6-bc1c-44eb-b0ff-bb460ae348ee,"d59c6796-a938-4b20-8ce5-3f9382d41eac,387d9dcb-827f-4e0c-887f-3d10d51284f5",d7f050b7-b557-445d-a0c5-1d89918a915e,"1deefae3-ade4-414e-b586-7b015772ec14,515dae73-68bc-4030-8008-20c9eef5a01c,757ff86d-708f-4f2d-8782-71ab39af4ab9,c7b4385f-af5a-4e71-9879-43b11e356cf1,a93f49d5-6203-4f64-8d77-18c74a53f7a8,1810173f-7493-429d-a279-ab30822f1ba1,c8168919-8394-4690-96c1-f686edbaaba5,ab8390b8-312d-4c69-b1bd-54993d31dbe4,9d76b632-af2e-4300-bffb-dadf0bf4fbf5,d99a68c9-4fde-417c-8c00-8f7a56c6eaa3,efeb129a-3fbc-4117-8799-abc003aa4219,25239210-9726-44a6-8748-c045c8a2436a,10e1f7b3-86ee-4acd-b21d-4cee4e3dca9f","c1251819-ceb2-4e79-a3b9-de161ef85627,e3b5da66-c8b0-4cf5-9d43-82f4273278cc,b5c68956-cc9e-4b7e-85f4-0bc5312205e4,ae2fd877-1fd5-46b2-a554-b650b7a16d43,c050ce89-2037-4973-b39d-4effdc4de429,c491a57b-cfe3-4f9c-8734-1b6072a4db72,59f293bb-f55c-4606-8b58-675b0b4549bc,081b890b-e412-4e2b-9ee1-e42dd645c4d9,4063b9dd-1f3c-4682-9ebe-61754ef284d3,a5e307ab-2e31-455c-a29c-4d5b99580a9a,b2ff7b6c-c893-45b6-97d9-567068c7700b,a06141be-91d4-4b51-b597-7dab3213178a,7b845cbf-40ce-48af-b5fd-2781d6e5d410,23f571fc-97ff-4514-a1d3-c1e88f87aed9,d17a93da-de27-4b24-b606-2a8368c90185,e0e47e8f-eb01-4a48-b02f-cb288a3ad43a,57881267-6708-45cc-9452-ee9d5dd41f21,a3345da5-77ac-49e9-9acb-698f3fcc5560,0dc03444-68e0-4f79-95c3-2e83517b6302,a9f7937a-0e87-4126-93e5-75c3b80dd2be,7dbf8b44-ce6d-4e1b-8513-ed5796f00e01,cff2bf61-81e0-4f96-bb6b-ac5521a98f3a,ac7f6b94-db19-4b56-9cea-8df0981fd0a5,f2465403-a165-423d-84d4-892010c6d656,d78b32a1-af62-448b-9194-fd23dee92dfc","80a983e0-a24d-4651-9932-286a203daebe,eb74f410-c925-48ef-9cba-629661a4f842","80a983e0-a24d-4651-9932-286a203daebe,eb74f410-c925-48ef-9cba-629661a4f842",,,https://github.com/JHUAPL/kaiju,https://media.githubusercontent.com/media/JHUAPL/kaiju/3382b1f2fd39419e5a43d4c7bc5427029d48291a/docs/source/_static/MAGE_Logo_final_dark-bg_vertical.png,"82801102-0270-4fbc-ae73-24afeda2d299,7d073440-38e0-4f33-9e88-4d3ed2f9ed7e,73b7fe8c-ee03-46eb-83d8-0ce77956245a"
e2069dd1-ba2f-45fa-b2b7-9052a16f74cc,da38c24f-c972-4506-90bc-6ca75e9260ef,2025-09-30,ee990b81-8115-4ab4-8a7f-68a4d0bb345d,"fbed1404-f77c-4223-9c12-08f6e84ae07d,6696426d-f68d-4eed-8cf0-6aa98d2835f5,a38b15e9-a0ab-4088-b083-89ed3ca70e26,e560d96c-9530-4342-8baf-21a7fcf01712,ee87e2a5-63d1-4fcf-8131-052abd95e625,86f3542d-0adc-4cbd-96f2-2c6565ef85c5,062fba9f-ea7b-4702-aa99-ae8d9b3d7901",,b484f54d-0930-41dc-abab-fd5059c44f34,Kaipy,a4b7771d-84af-48fc-988c-fe2b25f284a5,https://doi.org/10.5281/zenodo.15801040,,Kaipy is a Python package for analysis and visualization of simulation results from a scientific software package Kaiju. Kaiju includes the Multiscale Atmosphere-Geospace Environment (MAGE) model developed by the NASA DRIVE Center for Geospace Storms as well as other scientific software for simulation of heliospheric environments such as planetary magnetospheres and the solar wind.,Python package for analysis and visualization of Kaiju simulation results (MAGE model and other heliospheric environment models).,"76c9ed80-50ea-41fb-9e17-c488430fd00f,ff3b7502-07f2-4652-95bd-692557553cdb,d21c5d29-21ba-4288-bec0-8c077ac15aec,0db96bcc-ca00-41b3-9cc5-32ea93d27c12,e9bb1c0d-d4c7-4be7-be51-e3f8328be466,a85c510d-76d1-4c75-9b81-7ae13a36dd30,475f62e3-13dd-48a4-a01c-508cb306d7ca,d8c3ac85-6e38-4ec9-baa6-a037b9b16d18,402bf733-9d89-4602-b9ee-6e530d1b2836,4ed73ccc-e12a-4009-aa2c-e40ea4c0c84a,f64b3118-cc05-4dca-a3c9-1c16079d6b91,0e94fdda-aba0-468e-87c6-f8943010c7f1,62d9ee10-eb34-4270-9da6-a7025828f286,e1c9ec4f-63c6-40bc-b9ab-de70189bd83a",https://kaipy-docs.readthedocs.io/en/latest/,"2dc72a39-f07b-41cd-a57e-5e00d3a98448,4e9099cf-0072-4807-8a5d-f4d03a06f09f,6480ff1c-f70f-4b8b-a70a-327bcc158f99","bbfd3b11-634d-4d28-8644-c12600811b6d,ab231ba2-0ccf-4cb3-b77a-94f1aee06296,c2883e1a-c97e-4dd0-a9ed-7dad7293bb3e,7c439c97-4f6f-436f-be9a-dbb99341124b","c2883e1a-c97e-4dd0-a9ed-7dad7293bb3e,7c439c97-4f6f-436f-be9a-dbb99341124b",25b5bc68-71f8-44d8-8216-009adffb2fc3,,,,1948d1db-6e7d-4733-ae68-15fa57b8238b,d7f050b7-b557-445d-a0c5-1d89918a915e,"515dae73-68bc-4030-8008-20c9eef5a01c,757ff86d-708f-4f2d-8782-71ab39af4ab9","ad4f2237-4749-4c1c-b25d-e70e0d27773c,67aee2b4-993d-467b-bf95-0f10b7878ef6,35c7eac7-4a89-422f-8119-a7d489e8da55,85f0af6b-4960-4865-b91a-32b99df28d81,4063b9dd-1f3c-4682-9ebe-61754ef284d3,a5e307ab-2e31-455c-a29c-4d5b99580a9a,7b845cbf-40ce-48af-b5fd-2781d6e5d410,aeeea1d5-58cb-4b00-ac16-2b222f79d792,23f571fc-97ff-4514-a1d3-c1e88f87aed9,e0e47e8f-eb01-4a48-b02f-cb288a3ad43a,52853e5a-c8ba-4ce8-9875-8120bee89742,7bc60317-69e4-456b-bf9e-c197ffc183ef,7dbf8b44-ce6d-4e1b-8513-ed5796f00e01","26b66268-73c5-4169-be1f-cec0b5fe3e33,6cdab129-5a57-4b20-8652-e1673e22ab2d",,,,https://github.com/JHUAPL/kaipy,,
80c6de8f-a5f2-4897-9ca8-593d8a126590,da38c24f-c972-4506-90bc-6ca75e9260ef,2019-06-07,974802bb-aabb-4985-9e95-6463c41146c8,"8daafb09-ed7f-4dd1-adb9-728d7d207a2e,58beaf41-3b61-454f-ad43-0c6dd9142ee9,d5d64122-2340-40b6-a958-84a4165244c5,02d434bf-e3b8-47a8-983f-475a4d8564c2",,b01ad0bc-33d6-44fe-b9a2-f9d23ec13f70,lofarSun,54177c62-c479-4a53-b555-f5fa927f17a3,https://doi.org/10.5281/zenodo.4495450,f6913742-d6f1-4e10-bd7a-7e73e8c1d968,"lofarSun is a Python toolset for solar radio imaging spectroscopy data processing from the Low Frequency Array (LOFAR) telescope. The package provides comprehensive tools for processing LOFAR solar observations, including beamformed data (dynamic spectra), interferometric imaging, and data analysis. It includes three main modules: (1) lofarSun.BF for dynamic spectrum processing with RFI flagging using feature matching methods available on both CPU and GPU; (2) lofarSun.IM for interferometric imaging post-processing, including calibration with A-team sources, coordinate transformations, and 2D Gaussian source fitting; and (3) lofarSun.cli for command-line utilities for data inspection and conversion. The tools are designed to be modular and flexible, enabling high-quality radio observations of the Sun at frequencies below 240 MHz for studying, monitoring, and forecasting solar activity and space weather.",LOFAR solar and spaceweather data processing,"ab45d6f4-403d-4528-9246-d2139db5bc72,75fcec59-681d-48be-95ee-b2454aab57b4,d21c5d29-21ba-4288-bec0-8c077ac15aec,4ed73ccc-e12a-4009-aa2c-e40ea4c0c84a,9852ca3f-b8fc-4665-a990-465072ec4379,e9bb1c0d-d4c7-4be7-be51-e3f8328be466,1dacbe62-8d60-4a7e-a1d8-ea0feba270b0,758dab69-cb35-477f-86c0-ed52606e335b,6e1dbfec-913f-4d9b-9a3f-e8a2b7f82540,d8c3ac85-6e38-4ec9-baa6-a037b9b16d18,0691c3a9-a02f-4de3-9a1c-965782ddbef9,cfa01ea5-1be6-40fc-b8f0-96c1a866c7e0,76c9ed80-50ea-41fb-9e17-c488430fd00f,402bf733-9d89-4602-b9ee-6e530d1b2836,a85c510d-76d1-4c75-9b81-7ae13a36dd30,8b47109e-5f73-4edc-8668-9c4f738684c6,29cb514d-8259-4df4-833f-4e6631cd65e1,555161bf-13d6-4909-b2d5-6c87d584de24,2f488d8c-dd92-4deb-bad8-7377d1d12b48,841774c2-77c6-4111-af03-b5c2ac3d8bba,bfcf5b70-01f3-49f2-9f68-6ce27a9d4491,e74a2486-8871-4fe4-886f-ba49f6c1f852,a3f51d29-0e97-4173-92f1-a56335f32b2e,d4136ce2-345a-4011-beaa-456eda820556,27c3e41e-8134-42d2-92f3-b444682fc369,6ec2b9b4-0793-4c08-91c1-2bb2dce44a7a",https://lofar-sun-tools.readthedocs.io/,6480ff1c-f70f-4b8b-a70a-327bcc158f99,"b82cd96d-8243-41d9-b015-03436704cdbf,c2883e1a-c97e-4dd0-a9ed-7dad7293bb3e,31039da9-c899-438c-ab18-da9733541f12,7c439c97-4f6f-436f-be9a-dbb99341124b","b82cd96d-8243-41d9-b015-03436704cdbf,c2883e1a-c97e-4dd0-a9ed-7dad7293bb3e,102561e0-8fd0-4084-b4a5-f7e0f36eda03,7c439c97-4f6f-436f-be9a-dbb99341124b","987f5bd0-1eaa-4757-92f2-bffce6f02ebc,777b21b2-8113-4126-bd7b-41566c66022e,2e6c3834-d2fc-42f5-9528-b7fe7081845a","92e4fe59-b601-43e4-9ed3-55217952ff21,2b0d1a49-82da-475c-9951-64ef701d24e6",,c8723cab-e273-44ba-98cf-9c24b392ca33,d59c6796-a938-4b20-8ce5-3f9382d41eac,eef6c156-35b4-433f-8d6d-2c3b5005347d,"a93f49d5-6203-4f64-8d77-18c74a53f7a8,bd3cc8f7-af8f-45be-88c3-494f3a7512ad,757ff86d-708f-4f2d-8782-71ab39af4ab9,efeb129a-3fbc-4117-8799-abc003aa4219","e0410248-2b43-4409-9866-f22870ead9b5,b3470b29-9af9-4de7-91f2-477fd0b5ef4b,53ce2658-084e-4da8-90ce-2d4904c05fbb,cf5128b4-9704-4b0d-8933-c7185ce48247,ab30f7fd-b6db-41e7-b88f-5e03311009e0,6679913a-a6d5-4d6b-85be-0c21b0573af2,5667becf-123c-4443-ad19-db6d603141bb,bca84a17-1bf6-426c-8404-cc80ae987ead,1b8e4697-d8d0-4461-ad86-ebdef33072d9,89ac1236-d27e-48d4-bed0-9dd239b93856,b2c75140-07b4-45be-ada7-0f5e0bec0033,cff2bf61-81e0-4f96-bb6b-ac5521a98f3a","b1fac780-bad9-48a7-b03f-5b24ccfa05ad,ebddce94-6eca-4141-9b80-88e9a3b4aa04,d3cce675-f9d1-46b2-b837-0a834aed525d,31a559a5-8d5b-4466-b8ca-1cd00cce7afe","b1a52e8a-a355-4795-9c5c-2a14449d55e5,0eeb536a-40ff-46a6-bfaf-d7c8a19af27d,499c501c-c73e-4889-b08d-35bda26e03ae,2844e9c1-dedb-402f-bbb1-b63cb821c8e8",8e3350ef-76e3-4a63-93f6-8cecfad3b9b4,9d5dfaeb-dcc6-4504-af7a-c708fdbcfc0e,https://github.com/peijin94/LOFAR-Sun-tools,https://lofar-sun-tools.readthedocs.io/en/latest/_static/logo0.png,"e14b60b4-c841-4658-9bac-f9298a442562,e85b749e-5788-425a-8952-8fc9a329216b,754b7219-9dc1-4d74-9918-c5f1c0947192,82801102-0270-4fbc-ae73-24afeda2d299,73b7fe8c-ee03-46eb-83d8-0ce77956245a"
40b44149-d3f3-45a5-8d44-424b4c886b7a,"dde8f37b-2532-479f-8927-e9dd12d726a8,1af99bfc-2061-4583-9cf3-33df280a7ea8,da38c24f-c972-4506-90bc-6ca75e9260ef",2015-03-31,ee990b81-8115-4ab4-8a7f-68a4d0bb345d,dd77b0be-c31d-4319-a8d4-1ee118c9dbc7,,,LOWTRAN,2e233a5b-12c8-429c-88ca-bff7df84cd81,https://doi.org/10.5281/zenodo.598359,,"LOWTRAN7 atmospheric absorption extinction model. Updated to be platform independent and easily accessible from Python and Matlab. The main LOWTRAN program is accessible from Python by using direct memory transfers instead of the cumbersome and error-prone process of writing/reading text files. xarray.Dataset high-performance, simple N-D array data is passed out, with appropriate metadata. LOWTRAN models Earth atmosphere absorption and transmission vs. wavelength and location, including atmospheric scattering and radiance calculations.",Model of Earth atmosphere absorption and transmission vs. wavelength and location.,"ff3b7502-07f2-4652-95bd-692557553cdb,05e06b15-ceb0-4623-a9c9-98ad6ec4ef49,475f62e3-13dd-48a4-a01c-508cb306d7ca,d21c5d29-21ba-4288-bec0-8c077ac15aec,4ed73ccc-e12a-4009-aa2c-e40ea4c0c84a,d8c3ac85-6e38-4ec9-baa6-a037b9b16d18,76c9ed80-50ea-41fb-9e17-c488430fd00f,402bf733-9d89-4602-b9ee-6e530d1b2836,a85c510d-76d1-4c75-9b81-7ae13a36dd30",https://github.com/space-physics/lowtran/wiki,,"fa1963cd-6a16-49e8-abae-a8db46658b40,c2883e1a-c97e-4dd0-a9ed-7dad7293bb3e","c2883e1a-c97e-4dd0-a9ed-7dad7293bb3e,40f6b676-efcd-4081-b495-41af7370a073","25b5bc68-71f8-44d8-8216-009adffb2fc3,2e6c3834-d2fc-42f5-9528-b7fe7081845a",,,,"d59c6796-a938-4b20-8ce5-3f9382d41eac,387d9dcb-827f-4e0c-887f-3d10d51284f5,bc97966b-f24c-4952-bc8b-b917594247e1",,1deefae3-ade4-414e-b586-7b015772ec14,"ab6ae3c5-c2df-4742-a396-96d6cf69fcb0,8fd51d2e-991f-46fd-adee-96179a814023,8ca0c394-23a1-4346-9ba5-41e70d05495a,000a211b-15df-4d6b-b679-daaf781b99bb,04e9fd40-f52d-4d9a-9bbd-639ae7b80e6a,bbd193e0-c22a-4c1d-a787-3efaa787c893,3c2d00ec-4922-4860-b734-58e66883f113,7d626d0e-652a-4820-810f-c2a585d7d804,ff7870ce-2de0-4602-8f16-b75927adea91,6aac037e-3f53-4ba0-b2b0-47ffd6126864,4d6a1fcb-4a48-4bb8-ac16-e47941708b4f,fc062896-5b9f-4360-aed3-6501c64a2eae,ac7f6b94-db19-4b56-9cea-8df0981fd0a5","8e58c788-a62a-4ddd-8cda-21233cc1b85d,43190097-51d3-43bc-8451-b93cfaee7dd2,1dea7378-2d05-40a3-9570-5167e2f5a1f7,38b69d85-b71b-4193-a14f-11d6569b82c7,1a2d236d-57c9-4f78-80a3-6817e7a22713",38b69d85-b71b-4193-a14f-11d6569b82c7,,,https://github.com/space-physics/lowtran,https://raw.githubusercontent.com/space-physics/lowtran/master/gfx/whyskyisblue.png,
d7baab30-c95a-40e7-b076-287fb90de9d5,da38c24f-c972-4506-90bc-6ca75e9260ef,2016-06-16,974802bb-aabb-4985-9e95-6463c41146c8,"b8f2d079-c806-41c2-b711-57e3c316e5bd,77c220ea-5ac3-4c47-b6e7-81c3bf1369d8",,,MadrigalWeb,e254f32e-e6ba-4cb7-b8c0-1f439326d875,,,"madrigalWeb is a pure python module to access data from any Madrigal database. For documentation and examples go to any Madrigal site such as http://cedar.openmadrigal.org

The easiest way to use the Madrigal python remote data access API is to simply let the web interface write the script you need for you. Just choose the Access data pull-down menu and choose Create a command to download multiple exps. Then follow the instructions, and you will have the command you need to download whatever you want from Madrigal. Be sure to select python as the language you want to create the command with. You can choose to download files as they are in Madrigal in either column-delimited ascii, Hdf5, or netCDF4 formats, or you can choose the parameters yourself (including derived parameters), and optionally include filters on the data you get back.

This web interface will generate python commands using one of the following two Python scripts: globalDownload.py and globalIsprint.py. Use globalDownload.py if you want data as it is in Madrigal. Use globalIsprint.py to choose parameters and/or filters. These two scripts are documented below, for those who do not want to use the web interface to generate the needed arguments.",Python Madrigal Remote API - Access data from any Madrigal database with support for multiple file formats and parameter filtering.,"ab45d6f4-403d-4528-9246-d2139db5bc72,89b29179-7fba-456e-b4ed-5ff5b548be18,d21c5d29-21ba-4288-bec0-8c077ac15aec,4ed73ccc-e12a-4009-aa2c-e40ea4c0c84a,e9bb1c0d-d4c7-4be7-be51-e3f8328be466,1dacbe62-8d60-4a7e-a1d8-ea0feba270b0,e1c9ec4f-63c6-40bc-b9ab-de70189bd83a,758dab69-cb35-477f-86c0-ed52606e335b",https://cedar.openmadrigal.org/,"f41b8719-b3de-47f9-b753-6a13c2bf61dc,6480ff1c-f70f-4b8b-a70a-327bcc158f99",,"bbfd3b11-634d-4d28-8644-c12600811b6d,c2883e1a-c97e-4dd0-a9ed-7dad7293bb3e,40f6b676-efcd-4081-b495-41af7370a073",25b5bc68-71f8-44d8-8216-009adffb2fc3,,,,"d59c6796-a938-4b20-8ce5-3f9382d41eac,1948d1db-6e7d-4733-ae68-15fa57b8238b",,"1deefae3-ade4-414e-b586-7b015772ec14,515dae73-68bc-4030-8008-20c9eef5a01c","f17cf2c4-7b5c-419c-8ae3-2add8fc652dd,297d7c4c-6b7f-49b2-a413-f72f92ac7656,dae5d30f-2d46-4178-979f-bb8686f17272,85f0af6b-4960-4865-b91a-32b99df28d81,bbd193e0-c22a-4c1d-a787-3efaa787c893,4d6a1fcb-4a48-4bb8-ac16-e47941708b4f",11156250-c810-4178-939c-8e6d233f5448,,,,https://github.com/MITHaystack/madrigalWeb,,
ac1149e1-6679-4466-a445-1f6dd0ecd883,"f6635932-7453-4b3b-9322-9c1b18147056,fe54d7d7-5ff3-4471-9b5b-c5f9e96da0c1",2023-06-09,ee990b81-8115-4ab4-8a7f-68a4d0bb345d,9bdd5e63-96a8-48e6-8860-cf9469c98178,,,Magnetospheric SWCX,ef5292b1-258e-431c-8581-944f611617db,https://doi.org/10.5281/zenodo.8021785,35d428bf-c690-44fc-85bc-ca447570089d,"Code used to produce the results in a publication on separating out the magnetospheric SWCX X-ray spectral contribution in astrophysical observations of dark fields. The repository collects the PyXSPEC scripts, XSPEC command scripts, and input files used to analyze HaloSat soft X-ray spectra of dark fields viewed through the flanks and down the tail of Earth's magnetosphere. The XSPEC scripts co-add and rebin the per-detector spectra; the PyXSPEC scripts then fit each observation with a model combining the particle background, Local Hot Bubble, Galactic halo, cosmic X-ray background, and solar wind charge exchange lines, and write the fitted parameters and uncertainties to CSV tables. Paired script variants add a second halo thermal component so that one- and two-temperature Galactic halo models can be compared. Code from the earlier heliospheric SWCX study of Ringuette et al. (2021) and superseded iterations are also included. The scripts were written for Python 2.7 and XSPEC 12.11.1.",Code used to produce the results in a publication on separating out the magnetospheric SWCX X-ray spectral contribution in astrophysical observations of dark fields.,"d21c5d29-21ba-4288-bec0-8c077ac15aec,4ed73ccc-e12a-4009-aa2c-e40ea4c0c84a,9852ca3f-b8fc-4665-a990-465072ec4379,1dacbe62-8d60-4a7e-a1d8-ea0feba270b0,cebf9575-00b1-45bd-a386-fcbef4f589f3,d8c3ac85-6e38-4ec9-baa6-a037b9b16d18,76c9ed80-50ea-41fb-9e17-c488430fd00f,a85c510d-76d1-4c75-9b81-7ae13a36dd30,555161bf-13d6-4909-b2d5-6c87d584de24,2f488d8c-dd92-4deb-bad8-7377d1d12b48,ff3b7502-07f2-4652-95bd-692557553cdb,1ca1fc54-e093-4328-ae77-6d6726270bad,f7b38a8f-3117-49a5-89b2-a66930c7ca4b,475f62e3-13dd-48a4-a01c-508cb306d7ca",https://github.com/rebeccaringuette/MagnetosphericSWCX/tree/MSWCX,6480ff1c-f70f-4b8b-a70a-327bcc158f99,"fa1963cd-6a16-49e8-abae-a8db46658b40,b82cd96d-8243-41d9-b015-03436704cdbf","bbfd3b11-634d-4d28-8644-c12600811b6d,fa1963cd-6a16-49e8-abae-a8db46658b40,b82cd96d-8243-41d9-b015-03436704cdbf,7c439c97-4f6f-436f-be9a-dbb99341124b",25b5bc68-71f8-44d8-8216-009adffb2fc3,"fad99862-4c10-4953-b110-4f6cac6d8687,f56a845c-b38e-425b-b4a9-648fc2652775",83697287-4672-4bf0-82b6-5a270a88bea8,c8723cab-e273-44ba-98cf-9c24b392ca33,"d59c6796-a938-4b20-8ce5-3f9382d41eac,bc97966b-f24c-4952-bc8b-b917594247e1",eef6c156-35b4-433f-8d6d-2c3b5005347d,"5424f843-b398-4bc0-bd43-d26371959315,515dae73-68bc-4030-8008-20c9eef5a01c,9d76b632-af2e-4300-bffb-dadf0bf4fbf5,757ff86d-708f-4f2d-8782-71ab39af4ab9,efeb129a-3fbc-4117-8799-abc003aa4219","7faf9d5d-2555-4042-9a02-14710d363599,db94b20c-8649-4aa1-af5c-2f3b7be1f047,5dfe7b96-275a-4402-a6e0-8690236a16ac,7978ee68-7ea6-421b-8547-641004b689e0,6d5fde02-72ca-4635-9dd4-a1876654edaf,a2605893-18dc-447c-baff-cadc4b1a9fdc,c8de4ad3-1e94-421f-a3f8-8823f174b3f1,a5e307ab-2e31-455c-a29c-4d5b99580a9a,ed0c36d3-240f-477a-96b2-b32db7462083,e0e47e8f-eb01-4a48-b02f-cb288a3ad43a,1cdc90f4-dca2-4860-a25f-d920813bce66,7dbf8b44-ce6d-4e1b-8513-ed5796f00e01,0a20ea22-d50b-4cb2-802b-733f9611c720,683925f0-eaed-47dd-bd9d-fa55550bb4d7,6bba1438-7ca4-429c-b999-85ad92e24432","c5708412-d85d-47ec-baf5-8c8ba331384f,7c1f0a0e-2d81-42a4-9126-091d8813daee,c8b1ec53-a48e-4a97-9de0-982063967ca6",,"cf788e46-c8d8-4cd7-9c36-24118587d93c,a4e07475-572f-48db-b2e7-5d59ea194465",fe3bfb00-455a-46d1-99a5-f977e2a87269,https://github.com/rebeccaringuette/MagnetosphericSWCX/tree/MSWCX,,"73b7fe8c-ee03-46eb-83d8-0ce77956245a,5e6ea23a-9318-4ad7-bb98-197591c4312c"
367ee6c7-1593-446e-8c5d-2a7bd11f1a81,da38c24f-c972-4506-90bc-6ca75e9260ef,2013-03-05,ee990b81-8115-4ab4-8a7f-68a4d0bb345d,"dd77b0be-c31d-4319-a8d4-1ee118c9dbc7,2b79cc74-02ec-473e-9fff-9ffb4f08db8b,9940fce7-cee3-4eca-a38c-e1d0494d207a,0d02532b-fe7d-4a65-b97a-a327844dffd3,190420c5-8ac0-4f5a-81a4-896c1405e56f,fc1e58f7-611e-4863-a63b-df941c63e29f,63038ab0-47b4-4a46-bba1-ae210c5dd3ce",,,Maidenhead,33f9f5f0-0c47-4c38-aa52-8065602723c3,https://doi.org/10.5281/zenodo.3229069,,"Python Maidenhead <--> WGS84 coordinate conversions. Maidenhead provides a simple location hashing algorithm with up to six levels of precision, converting between Maidenhead grid locator strings and WGS84 latitude/longitude coordinates and optionally outputting GeoJSON geometry. It is useful for amateur radio applications and crowdsourced observations in geospace research.","Python Maidenhead <--> WGS84 coordinate conversions, useful for crowdsourced observations.",ab45d6f4-403d-4528-9246-d2139db5bc72,https://github.com/space-physics/maidenhead/blob/main/README.md,,,102561e0-8fd0-4084-b4a5-f7e0f36eda03,25b5bc68-71f8-44d8-8216-009adffb2fc3,,,,1948d1db-6e7d-4733-ae68-15fa57b8238b,,1deefae3-ade4-414e-b586-7b015772ec14,"ecb712bd-1e24-4f6a-9004-8c1e3fb5f313,81fef49d-c1f8-4df9-b9db-dc29ed3093a8,f83bcd90-c63f-4c32-8ec6-08ef578ea471,60b921f2-93de-4539-afa2-0c5e7593520a,bbd193e0-c22a-4c1d-a787-3efaa787c893,d0890d23-23fa-4a3b-93cf-40a268e727e0,f5cb7636-4781-42e1-bc77-4c223c5008f2,f6cd4aec-1d88-4dfb-ba6b-e54ecc9e4186",bbf45995-f041-4c92-971e-7d4e451e2ad3,,,,https://github.com/space-physics/maidenhead,,
e2ca7d39-4fae-4ced-9dc2-b2593241b407,da38c24f-c972-4506-90bc-6ca75e9260ef,2019-04-08,974802bb-aabb-4985-9e95-6463c41146c8,"14ec64a5-5367-4150-a443-1ce5e3197c04,16dd4e4e-52af-4312-9145-8ee217e0f582,57525d46-d476-4c07-90de-7c12d27b1d69,fbce5f2b-fae0-4652-ba3f-9b79c4a84201,88fa6492-c572-4524-9604-4ae950b75eb0,f53b64e1-ee7e-4a68-b2d1-25795263715c","a99eaa85-40ec-4472-a878-4d16692c6ec9,2ee781cb-52e5-4817-99ec-31ef2856bb51",720f7a0b-fd58-47bf-93c7-c5c5105f7d5b,maven_iuvs,39151430-5817-4c63-a0dd-3930c5255ec2,,,"maven_iuvs is a Python library of analysis routines for data from the Imaging Ultraviolet Spectrograph (IUVS) aboard NASA's Mars Atmosphere and Volatile EvolutioN (MAVEN) orbiter, developed by the IUVS instrument team at the Laboratory for Atmospheric and Space Physics, University of Colorado Boulder. It reads and manipulates IUVS level 1A and level 1B FITS files, synchronizes data and SPICE kernels from the MAVEN Science Data Center and the IUVS team server, and maintains searchable indexes of local mission data holdings. Calibration routines convert raw detector counts to physical brightness units using the instrument's effective area, microchannel plate gain curve, flat fields and line-spread function, and cleaning routines remove darks, cosmic rays, hot pixels and corrupt frames. For echelle observations the package forward-fits the hydrogen and deuterium Lyman-alpha lines, optionally including an interplanetary hydrogen component, using nested-sampling or least-squares fitters, and drives generation of level 1C data products. Geometry routines built on SPICE provide pixel viewing vectors; solar zenith, emission, phase and local-time angles; sub-solar and sub-spacecraft points; transforms between the IAU_MARS and MAVEN_MSO reference frames; and Mars solar longitude and mission timekeeping utilities. Plotting routines produce quicklook figures, detector images, spectral line-fit plots, map-projected swaths of the Martian disk, and three-dimensional renderings of Mars and the MAVEN orbit. Operational tooling supports pipeline orchestration, weekly observation reports, reprocessing comparisons, and the preparation and verification of Planetary Data System deliveries. The package assumes access to local IUVS data holdings and SPICE kernels configured through a user paths file; some routines additionally require the IUVS team's IDL pipeline.","Python analysis library for MAVEN/IUVS ultraviolet spectrograph data: reading, calibration, dark and artifact removal, Lyman-alpha line fitting, SPICE geometry, map projection, and quicklook plots.","ab45d6f4-403d-4528-9246-d2139db5bc72,89b29179-7fba-456e-b4ed-5ff5b548be18,1f890d25-4f74-4166-b2e5-76d3367bb5d6,c3303537-97d2-4aa3-b598-a7de40814d85,d21c5d29-21ba-4288-bec0-8c077ac15aec,4ed73ccc-e12a-4009-aa2c-e40ea4c0c84a,9852ca3f-b8fc-4665-a990-465072ec4379,e9bb1c0d-d4c7-4be7-be51-e3f8328be466,1dacbe62-8d60-4a7e-a1d8-ea0feba270b0,758dab69-cb35-477f-86c0-ed52606e335b,6e1dbfec-913f-4d9b-9a3f-e8a2b7f82540,d8c3ac85-6e38-4ec9-baa6-a037b9b16d18,76c9ed80-50ea-41fb-9e17-c488430fd00f,402bf733-9d89-4602-b9ee-6e530d1b2836,e808c21d-338f-411a-838f-be0ce95700b5,a85c510d-76d1-4c75-9b81-7ae13a36dd30,8b47109e-5f73-4edc-8668-9c4f738684c6,5ec2f6e7-b28e-4a24-952c-0f24f6bce1b4,555161bf-13d6-4909-b2d5-6c87d584de24,2f488d8c-dd92-4deb-bad8-7377d1d12b48,8dc2735d-5b15-441c-99a3-5138ed6fcf8d,841774c2-77c6-4111-af03-b5c2ac3d8bba,bfcf5b70-01f3-49f2-9f68-6ce27a9d4491,967e8bdb-795d-4f4e-806a-c0eaad2ff22c,9bfba210-58d2-4257-b2ef-33a26fa5de6c,e74a2486-8871-4fe4-886f-ba49f6c1f852,a3f51d29-0e97-4173-92f1-a56335f32b2e,d4136ce2-345a-4011-beaa-456eda820556,ff3b7502-07f2-4652-95bd-692557553cdb,1ca1fc54-e093-4328-ae77-6d6726270bad,f7b38a8f-3117-49a5-89b2-a66930c7ca4b,475f62e3-13dd-48a4-a01c-508cb306d7ca",https://lasp.github.io/maven_iuvs/,"6b85306a-52cc-458a-be04-5c7d82442038,6480ff1c-f70f-4b8b-a70a-327bcc158f99","bbfd3b11-634d-4d28-8644-c12600811b6d,fa1963cd-6a16-49e8-abae-a8db46658b40,b82cd96d-8243-41d9-b015-03436704cdbf,c2883e1a-c97e-4dd0-a9ed-7dad7293bb3e,31039da9-c899-438c-ab18-da9733541f12,7c439c97-4f6f-436f-be9a-dbb99341124b","fa1963cd-6a16-49e8-abae-a8db46658b40,b82cd96d-8243-41d9-b015-03436704cdbf,7c439c97-4f6f-436f-be9a-dbb99341124b","addea8d3-582b-42c8-9144-cf59d80280f0,2e6c3834-d2fc-42f5-9528-b7fe7081845a","c650094a-7222-4e65-81e9-5f2d4df06a41,178d2606-519f-419f-9b0e-52bb95c4a591","03e368e1-dca1-4c74-bc54-4399693405be,02182779-92a2-4dd6-90f0-6eb8640a78d4,d6340183-030c-4337-9f81-4409fee2b0ad",29d7a7e6-bc1c-44eb-b0ff-bb460ae348ee,"d59c6796-a938-4b20-8ce5-3f9382d41eac,387d9dcb-827f-4e0c-887f-3d10d51284f5",,"c7b4385f-af5a-4e71-9879-43b11e356cf1,1a7d7021-eaa6-4c0a-a144-e47cafa7b3ec,757ff86d-708f-4f2d-8782-71ab39af4ab9","b545900b-03ff-4ce4-9b1c-38ccfde1d10d,2033f602-c828-46f5-8b11-b0b7c82e04ab,bf78ea45-9c53-42ab-96b1-db056b12c2c9,5a352041-e705-4f1c-a708-794b5aa651c2,45049059-c369-4e54-be8b-a2d35d6f842c,343bf1b8-b175-46ef-b1a7-88f767e0acea,5f7ad72c-2ae6-4c10-ae87-e3c499e96183,93bb8b49-d2d7-40f4-a5e4-967df20e6171,e233ce92-6fc6-4d72-ae71-1dae63be3009,c8731faa-a5e9-4cf8-ba93-3b2dda98597b,53ce2658-084e-4da8-90ce-2d4904c05fbb,840feadc-658c-44e3-88cd-65a7b5241374,10e73c34-9041-4ab1-81dd-f1c10a81061f,da4818d3-1894-4f67-bd44-e1a299f4a9ca,96087f22-4a57-4b73-a13e-153bc7b6a523,291883aa-cb27-4618-972e-64e59631a187,4d6a1fcb-4a48-4bb8-ac16-e47941708b4f,c0cd3f2a-24f3-4ff2-9c28-ee03de6212d0,1fe692ab-c81d-49ff-947d-a64bf9e42524,0a20ea22-d50b-4cb2-802b-733f9611c720,9587b754-1224-42cd-b1c6-de0c29979782,ac7f6b94-db19-4b56-9cea-8df0981fd0a5,c0b9150c-b102-41dc-838a-09859f5ac19b,b95cabe0-b5f4-4fd0-895f-2a335f560048",53a6cd1c-fbde-4fc7-99fd-64767575000a,"175c0df4-eb7f-4c4e-9577-89a2093b9c92,ec2b8356-03cf-49f9-8597-858a276162b4",,,https://github.com/lasp/maven_iuvs,,
c5b93d11-92e0-46cd-8616-427edce159d2,da38c24f-c972-4506-90bc-6ca75e9260ef,2024-07-15,974802bb-aabb-4985-9e95-6463c41146c8,8beecaf9-87e9-4986-8f95-ac151ab134e3,"a99eaa85-40ec-4472-a878-4d16692c6ec9,2ee781cb-52e5-4817-99ec-31ef2856bb51,bd008241-ec22-44af-bae3-232de6e232c8,9b75019d-883e-4a40-aeae-6c1a3ccc05bc,d747039a-5d06-45d0-a944-8c85a007e180,8cda1c82-9e6d-4069-b750-f3cafe10f285,be837063-5ac1-43bd-bac3-058aa888af76,6c0acf0f-b60a-48c4-96aa-4a25e2bcbf33,d36f9f40-5ec9-4eb9-8ee4-6b60ccc9c5e7,b0b03778-2bd0-4160-818f-466044823da9",720f7a0b-fd58-47bf-93c7-c5c5105f7d5b,MavenPy,cb14ee78-ba6c-4735-aab6-ce442661236b,,,"MavenPy is a Python package for downloading, reading, and analyzing data from NASA's Mars Atmosphere and Volatile EvolutioN (MAVEN) mission. It retrieves MAVEN data files from the mission's public and team archives, mirrors the remote directory trees locally, resolves local file paths and versions, and loads the files into common Python data structures. Routines are present for the following data products:

- SPICE: kernel download from NAIF, loading via SpiceyPy, and MAVEN position, attitude and coordinate-frame transforms
- Ephemeris: spacecraft ephemeris (from Berkeley SSL SPRG) and orbit ephemeris (from SPICE)
- EUV: Level-3 FISM-fitted spectra, Level-2 bands
- MAG: Level-2 and Level-1 magnetic fields (all cadences, all file formats)
- NGIMS: Level-2 neutral and ion densities (Level-3 is disrecommended)
- SEP: Level-1 (raw counts), Level-2 (counts and processed spectra), Level-3 (pitch angle distributions) and ancillary data
- SWEA: Level-2 (spectra, pitch angle distributions, 3D distributions), Level-3 (spacecraft potential, topology)
- SWIA: Level-2 angle-averaged and differential spectra and moments (coarse, fine and onboard survey modes)
- LPW, STATIC, IUVS, ACC, ROSE and raw Particles and Fields Level-0: file retrieval and path resolution

It also provides plasma moment calculations from 1D and 3D particle distributions, SEP calibration from raw counts to physical units, empirical Mars bow shock and magnetic pileup boundary models, solar wind interval identification, and plotting utilities for time series, energy-time spectrograms and MAVEN orbit geometry. Command-line scripts are included for updating a local MAVEN data archive, for computing solar-wind coverage statistics, and for producing SEP, EUV, orbit and daily quicklook summary plots.

MavenPy is heavily based on IDL programs in the Berkeley SSL tplot SPEDAS distribution that read and analyze MAVEN spacecraft data. The original authors of those routines are thanked, and the source IDL program is referenced where a routine is derived from one. The package requires Python 3.11 or above and is still in development.","Python package to download, read and analyze MAVEN spacecraft data: SPICE ephemeris, MAG, EUV, SEP, SWEA, SWIA, NGIMS and more, with plasma moments, calibration and plotting tools.","ab45d6f4-403d-4528-9246-d2139db5bc72,1f890d25-4f74-4166-b2e5-76d3367bb5d6,c3303537-97d2-4aa3-b598-a7de40814d85,d21c5d29-21ba-4288-bec0-8c077ac15aec,491665b2-0491-4982-9975-8e6a27105089,4ed73ccc-e12a-4009-aa2c-e40ea4c0c84a,9852ca3f-b8fc-4665-a990-465072ec4379,e9bb1c0d-d4c7-4be7-be51-e3f8328be466,1dacbe62-8d60-4a7e-a1d8-ea0feba270b0,cebf9575-00b1-45bd-a386-fcbef4f589f3,8a197010-e950-47eb-a917-1e549d5411c1,416ec91f-b16f-4a11-8ee5-151133b9dabb,d8c3ac85-6e38-4ec9-baa6-a037b9b16d18,cfa01ea5-1be6-40fc-b8f0-96c1a866c7e0,76c9ed80-50ea-41fb-9e17-c488430fd00f,402bf733-9d89-4602-b9ee-6e530d1b2836,a85c510d-76d1-4c75-9b81-7ae13a36dd30,8b47109e-5f73-4edc-8668-9c4f738684c6,5ec2f6e7-b28e-4a24-952c-0f24f6bce1b4,29cb514d-8259-4df4-833f-4e6631cd65e1,555161bf-13d6-4909-b2d5-6c87d584de24,2f488d8c-dd92-4deb-bad8-7377d1d12b48,841774c2-77c6-4111-af03-b5c2ac3d8bba,9bfba210-58d2-4257-b2ef-33a26fa5de6c,ff3b7502-07f2-4652-95bd-692557553cdb,05e06b15-ceb0-4623-a9c9-98ad6ec4ef49,1ca1fc54-e093-4328-ae77-6d6726270bad,f7b38a8f-3117-49a5-89b2-a66930c7ca4b",https://github.com/rjolitz/mavenpy/blob/main/README.rst,"6b85306a-52cc-458a-be04-5c7d82442038,6480ff1c-f70f-4b8b-a70a-327bcc158f99","bbfd3b11-634d-4d28-8644-c12600811b6d,ab231ba2-0ccf-4cb3-b77a-94f1aee06296,fa1963cd-6a16-49e8-abae-a8db46658b40,31039da9-c899-438c-ab18-da9733541f12,7c439c97-4f6f-436f-be9a-dbb99341124b",bbfd3b11-634d-4d28-8644-c12600811b6d,25b5bc68-71f8-44d8-8216-009adffb2fc3,,,39dc34ad-ebc8-43a0-91fe-dd47961f6613,"d59c6796-a938-4b20-8ce5-3f9382d41eac,387d9dcb-827f-4e0c-887f-3d10d51284f5",d7f050b7-b557-445d-a0c5-1d89918a915e,"c7b4385f-af5a-4e71-9879-43b11e356cf1,1a7d7021-eaa6-4c0a-a144-e47cafa7b3ec,efeb129a-3fbc-4117-8799-abc003aa4219,757ff86d-708f-4f2d-8782-71ab39af4ab9","e2beef79-8312-4db0-abf2-32440274f958,01c8fa66-67f7-45ee-9e06-c28be6f431af,840feadc-658c-44e3-88cd-65a7b5241374,4f2a590a-5c76-425e-b204-5980d0811232,d7a983c0-bde6-4027-ab32-b69a1d5c2981,da4818d3-1894-4f67-bd44-e1a299f4a9ca,96087f22-4a57-4b73-a13e-153bc7b6a523,817fb6c6-4a49-4a30-b9c2-31edec30dcf2,8bf6b9d0-db3b-4e0a-b645-483776146caa,467425d2-4e22-4151-ad17-bc97e3c0d8bd,4d6a1fcb-4a48-4bb8-ac16-e47941708b4f,d99fb2cc-e062-4795-87e7-5e49bddbfbc3,7dbf8b44-ce6d-4e1b-8513-ed5796f00e01,b2c75140-07b4-45be-ada7-0f5e0bec0033,dbfc52db-2a28-44e7-8515-6bc5c8db9ac5,9587b754-1224-42cd-b1c6-de0c29979782,56f8498f-b862-4b70-b63a-d36e1c0ba13d,2bcf419e-4a17-4a02-b791-d99ab6f9203b","c6c2b49a-a969-427e-bb98-04eb8945ba38,e3198f61-66f9-4a6c-9da5-78ff247bba89,1828b40e-4ba9-4e8b-bf38-694862aa894e,da7725ba-3711-4a2a-a357-8cea5fde91ca,4dcfbe4d-f017-4070-bb51-52880269d5ee",da7725ba-3711-4a2a-a357-8cea5fde91ca,,,https://github.com/rjolitz/mavenpy,,73b7fe8c-ee03-46eb-83d8-0ce77956245a
96059067-e0dd-4d80-b2bf-60ec9378609d,"b36db5d9-bb03-41a8-a606-da018371d891,da38c24f-c972-4506-90bc-6ca75e9260ef",2020-05-23,ee990b81-8115-4ab4-8a7f-68a4d0bb345d,"7f4a313b-f7c9-47bf-abf9-98b14cda5ba7,6501bf4a-0cec-486f-8aa9-8ba3f2f45069",46f53614-1673-4ef7-8670-d09a31621ed2,86d10da0-aaab-42c6-9f1b-5ede22ca236e,MCALF: Multi-Component Atmospheric Line Fitting,9b87d164-5741-49e1-a122-915ea92e1cd3,https://doi.org/10.5281/zenodo.3924527,a16c7724-f8df-4545-98c2-21fa49afaac3,"MCALF is an open-source Python package for accurately constraining velocity information from spectral imaging observations using machine learning techniques.

This software package is intended to be used by solar physicists trying to extract line-of-sight (LOS) Doppler velocity information from spectral imaging observations (Stokes I measurements) of the Sun. A ‘toolkit’ is provided that can be used to define a spectral model optimised for a particular dataset.

This package is particularly suited for extracting velocity information from spectral imaging observations where the individual spectra can contain multiple spectral components. Such multiple components are typically present when active solar phenomenon occur within an isolated region of the solar disk. Spectra within such a region will often have a large emission component superimposed on top of the underlying absorption spectral profile from the quiescent solar atmosphere.

A sample model is provided for an IBIS Ca II 8542 Å spectral imaging sunspot dataset. This dataset typically contains spectra with multiple atmospheric components and this package supports the isolation of the individual components such that velocity information can be constrained for each component. Using this sample model, as well as the separate base (template) model it is built upon, a custom model can easily be built for a specific dataset.

The custom model can be designed to take into account the spectral shape of each particular spectrum in the dataset. By training a neural network classifier using a sample of spectra from the dataset labelled with their spectral shapes, the spectral shape of any spectrum in the dataset can be found. The fitting algorithm can then be adjusted for each spectrum based on the particular spectral shape the neural network assigned it.

This package is designed to run in parallel over large data cubes, as well as in serial. As each spectrum is processed in isolation, this package scales very well across many processor cores.",MCALF is an open-source Python package for accurately constraining velocity information from spectral imaging observations using machine learning techniques.,"d21c5d29-21ba-4288-bec0-8c077ac15aec,4ed73ccc-e12a-4009-aa2c-e40ea4c0c84a,1dacbe62-8d60-4a7e-a1d8-ea0feba270b0,162d0da5-6fac-433b-b4dd-22a721788975,d8c3ac85-6e38-4ec9-baa6-a037b9b16d18,0691c3a9-a02f-4de3-9a1c-965782ddbef9,cfa01ea5-1be6-40fc-b8f0-96c1a866c7e0,76c9ed80-50ea-41fb-9e17-c488430fd00f,402bf733-9d89-4602-b9ee-6e530d1b2836,a85c510d-76d1-4c75-9b81-7ae13a36dd30,6c9aba0e-c280-4663-bde0-a8d4bcc41bf7,ff3b7502-07f2-4652-95bd-692557553cdb,1ca1fc54-e093-4328-ae77-6d6726270bad,62d9ee10-eb34-4270-9da6-a7025828f286",https://mcalf.macbride.me/,6480ff1c-f70f-4b8b-a70a-327bcc158f99,"bbfd3b11-634d-4d28-8644-c12600811b6d,fa1963cd-6a16-49e8-abae-a8db46658b40,b82cd96d-8243-41d9-b015-03436704cdbf,31039da9-c899-438c-ab18-da9733541f12","fa1963cd-6a16-49e8-abae-a8db46658b40,b82cd96d-8243-41d9-b015-03436704cdbf","addea8d3-582b-42c8-9144-cf59d80280f0,25b5bc68-71f8-44d8-8216-009adffb2fc3,2e6c3834-d2fc-42f5-9528-b7fe7081845a",fe2cef27-aff2-476e-a6ec-e5c56860104d,654d6e75-d2df-4404-84c7-8be84fe52947,c8723cab-e273-44ba-98cf-9c24b392ca33,"d59c6796-a938-4b20-8ce5-3f9382d41eac,387d9dcb-827f-4e0c-887f-3d10d51284f5,1948d1db-6e7d-4733-ae68-15fa57b8238b,bc97966b-f24c-4952-bc8b-b917594247e1",e30aeeb6-77d6-4994-a80c-320aa1222eab,"a93f49d5-6203-4f64-8d77-18c74a53f7a8,b75d78e6-234d-4bb6-bd52-7de23b537029","ad4f2237-4749-4c1c-b25d-e70e0d27773c,60416fc6-7ba2-4df9-b267-9ef0138663db,e0410248-2b43-4409-9866-f22870ead9b5,3f3fa6f7-dd67-443b-9359-c9f679ef6671,35c7eac7-4a89-422f-8119-a7d489e8da55,75ba8743-e6d7-4589-9493-358f3fd9236b,97c079a8-b323-4d63-801c-53b92b75484f,354e8131-fbee-4a1e-9e65-b382e8b582e0,e2931f65-9469-48ec-9976-ba7fd84215c0,aeeea1d5-58cb-4b00-ac16-2b222f79d792,ac4323d7-c0de-4c9a-8731-2ce1c606b2be,52853e5a-c8ba-4ce8-9875-8120bee89742,4d6a1fcb-4a48-4bb8-ac16-e47941708b4f,bca84a17-1bf6-426c-8404-cc80ae987ead,89ac1236-d27e-48d4-bed0-9dd239b93856,76503b4d-abf9-48b2-8ba4-64a54fbe2105,5ec9a0fc-5744-4023-9475-cad1f4d84fa8,8407aacc-5550-47b9-abe2-ec0688e9aa9a,ef771ec2-a042-4fee-8b27-f06ea5fba16c,9cdb926c-1f03-44a7-9e92-69c6a0dfb78f,eabf1feb-2574-4b09-95ed-fe0e202a672d",,175c0df4-eb7f-4c4e-9577-89a2093b9c92,"cdbe3c65-8ac5-4eb8-af51-53a6e969e5b3,4910d9ce-52be-4e08-9dd4-d1d013b7641b,d7d8afea-1f2a-45fc-9316-15738dd29940,f0c58f65-cf25-46c5-b716-9c82564901c6","6f0f48a3-97e8-48e8-8daf-b2f0a18fb936,ebb17407-49fb-40b8-9cf3-f931b3a0358b,0f11fabc-3f03-4476-adfb-387dca895e7c",https://github.com/ConorMacBride/mcalf,,754b7219-9dc1-4d74-9918-c5f1c0947192
683398f6-8f62-49a6-9eb3-bf926a9b621c,"1af99bfc-2061-4583-9cf3-33df280a7ea8,da38c24f-c972-4506-90bc-6ca75e9260ef",2014-09-15,ee990b81-8115-4ab4-8a7f-68a4d0bb345d,dd77b0be-c31d-4319-a8d4-1ee118c9dbc7,,7f972601-f483-480c-83bc-03642f2ee2b1,MGSutils,342a31b4-e91f-4c9a-b257-e6faa4b2c1fd,https://doi.org/10.5281/zenodo.595431,,"Mars Global Surveyor radio occultation experiment read and plot. This software provides utilities for reading MGS radio occultation data files in .sri, .lbl, and .srt formats and creating visualizations of the occultation data. The .sri data is big-endian int16 in Fortran order. The software supports reading high-level occultation data and plotting frequency vs time spectrograms to analyze Mars atmospheric properties derived from radio occultation experiments.",Mars Global Surveyor radio occultation data reader and plotter for analyzing Mars atmospheric properties from radio occultation experiments.,"d21c5d29-21ba-4288-bec0-8c077ac15aec,d8c3ac85-6e38-4ec9-baa6-a037b9b16d18,76c9ed80-50ea-41fb-9e17-c488430fd00f,402bf733-9d89-4602-b9ee-6e530d1b2836,29cb514d-8259-4df4-833f-4e6631cd65e1",https://github.com/space-physics/mgs-radio,6480ff1c-f70f-4b8b-a70a-327bcc158f99,"bbfd3b11-634d-4d28-8644-c12600811b6d,fa1963cd-6a16-49e8-abae-a8db46658b40,7c439c97-4f6f-436f-be9a-dbb99341124b",,25b5bc68-71f8-44d8-8216-009adffb2fc3,,"9c805d92-10b0-42eb-aacb-de3a9e8af87a,fcdc6854-b67b-4bfb-8d4e-cde7748e0a25,0ffe8432-6291-48ce-986b-9c3835372931",,1948d1db-6e7d-4733-ae68-15fa57b8238b,,c7b4385f-af5a-4e71-9879-43b11e356cf1,"da4818d3-1894-4f67-bd44-e1a299f4a9ca,9e57b7ae-e1d6-4c79-89c3-920b34b9f98f,71daa705-6da2-41d5-95e9-fa27fcb4bf0b,d72737b0-220f-41d8-a4ff-9b94a97c2d95,de496742-b0c3-494d-b743-ae782f31d863,e647adde-72ec-4bc8-ac8f-beb6510158b5","acfdd22c-a6e0-4038-bbbc-a49c7154af60,15b2b5c4-74ab-4302-bca8-ec89ec347850,75274f40-edc0-4391-a3da-324d7469d212,585072f1-a1cf-4f4e-94ac-f18f56388660,bdf946df-e77f-4bb1-8c4e-130a2f6ffa21,4139ec71-ce86-4902-a231-8c7c5098508a",,,,https://github.com/space-physics/mgs-radio,,
2bccae2a-78df-4ce5-b6b3-40afea73fe4d,"dde8f37b-2532-479f-8927-e9dd12d726a8,e7b6f70a-487f-4038-a41d-ad7e39e06fb6,1af99bfc-2061-4583-9cf3-33df280a7ea8,da38c24f-c972-4506-90bc-6ca75e9260ef",2015-03-27,ee990b81-8115-4ab4-8a7f-68a4d0bb345d,"dd77b0be-c31d-4319-a8d4-1ee118c9dbc7,09b310a2-806a-4c3a-bb6b-8898fcbabc03",,,MSISE-00,f8d455bb-a7ef-47fb-9e88-34a0c04f256e,https://doi.org/10.5281/zenodo.595393,f9c6080a-3880-40d8-b037-654ad98636a5,"NRL MSISE-00 atmospheric model-- in Python and Matlab. Python API for Fortran MSISE-00 neutral atmosphere model. The MSISE-00 model provides atmospheric temperature and density from ground to thermospheric heights. Valid from altitude z = 0..1000 km. Outputs include temperature (Kelvin), density (particles per cubic meter), and mass density (kilograms per cubic meter).",NRL MSISE-00 atmospheric model-- in Python and Matlab,"d21c5d29-21ba-4288-bec0-8c077ac15aec,e9bb1c0d-d4c7-4be7-be51-e3f8328be466,ff3b7502-07f2-4652-95bd-692557553cdb,05e06b15-ceb0-4623-a9c9-98ad6ec4ef49,76c9ed80-50ea-41fb-9e17-c488430fd00f,a85c510d-76d1-4c75-9b81-7ae13a36dd30,402bf733-9d89-4602-b9ee-6e530d1b2836",https://ccmc.gsfc.nasa.gov/models/NRLMSIS~00/,ed7e1c95-acef-423b-82bf-43ad6c78f333,,"c2883e1a-c97e-4dd0-a9ed-7dad7293bb3e,40f6b676-efcd-4081-b495-41af7370a073","25b5bc68-71f8-44d8-8216-009adffb2fc3,2e6c3834-d2fc-42f5-9528-b7fe7081845a",,,,"d59c6796-a938-4b20-8ce5-3f9382d41eac,387d9dcb-827f-4e0c-887f-3d10d51284f5,1948d1db-6e7d-4733-ae68-15fa57b8238b,bc97966b-f24c-4952-bc8b-b917594247e1",,1deefae3-ade4-414e-b586-7b015772ec14,"ab6ae3c5-c2df-4742-a396-96d6cf69fcb0,9050825b-a63a-4e38-b77f-2c362626534b,85f0af6b-4960-4865-b91a-32b99df28d81,bbd193e0-c22a-4c1d-a787-3efaa787c893,656947a9-df0e-4e90-bccb-8f9a97f54f75,6d911a12-417c-45aa-9b6b-57379d432d33","585072f1-a1cf-4f4e-94ac-f18f56388660,4139ec71-ce86-4902-a231-8c7c5098508a,7c653b99-b71c-423f-af13-c7b6bc064a54",,,,https://github.com/space-physics/msise00,,
6325743f-ad5d-4c24-aca3-6262a70d78d7,"b36db5d9-bb03-41a8-a606-da018371d891,648cfb34-470e-47b6-a1ba-b543e90e21ac,8381adbf-4a23-4c0e-9896-b1445b0e82d5,59dfd56c-cbb7-42b7-ae25-998d75fa13ff,77ac5f09-8feb-4d56-b97e-4c7a91361990,1af99bfc-2061-4583-9cf3-33df280a7ea8,f6635932-7453-4b3b-9322-9c1b18147056,da38c24f-c972-4506-90bc-6ca75e9260ef,4d9d4b7a-ac66-47e7-a30b-e39cf4802466,fa658d78-b827-4aef-8280-f0e1398ada0c",2017-06-14,ee990b81-8115-4ab4-8a7f-68a4d0bb345d,"a2407cea-4581-4ce7-9884-8ec301a99853,87160253-b4e3-421d-863a-39ea410dd706,6f5d0b1e-95ea-4cee-af20-a649f2157f70,11e567be-d84b-4397-b557-ba0414f0e1f5,0e8e72ff-f844-4b1b-a46b-4b16d5c097bf,eda988f5-3df0-4122-bc01-b32bc1ab730b,c898db9e-f54d-4e10-96d2-f94e8a9c4eae,f6820061-7ebd-470b-a5cd-9af569a99929,cab57916-5c7b-4d9c-8bb2-ec44e5a527f2,dc269e6b-7468-422d-a042-0332cf879411,6b569da6-48bc-4b00-9e9c-7d49a3f3c7ae,1502922e-20a4-4871-9d45-d76da6e54d74,c0250c09-3ff9-4692-b9a5-51a122c54097,63dcdd2d-8ffb-491c-85b3-38c87cf246fc,c56f6cfc-e57e-4806-ad65-3e3ff199234d,c99ad3bc-435c-45fc-a4a1-0e5c10cfa7bd,b573ad4a-cf29-4749-a89d-d2ab1ac5c5aa",,,NCAR/VAPOR,c18c337c-12f2-4862-ba35-34c70ce896df,https://doi.org/10.5281/zenodo.6567350,4a553c72-1a00-4ddf-b4c2-2f330ed3c438,"VAPOR is the Visualization and Analysis Platform for Ocean, Atmosphere, and Solar Researchers. VAPOR provides an interactive 3D visualization environment that can also produce animations and still frame images. VAPOR runs on most UNIX and Windows systems equipped with modern 3D graphics cards.

The VAPOR Data Collection (VDC) data model allows users progressively access the fidelity of their data, allowing for the visualization of terascale data sets on commodity hardware. VAPOR can also directly import data formats including WRF, MOM, POP, ROMS, and some GRIB and NetCDF files.

Users can perform ad-hoc analysis with VAPOR's interactive Python interpreter; which allows for the creation, modification, and visualization of new variables based on input model data.

VAPOR is a product of the NSF National Center for Atmospheric Research's Computational and Information Systems Lab. Support for VAPOR is provided by the U.S. National Science Foundation (grants # 03-25934 and 09-06379, ACI-14-40412), and by the Korea Institute of Science and Technology Information

Project homepage and binary releases can be found at https://www.vapor.ucar.edu/","VAPOR is the Visualization and Analysis Platform for Ocean, Atmosphere, and Solar Researchers, providing interactive 3D visualization, animations, still images, and ad hoc Python analysis.","ab45d6f4-403d-4528-9246-d2139db5bc72,d21c5d29-21ba-4288-bec0-8c077ac15aec,e9bb1c0d-d4c7-4be7-be51-e3f8328be466,06bdcf26-0423-45d4-8cd0-71a1dd49dfa3,4ed73ccc-e12a-4009-aa2c-e40ea4c0c84a,1dacbe62-8d60-4a7e-a1d8-ea0feba270b0,e1c9ec4f-63c6-40bc-b9ab-de70189bd83a,758dab69-cb35-477f-86c0-ed52606e335b,d8c3ac85-6e38-4ec9-baa6-a037b9b16d18,76c9ed80-50ea-41fb-9e17-c488430fd00f,402bf733-9d89-4602-b9ee-6e530d1b2836,9ba5be4d-a4db-4145-80cc-9c006d68a219,e808c21d-338f-411a-838f-be0ce95700b5,a85c510d-76d1-4c75-9b81-7ae13a36dd30,0e94fdda-aba0-468e-87c6-f8943010c7f1,24ce2de6-0be7-448f-b5cd-b7f5b21a056c",https://ncar.github.io/VaporDocumentationWebsite/,ed7e1c95-acef-423b-82bf-43ad6c78f333,"fa1963cd-6a16-49e8-abae-a8db46658b40,40f6b676-efcd-4081-b495-41af7370a073,7c439c97-4f6f-436f-be9a-dbb99341124b","bbfd3b11-634d-4d28-8644-c12600811b6d,fa1963cd-6a16-49e8-abae-a8db46658b40,40f6b676-efcd-4081-b495-41af7370a073,7c439c97-4f6f-436f-be9a-dbb99341124b","addea8d3-582b-42c8-9144-cf59d80280f0,987f5bd0-1eaa-4757-92f2-bffce6f02ebc,2e6c3834-d2fc-42f5-9528-b7fe7081845a",,20faa781-a8fc-4370-804a-d5f8dbd8065f,29d7a7e6-bc1c-44eb-b0ff-bb460ae348ee,"d59c6796-a938-4b20-8ce5-3f9382d41eac,387d9dcb-827f-4e0c-887f-3d10d51284f5,bc97966b-f24c-4952-bc8b-b917594247e1",d7f050b7-b557-445d-a0c5-1d89918a915e,"1deefae3-ade4-414e-b586-7b015772ec14,a93f49d5-6203-4f64-8d77-18c74a53f7a8","687f7e9c-ee70-4e99-a5a8-03c557ca6cf8,ab6ae3c5-c2df-4742-a396-96d6cf69fcb0,a0921eed-a1fb-47c7-b3eb-a6f768df86e4,c31148d7-54c4-4296-a518-e606eccc8d2c,d0d53d8b-0459-4ad9-9eea-8db65ce153eb,5bfe2bd9-be89-4113-92c5-bb4c6778bab4,c083f820-8593-464c-8dfc-29a97ec25f91,641d7ce2-271e-4984-8004-fee81fd78fbb,bbab557c-8168-4fe1-af0c-dc9d862e643d,644614e2-c3d6-4741-a921-b74be24d693a,1783d06f-fb7d-425c-8021-b65669165d8f,906c5b0a-70f1-4410-8d1d-7ec0fce8b532,f2a6405a-0728-4404-9b6f-a435e8db2475,a1ccd824-cbb8-4578-825b-456bb2472a3f,4bf6efcf-59e7-45ce-8044-a13c84f8ee6a,ed75de78-084d-4f30-b861-a56324c4f5e1,eb1a833f-7f5d-4c12-8c06-d14fbc7168bd,a885b07f-8963-4f16-98b6-bd06a0b396b6","8ea98788-8baa-4971-a849-c98520290775,1ad0ef72-9566-42c1-947f-be2ee444e606,2c570990-d596-4dfc-ac72-fee929b0bf49","4139ec71-ce86-4902-a231-8c7c5098508a,bc5f22d1-4d0e-4fcd-887e-b75780eb60dd,b45f21a1-528e-4602-88af-435319cc500b","41d60d6f-69ab-402a-89a5-0ce0e13cddee,d5a4780e-bb5f-4a1c-8ce0-641a66110ac5","55377cf8-f4ad-48d3-90ea-de14a577ac32,08b7d7d4-90e1-4ddc-a0eb-6820acf6952d,a76fea8a-7cf6-4c14-858f-96246bafbffb",https://github.com/NCAR/VAPOR,https://raw.githubusercontent.com/NCAR/VAPOR/9250664aec645aadab5b5cc29fdbf670a7d4f080/share/images/vapor_banner.png,
1744df14-f1f1-451b-a384-28e3a1beba7f,da38c24f-c972-4506-90bc-6ca75e9260ef,2015-07-20,974802bb-aabb-4985-9e95-6463c41146c8,"5d8b609a-b25e-4155-9e39-62bb690f93a3,6ae1e775-7e0b-4156-a246-7ea52fe37a50,e624b69e-85d3-4d0c-a50c-aba517485911,d3f251f9-02cd-47de-9035-fe6b0ae9ac4a,a3cb96dd-425f-4a62-9df4-38930f40a7ca,0c8c5417-8d63-436e-b46d-48069439f016,de7c0779-16ad-4710-83fe-433ebcb2b5c7,0a671dcd-50a7-4e35-8992-2ef1546f8389,1edbfe8e-9843-4b86-9c39-58878ab556cb,f5f21e0b-7ffe-478f-a45b-e79ef6f4d9f6,d5d036a6-922a-445e-abee-3e278934d1e7,0eb2bb9b-cf82-40d6-9f22-edf4f8ca86b2,5543956f-39bf-41cf-8fe6-4ab41d39ee7b,e1046dae-82c8-4d6c-93a4-b126f6fcfbf9,da4c6b94-f422-4ed7-9f75-d9ccd577ccdd,5e80d0d1-7b85-41da-aa28-29af079e8963,083cedc3-89ed-4029-b0ca-4e84cd4a2797,b08b97a2-6a8f-4b16-93f2-3dc46d7e2480,012a1b99-cc31-413e-9b5e-8a7418453cdc,87bbed7f-285e-41c2-852a-aa7001bf4a5c,f1091b36-ab29-4673-a98c-59d995dd74ad,f25a6be5-61cd-4c66-81ae-ff90846f7559,c1231a09-dbd1-4be9-87c6-44387f12704f,8969a681-37ac-441f-86a1-8c20ff70f79a,691c870c-1549-49bd-ad01-8b2c53944387,42ab6784-6377-4c20-afe1-426a4a1b3f6c,1452f06a-a016-4a5c-94a6-95d3426cd365,beba2566-9423-4a50-937d-334cfcf8b9b7,20d2884c-c2e2-4808-abbc-c655bc81854b,d0cc0f7f-6b2f-49ef-b79c-db953d094fed,c704232e-3366-4946-b808-60a127fb3c5e",,,ndcube,b2a9c431-40e1-45c7-8812-e272ad338625,,86b2c413-aba7-4b75-97bb-27ea6601c189,"ndcube is an open-source SunPy affiliated package for manipulating, inspecting and visualizing multi-dimensional contiguous and non-contiguous coordinate-aware data arrays. It combines data, uncertainties, units, metadata, masking, and coordinate transformations into classes with unified slicing and generic coordinate transformations and plotting/animation capabilities. It is designed to handle data of any number of dimensions and axis types (e.g. spatial, temporal, spectral, etc.) whose relationship between the array elements and the real world can be described by World Coordinate System (WCS) translations.","A Python package for manipulating, inspecting and visualizing multi-dimensional contiguous and non-contiguous coordinate-aware data arrays.","ab45d6f4-403d-4528-9246-d2139db5bc72,76c9ed80-50ea-41fb-9e17-c488430fd00f,d21c5d29-21ba-4288-bec0-8c077ac15aec",https://docs.sunpy.org/projects/ndcube,6480ff1c-f70f-4b8b-a70a-327bcc158f99,"b82cd96d-8243-41d9-b015-03436704cdbf,c2883e1a-c97e-4dd0-a9ed-7dad7293bb3e,40f6b676-efcd-4081-b495-41af7370a073,7c439c97-4f6f-436f-be9a-dbb99341124b","b82cd96d-8243-41d9-b015-03436704cdbf,c2883e1a-c97e-4dd0-a9ed-7dad7293bb3e,7c439c97-4f6f-436f-be9a-dbb99341124b",25b5bc68-71f8-44d8-8216-009adffb2fc3,3ca4ad70-1e30-4fa7-a7ae-ea917f3f87c0,,,1948d1db-6e7d-4733-ae68-15fa57b8238b,e30aeeb6-77d6-4994-a80c-320aa1222eab,"757ff86d-708f-4f2d-8782-71ab39af4ab9,a93f49d5-6203-4f64-8d77-18c74a53f7a8","e0410248-2b43-4409-9866-f22870ead9b5,db94b20c-8649-4aa1-af5c-2f3b7be1f047,354168d2-6268-432f-a091-7f4ab72fbef2,35c7eac7-4a89-422f-8119-a7d489e8da55,bded9284-fd47-488c-8913-17375acacd5c,a5e307ab-2e31-455c-a29c-4d5b99580a9a,de109dbb-ed70-4267-8209-4643300ebdbb,cc645ce7-3ca1-4c5a-9d94-f4bdf9b87c94,52853e5a-c8ba-4ce8-9875-8120bee89742,4d6a1fcb-4a48-4bb8-ac16-e47941708b4f,bca84a17-1bf6-426c-8404-cc80ae987ead,55fe7d90-2260-4292-92c8-a72005c0d7a3,858eb218-38d0-4658-af3e-97fdbbbe90b5,d99e7943-165f-4cef-bd72-94695d9ed511,e9e2c0ba-cc35-412b-9958-17a994d99d06",2844e9c1-dedb-402f-bbb1-b63cb821c8e8,,a4e07475-572f-48db-b2e7-5d59ea194465,"bfafc4e8-dfe0-4a79-b4cd-ebc22698469a,82ef064b-0da8-4370-a15c-63a43fb8554d",https://github.com/sunpy/ndcube,https://raw.githubusercontent.com/sunpy/ndcube/master/docs/logo/ndcube.png,"82801102-0270-4fbc-ae73-24afeda2d299,e85b749e-5788-425a-8952-8fc9a329216b,754b7219-9dc1-4d74-9918-c5f1c0947192"
639d2860-fa67-457c-af68-46b6b392fc74,da38c24f-c972-4506-90bc-6ca75e9260ef,2018-02-12,ee990b81-8115-4ab4-8a7f-68a4d0bb345d,dd77b0be-c31d-4319-a8d4-1ee118c9dbc7,,,NEXRADutils,96ffe858-7b5f-4930-acf6-e480e3cb87d8,https://doi.org/10.5281/zenodo.1402628,,"Easy Python download and plot NEXRAD N0Q composite reflectivity. Uses RGB high resolution PNG images of North America. The software downloads NEXRAD composite reflectivity data showing weather radar returns and creates georeferenced visualizations on maps using Cartopy. It supports downloading data from the Iowa State archive with parallel downloads, loading images with WGS84 coordinates from .wld files, plotting on geographic maps with state boundaries and coastlines, and creating keograms (time-series plots along latitude or longitude cuts). RGB data scaling covers -32 dBZ to 90 dBZ in 0.5 dBZ increments. These are reduced fidelity RGB images suitable for overview analysis; contact authors for high-fidelity science data.",Download and plot NEXRAD composite reflectivity PNGs by date/time for ionospheric perturbation studies,"ab45d6f4-403d-4528-9246-d2139db5bc72,d21c5d29-21ba-4288-bec0-8c077ac15aec,e9bb1c0d-d4c7-4be7-be51-e3f8328be466,1dacbe62-8d60-4a7e-a1d8-ea0feba270b0,6e1dbfec-913f-4d9b-9a3f-e8a2b7f82540,76c9ed80-50ea-41fb-9e17-c488430fd00f,402bf733-9d89-4602-b9ee-6e530d1b2836",https://github.com/space-physics/NEXRAD,"6b85306a-52cc-458a-be04-5c7d82442038,ed7e1c95-acef-423b-82bf-43ad6c78f333",7c439c97-4f6f-436f-be9a-dbb99341124b,7c439c97-4f6f-436f-be9a-dbb99341124b,25b5bc68-71f8-44d8-8216-009adffb2fc3,,a6dc3b01-2cc7-47b9-ad10-913e031fd6b7,,1948d1db-6e7d-4733-ae68-15fa57b8238b,,1deefae3-ade4-414e-b586-7b015772ec14,"7b964481-b454-48dc-9ea6-79bf5b1e5f92,bbd193e0-c22a-4c1d-a787-3efaa787c893,9b5634e7-963e-4ef3-a3c9-2a9d0ac7342f,ec9b811f-62fe-4908-b42b-b950d08c1727,afb1811d-bac0-43a3-9146-ba556a8f5e5f,0888931a-e3bb-434d-a406-4a8a87ab3090","8e6a535d-2185-45cc-8f6a-573ff0ed9c00,4139ec71-ce86-4902-a231-8c7c5098508a,d979a105-fa8b-49dd-8d9d-4b2371fcc13d",4139ec71-ce86-4902-a231-8c7c5098508a,,,https://github.com/space-physics/NEXRAD,,
7fe5501b-aab0-4b70-9fef-08933ccf7480,da38c24f-c972-4506-90bc-6ca75e9260ef,2018-02-19,ee990b81-8115-4ab4-8a7f-68a4d0bb345d,"52da8ed1-f691-46f3-9827-6800e0e0bfd7,cca2f050-9e70-4aa3-9373-c2e044bf162f,a35b71fc-7dfd-4613-8f54-8b306be14410","749eadab-6704-485b-8f55-5d6d124a85ac,fd464e1c-005e-49d9-a43f-61f8037f68b9,925bcc5b-d55d-4ffe-867b-604212304333,5c2f0c23-2183-402f-b96e-7e62b55b27fd","3727a305-d1f2-43a0-80de-2cc7ea704a06,516fc7e2-fe10-4d63-9658-6f51bb26232f,43c659fb-52a2-4079-b48c-ae76365c59eb,26339745-8c88-4046-a7ba-8197c9c51614",OCBpy,53c3ce09-59fe-4df6-bd2a-0a79ece07c3e,https://doi.org/10.5281/zenodo.1179230,1d19c0ab-bc3c-4873-b9c7-af19fdb19ed6,"OCBpy is a Python module that converts between AACGM coordinates and a magnetic coordinate system that adjusts latitude and local time relative to the Open Closed field line Boundary (OCB), Equatorial Auroral Boundary (EAB), or both. This is particulary useful for statistical studies of the poles, where gridding relative to a fixed magnetic coordinate system would cause averaging of different physical regions, such as auroral and polar cap measurements. The coordinate system methodology is described in Chisham (2017). Boundaries must be obtained from observations or models for this coordinate transformation. Several boundary data sets are included within this package, including northern hemisphere boundaries from the IMAGE satellite, northern and southern hemisphere OCBs from AMPERE, and single-point boundary locations from DMSP.",A Python module that converts between AACGM coordinates and an adjustable magnetic coordinate system based on the location of the polar cap boundary.,"ab45d6f4-403d-4528-9246-d2139db5bc72,d21c5d29-21ba-4288-bec0-8c077ac15aec,e9bb1c0d-d4c7-4be7-be51-e3f8328be466,4a30e300-583d-47dc-bfb8-b0268c888710,89b29179-7fba-456e-b4ed-5ff5b548be18",https://ocbpy.readthedocs.io/en/latest/,"6480ff1c-f70f-4b8b-a70a-327bcc158f99,ed7e1c95-acef-423b-82bf-43ad6c78f333","bbfd3b11-634d-4d28-8644-c12600811b6d,7c439c97-4f6f-436f-be9a-dbb99341124b",,25b5bc68-71f8-44d8-8216-009adffb2fc3,"84ba9d29-1c14-4d5f-a391-ce901c75a6fa,d726bc9c-57d8-458c-93c9-8c28ff52988e","e9f3cd0c-dc03-4e78-813e-63a6a20cf173,97920070-5dbd-4a8e-821d-e9fae28e3da7",,"d59c6796-a938-4b20-8ce5-3f9382d41eac,387d9dcb-827f-4e0c-887f-3d10d51284f5,bc97966b-f24c-4952-bc8b-b917594247e1",d7f050b7-b557-445d-a0c5-1d89918a915e,"1deefae3-ade4-414e-b586-7b015772ec14,515dae73-68bc-4030-8008-20c9eef5a01c","96648e95-6731-4658-b67a-8454afc8fc0f,6789b380-e08f-4800-b51b-1666f42e3f1f,81fef49d-c1f8-4df9-b9db-dc29ed3093a8,4f667e30-b2ea-4f42-a908-a3bf8da5aa00,32347f93-20dd-4c31-9578-12c44022740e,c8de4ad3-1e94-421f-a3f8-8823f174b3f1,a06141be-91d4-4b51-b597-7dab3213178a,f91fbded-106f-4288-8353-96af3e4ad899,9f983a01-e9e6-41de-970f-8d431d79ce27,e0e47e8f-eb01-4a48-b02f-cb288a3ad43a,a0bcc826-5d43-47fa-84b9-08c3bb65b8ef,b2c75140-07b4-45be-ada7-0f5e0bec0033","15cd3623-ef12-490a-95da-5450a61b1a9a,c8d23903-28fe-407f-a643-279fe761d261",c8d23903-28fe-407f-a643-279fe761d261,,,https://github.com/aburrell/ocbpy,https://raw.githubusercontent.com/aburrell/ocbpy/main/docs/figures/ocbpy_logo.gif,
4409f409-077b-48c2-9421-b1802255499f,"51a1fc70-701b-4de4-b4bc-e65991e63599,83a7c4fc-5a5f-48f7-90ea-fa8128d7ee20,da38c24f-c972-4506-90bc-6ca75e9260ef",2018-06-21,ee990b81-8115-4ab4-8a7f-68a4d0bb345d,"71352468-ff1c-481b-8f2e-a6b3e6c00f1b,9a3c53c1-e376-40de-89ac-503be6c1fb7b,41b75885-3a61-44f4-a3bd-4c87a816ebbb",,"4dafb6d6-f787-4eac-b065-5e16df59b844,59ec055d-482f-4047-a56d-254ec86a9f8c",OMMBV,2f122a4b-85e6-43bd-84dd-8ea8833dbd5c,https://doi.org/10.5281/zenodo.1299374,,"The motion of plasma in the ionosphere is the result of forcing from neutral winds, electric fields, as well as the orientation of those fields and forces relative to the background magnetic field. OMMBV (Orthogonal Multipole Magnetic Basis Vectors) calculates directions (unit vectors) based upon the geomagnetic field that are optimized for understanding the movement of plasma, the mapping of electric fields, and coupling with the neutral atmosphere. This system is the first to remain orthogonal for multipole magnetic fields as well as when including a geodetic reference surface (Earth). OMMBV also includes methods for scaling ion drifts and electric fields at one location to any other location along the same field line, typically to either the magnetic footpoint or to the magnetic equator. The software is used by NASA's ICON Explorer Mission, NOAA/NSPO COSMIC-2 constellation, and is being incorporated into C/NOFS satellite analysis routines.","Orthogonal vector basis and field-line mapping for multipole magnetic fields, optimized for ionospheric plasma dynamics and electric field calculations.","ab45d6f4-403d-4528-9246-d2139db5bc72,d21c5d29-21ba-4288-bec0-8c077ac15aec,0db96bcc-ca00-41b3-9cc5-32ea93d27c12,4a30e300-583d-47dc-bfb8-b0268c888710,89b29179-7fba-456e-b4ed-5ff5b548be18,e1c9ec4f-63c6-40bc-b9ab-de70189bd83a",https://ommbv.readthedocs.io,,,,25b5bc68-71f8-44d8-8216-009adffb2fc3,,,,"d59c6796-a938-4b20-8ce5-3f9382d41eac,387d9dcb-827f-4e0c-887f-3d10d51284f5,1948d1db-6e7d-4733-ae68-15fa57b8238b",d7f050b7-b557-445d-a0c5-1d89918a915e,"1deefae3-ade4-414e-b586-7b015772ec14,515dae73-68bc-4030-8008-20c9eef5a01c","32347f93-20dd-4c31-9578-12c44022740e,4811c164-7d06-4845-95ad-c71cb87bcbc1,d041880a-b0a8-4571-afed-0c970c8a1973,0f9a1ee0-8ad6-4525-8df2-344a38d5f083,d8a0af88-9ea1-4c9c-ba43-81d2cec23c44,d67d2052-c84d-4212-a291-dc1630f3215e,fcef540a-15b3-4025-9b76-c8220cf6df46,c8de4ad3-1e94-421f-a3f8-8823f174b3f1,64173d5a-053d-4bc5-b474-354399b0b062,a06141be-91d4-4b51-b597-7dab3213178a,9f983a01-e9e6-41de-970f-8d431d79ce27,6f15480d-e2e4-4d35-8dd8-90f7fa64bb05,e0e47e8f-eb01-4a48-b02f-cb288a3ad43a,b346a12f-ea41-4891-9045-161f4360fe40,b31454f5-440c-4eba-8c84-661d295ec8aa,467425d2-4e22-4151-ad17-bc97e3c0d8bd,b5aa09a9-9577-4221-b67e-1070d2b4c569,ac7f6b94-db19-4b56-9cea-8df0981fd0a5,91831cc4-b2ac-48e6-9423-55a39a61f1e3,0b364cf5-b022-4ca9-8850-40d45d90bddb",c8d23903-28fe-407f-a643-279fe761d261,c8d23903-28fe-407f-a643-279fe761d261,"f0cba0ab-d37c-48b0-9eca-959476b762f8,a4e07475-572f-48db-b2e7-5d59ea194465,9678da82-2203-4d29-9b84-cbab7d820b83,bbea6ab9-2135-414d-af37-d81216e13d4d,d5a4780e-bb5f-4a1c-8ce0-641a66110ac5",,https://github.com/CosmicStudioSoftware/OMMBV,https://raw.githubusercontent.com/CosmicStudioSoftware/OMMBV/main/docs/images/logo_high_res.png,
4507d98e-44d1-40ea-8733-8047738b9a7a,da38c24f-c972-4506-90bc-6ca75e9260ef,2018-04-29,ee990b81-8115-4ab4-8a7f-68a4d0bb345d,"6ca53604-0509-44fb-a16a-dd3b939e54e6,09e36914-a9bb-48fe-a3f9-336cc0b80afe,1772fd04-891a-4b11-8bae-b74ac87089c4,c5050d01-41b1-454d-83ad-542873399ec1,198ef139-431e-4fd9-b421-272f3592452d,9d86b8a6-81ff-4ecd-93fe-be69e56c981a,69f4fff5-ac59-4913-9fe7-3f39baabc826,2236d70a-73a7-4ed1-ab06-cd03163ecb00,8466a279-36a2-4219-be5d-066e1a7447a4,f50042be-1ea4-44ee-a427-1a4e6915b30a,66d6571e-f9a9-4a9c-9e39-62d6eab7fbf2,d711c0bb-654a-4ee6-a0aa-c4a548ebad4a,a9c013a5-89cc-4ddc-885e-0e1598bef6bc,c414124a-1f74-40dc-8361-a215774982dc,9d251409-b1e3-48af-b22c-57fd39fb2dbc,c269ba29-bdf3-409d-8f9a-c787c9de63ac,7f295467-0cbd-4340-aa10-d70576b9f4d5,cf47283e-57e9-45df-b736-f02459ce4aec,18eb53cf-0832-4184-b89c-b2109f013649,05534abb-a752-4e1b-b03d-1317b424afb8,b93f43a7-4cce-4c93-8e11-f970df77975c,1833a89c-9a41-4a3c-b12d-6d80cf3505bc,5a20f601-ccc3-49bd-a9a5-19474b81a39f,90bb8639-40f8-45f3-9d76-dbd0e4dda93a,421dff5c-1450-47ef-9fc1-9e3131401d59,bf627954-1ea1-4e8f-a831-635871dd9e2a,d80236a7-d55c-4e4d-ad63-fd32861b2e88,0ab593a8-001c-4d17-a32c-0bd94fb2dfa8,beb8f824-0093-40d0-8bf1-4f5dedbc35eb,6b277116-5612-48db-9372-d2eadbc80b94,b3e7e1ce-dc21-41a1-a24a-99222f6e53f8,e949d91d-2873-47c6-a123-47bd598284ba,1a6122e7-046a-45d1-80f1-6474db84e153,9e21ab6a-f745-4fad-a550-b3cefb5958ed,1f894bce-d651-41c2-b8b1-6eee6e135032,a2c243a6-6517-4033-b0de-85f4d4af7a10,8bdec27c-3437-440e-8862-d3312c5d89f0,82615276-558a-4e76-856e-b7ecbfe75172,117737a3-c183-421f-8c43-97ddf50ac1d0,3e00f1ce-96b8-4628-9521-dcaeb4d6fd40,eb22e87f-91a5-46b6-88e3-fe2c97c77c99,887ad0a3-6c85-4bdc-a73c-40cf3e6b257b,1276702f-be28-4cb1-bb4b-bd185ce3af06,8687b258-2473-46b0-975e-44f29cdce5e3,a33f88ef-5a0e-40c7-94cf-14b3d401fcc9,33a2f912-6b40-42c3-8a19-53a9aeed75eb,9eeb1eea-bb83-4883-b058-ba46e805f4d0,b0d116fc-5e7f-4066-8231-eec0f4c3314c,59040a9c-c94e-4dd9-8392-39d03fcdd59b,e511ca09-d5c5-4343-94c0-3316dec48d92,4b96a7e2-63e7-4608-baf8-b417d2e49209,7b76318d-7aea-484b-9294-f2773c3125e1,77aa1688-e854-4e0d-8629-023def93a863,1888de98-5ffd-40a5-a9ea-a3e59cc2f276,c1c5baa2-5bb0-486d-afb2-ce4a77382b26,9eadd126-2ebf-47bb-a6de-54ade76ee7b2,6df10c93-97c2-4186-8a3d-3e621ba755b2,255bd9f5-9f0c-4cb8-b148-0f8f9497c878,b0d8ab28-e562-40b8-ae9a-3511218e347c,2c9f9c28-79d6-4dad-ac84-d9a885b6319a,d4cd5333-1293-4a35-8785-b4fff2f52691,0ae9e6c0-e06e-46e5-9be1-99ae8e442a54,f247eba4-41f2-46bb-ad5c-72477671d068,d3cd1e9a-3001-4391-8ae7-36aec8b00d2e,4967456a-3faf-40e7-9862-5c63e1d5636e,41f67807-38d9-4a64-9e78-3936c1887bfd,8baef179-28a7-452b-a471-64c832e70e1b,d866fbe3-3385-4489-bb26-f7b0e61143cc,c8c9f6d0-e1cf-4d46-97e5-863c0bdaaff3,0445340a-5155-45dd-93dc-4db044689572,0d5d6315-fac7-49ca-b3f2-437c315c11e4,d6357c7b-2aed-4caf-927c-dbdc208e73df,23e023a5-8dd1-4702-9185-d85d96ff9abf,b5f103f7-d512-412a-ab52-788453a134da,9d701d41-ef39-42e2-aef3-8626fee5100d,4dc2d5ff-ccca-4a0c-805c-f851e3b1a134,5f13f8fa-c0a2-450f-a17d-8b44d34a1850,bfba0beb-487a-4919-ac79-9320641ecbee,075eb841-2cbf-4e24-9082-0c84e6c730a3,e1046dae-82c8-4d6c-93a4-b126f6fcfbf9,5caa649e-535a-48d7-ac8c-dcde5d8e9ac3,da4c6b94-f422-4ed7-9f75-d9ccd577ccdd,64ada48b-a2b3-44bb-91da-9616f62f9493,c8cfb28f-2d12-46e7-9bd0-e194f9e1e5dc,28438f9e-8ed5-4b2e-baca-e6eb3c747063,70cfe38c-1056-4238-adea-d1879669c8ef,cb969672-b274-447b-8e26-766a3f2176a7,9ae7f19e-b9bb-4f6c-af00-f10ef5713268,083cedc3-89ed-4029-b0ca-4e84cd4a2797,fb2dc7e1-442e-40df-899c-3ff1137792c6,2237ece1-f4eb-4e5f-9806-a254912f5816,35766e14-a2f9-4589-9f8d-7bf0e05578ac,8ffc8d77-b8ba-4a54-8e24-bf766b89cc0a,1b128f14-a11f-42d9-a48c-cea50bc56fef,c7e8e38b-beda-4f9b-b14a-98a1fad4d6c8,af6e91fb-aea6-4ef6-99f1-e34bd07590f8,e3e1b9ee-1784-491b-8604-4a93b6f0c8a9,18110118-9e35-47d2-a62e-89f186fcb5ce,6be491d2-5a72-4ecd-8fcc-be86f868aae5,45ec6dcb-466a-42b2-85df-01b56257cba1,110061a1-e67e-414a-a182-afe38c04e910,3cc7c1ce-b9cd-469c-a30a-9e00f221e1e5,72c43b58-6fe1-4d2f-b06a-a08a33ca2b7d,27cf559c-b3ae-4153-ad12-dcebd8d93d26,d71a7b04-8012-407f-95cb-1bc4b6193a73,0d49c9e8-13c8-4973-bc15-c0b7708fe49c,bcee72f7-6155-4c69-9ff4-0710f919864e,f94eda9c-e73d-4f27-835f-d8418e181617,12693e1a-2b69-4468-81f6-8f8f7e3da89d,cdc67014-a56e-459a-870c-818d83dd3bc3,66d5fe27-479d-450f-b0e4-c4ded057ce3e,4b510eef-1960-4614-bede-55c74f44b2bf,b6617be9-a5ef-42ac-98cb-24f266e139f7,3a469ccb-3233-4117-b004-656e8fa03deb,a6c3c748-dce4-4c03-ba27-073c6be7c32d,76d372db-3fcb-4fb2-95d1-5da1e9922833,8a48a7e6-bdf7-4706-8b59-31c8490042f2,c0038ca7-c669-49e6-8b85-f298f004f9a1,7aed55ee-38ed-4f5a-b21b-55dd3c56b87d,011623c5-bd7d-4848-9ba9-8d0bb24581f0,29c4d65b-ac8c-4705-be0a-0833c37c979f,c49ae915-2d99-44b5-bef8-a9d88028e589,480d01f6-c632-4b2f-9cbc-2378967e196a,0816969a-c8cc-42b7-a479-2e9cc2361655,41a7e863-6927-4bd8-b533-7b0012ca59e7,5827a7dc-7b82-46e5-a6cf-dab022ffc741,d5d9cb56-0a9c-4780-87bb-1e2c4c76d967,8e1d46d8-91f6-4373-b6c1-7cd49f07569b,3d1d0ff5-81b7-46f7-a4b8-be34b048a0a5,beba2566-9423-4a50-937d-334cfcf8b9b7,566594ab-0f49-4a31-bab8-f1cdbca93e85,adbba86f-6de4-41b7-ac2b-9da8f2f32083,e26803a9-8ee5-4442-a469-5a890fb7c5c9,4072ec7f-af25-455a-a9d7-b184c5e4b030,590e1e63-7eca-4ce8-bebe-ded5df502ea8,a9b6ef68-ba65-44ac-9466-d1ed88d1e489,3b8a7e4a-4884-4f28-8fa5-3cf57f980117,da165973-9ac4-45ae-9865-08b2c9d2f1f7,abd88a2d-311f-4f15-95cb-2092bcf98ae9,b339be33-b6bb-421a-adc5-93cfcbe9d7e8,d3bbc0e6-22a8-4deb-936c-6ff60b5fe8e2,22c40dda-d866-4067-ac76-ff25b100913d,61c33efe-13c1-499d-94ba-fec14731f79b,0a87bef7-a343-4e78-8cbf-a68a9dbefa5b,6abe8f00-2c19-425b-8204-5bf5afaa9555,b2702b5f-e96a-4029-aa2b-0e33319e66ad,10a4aae5-e2d9-4168-bb9c-d471adcd782c,9dfaea63-bfce-4b46-954e-025a0fb64aa5,aab0fe11-4d44-4f9a-bc63-cae50cccf1ee,acd3f05c-f631-451a-8816-dd1cc85ad6da,567505cf-76ff-4b9d-a9ed-d5debd9a3837,3406687c-a5fb-4e5f-94d1-d8db94523998,19a0b4df-c3c5-4dbd-b7c5-9edea50e256d",,,PlasmaPy,67541655-55bb-4e8b-afa9-d1df648259cf,https://doi.org/10.5281/zenodo.6774349,,"PlasmaPy is an open source, community-developed Python package for plasma research and education. It is intended to contain core functionality needed by plasma scientists across disciplines — analogous to what Astropy provides for astronomy. PlasmaPy provides object-oriented and functional interfaces for representing and accessing particle data (`plasmapy.particles`); a comprehensive `plasmapy.formulary` subpackage implementing many common plasma parameter formulas drawn from the NRL Plasma Formulary (frequencies, lengths, speeds, drifts, collisions, dielectric and dimensionless quantities, distribution functions, quantum and relativistic plasma physics); and the `plasmapy.dispersion` subpackage for analytical (Stix cold-plasma, MHD wave) and numerical (Hollweg, kinetic Alfvén) plasma dispersion relations and the plasma dispersion function. The `plasmapy.diagnostics` subpackage provides analysis routines for Thomson scattering, swept Langmuir probe characteristics, and synthetic charged particle (proton) radiography, while `plasmapy.analysis` provides utilities for fit functions, conditional averaging of time series, and 3D magnetic null point finding. The `plasmapy.simulation` subpackage offers a general particle tracker with Boris and relativistic Boris integrators, and `plasmapy.plasma` defines 1D and cylindrical MHD equilibria, generic plasma classes, and structured/unstructured Cartesian grids, including a reader for OpenPMD HDF5 files. PlasmaPy uses `astropy.units` extensively to enforce physical-unit correctness on all inputs and outputs.","PlasmaPy is an open source, community-developed Python package for plasma research and education, providing core particle, formulary, dispersion, diagnostics, and simulation functionality.","d21c5d29-21ba-4288-bec0-8c077ac15aec,4ed73ccc-e12a-4009-aa2c-e40ea4c0c84a,e9bb1c0d-d4c7-4be7-be51-e3f8328be466,1dacbe62-8d60-4a7e-a1d8-ea0feba270b0,cebf9575-00b1-45bd-a386-fcbef4f589f3,7a337ffc-8338-4601-b136-33d929292a8d,416ec91f-b16f-4a11-8ee5-151133b9dabb,d8c3ac85-6e38-4ec9-baa6-a037b9b16d18,cfa01ea5-1be6-40fc-b8f0-96c1a866c7e0,76c9ed80-50ea-41fb-9e17-c488430fd00f,402bf733-9d89-4602-b9ee-6e530d1b2836,e808c21d-338f-411a-838f-be0ce95700b5,a85c510d-76d1-4c75-9b81-7ae13a36dd30,ff3b7502-07f2-4652-95bd-692557553cdb,05e06b15-ceb0-4623-a9c9-98ad6ec4ef49,25f0a6a8-ec49-4827-8d6f-b4524c237475,1ca1fc54-e093-4328-ae77-6d6726270bad,f7b38a8f-3117-49a5-89b2-a66930c7ca4b,f64b3118-cc05-4dca-a3c9-1c16079d6b91,475f62e3-13dd-48a4-a01c-508cb306d7ca,85ebe5aa-8a3b-4c91-b2a6-78ca6d3aab90",https://docs.plasmapy.org/,"6b85306a-52cc-458a-be04-5c7d82442038,ed7e1c95-acef-423b-82bf-43ad6c78f333","c2883e1a-c97e-4dd0-a9ed-7dad7293bb3e,102561e0-8fd0-4084-b4a5-f7e0f36eda03","c2883e1a-c97e-4dd0-a9ed-7dad7293bb3e,102561e0-8fd0-4084-b4a5-f7e0f36eda03","addea8d3-582b-42c8-9144-cf59d80280f0,2e6c3834-d2fc-42f5-9528-b7fe7081845a",,,29d7a7e6-bc1c-44eb-b0ff-bb460ae348ee,"d59c6796-a938-4b20-8ce5-3f9382d41eac,387d9dcb-827f-4e0c-887f-3d10d51284f5,bc97966b-f24c-4952-bc8b-b917594247e1",d7f050b7-b557-445d-a0c5-1d89918a915e,"a93f49d5-6203-4f64-8d77-18c74a53f7a8,bd3cc8f7-af8f-45be-88c3-494f3a7512ad,b75d78e6-234d-4bb6-bd52-7de23b537029,c3a9604e-be8e-4d21-a275-a9912768e290,efeb129a-3fbc-4117-8799-abc003aa4219,757ff86d-708f-4f2d-8782-71ab39af4ab9,515dae73-68bc-4030-8008-20c9eef5a01c","e0410248-2b43-4409-9866-f22870ead9b5,db94b20c-8649-4aa1-af5c-2f3b7be1f047,9b6cc008-687e-4955-8c11-5510159a2533,7aab6caf-c730-4e92-a891-31b748bd3d98,c8de4ad3-1e94-421f-a3f8-8823f174b3f1,1c4ed45b-c440-48c2-a7b3-b4b62e438e09,12d22617-06e4-40b7-ba60-524b305a6530,c3764d26-b0d7-4da4-92fb-0c0c8bae6982,bb9084f7-5a79-4e52-92f2-a8d127b672fa,d17a93da-de27-4b24-b606-2a8368c90185,c06b69f5-304f-46cd-b567-a3a26bba6ad4,05aa50e0-1527-407d-a3ef-b61c328fa7fb,22570da9-86af-47ab-b2f5-b20f1d44cf04,34055ab4-4b88-4b4e-ade4-a800969d7ad0,467425d2-4e22-4151-ad17-bc97e3c0d8bd,3fbfb55e-6708-47df-8c03-91ccd6da2a89,0505bee9-1612-4221-921b-5c2ed1196b08,05a4d17b-6bbc-42bc-9e4b-cbfd061336af,812975f7-d2a5-4b4f-b8c4-eb5c9a418c72,8f34bd37-5778-49af-bddb-8590088acc3b,26406797-4802-4c63-bbdf-e6cfe1a8ddf3,4d6a1fcb-4a48-4bb8-ac16-e47941708b4f,644614e2-c3d6-4741-a921-b74be24d693a,89ac1236-d27e-48d4-bed0-9dd239b93856,b2c75140-07b4-45be-ada7-0f5e0bec0033,e9c1a041-0658-41fa-bff3-6d984be93e16,c4ad3763-1f5f-4fb9-bd1d-78db0b57b7a6","175c0df4-eb7f-4c4e-9577-89a2093b9c92,a66f4d3c-ee9c-4306-b612-61915e62e343",175c0df4-eb7f-4c4e-9577-89a2093b9c92,"a4e07475-572f-48db-b2e7-5d59ea194465,fe429ea7-35f7-4baa-b115-7c8a85bc7bd1,6ade9b08-e66f-4c97-a1e7-42274ec78bba,d5a4780e-bb5f-4a1c-8ce0-641a66110ac5","b39696c2-0608-4310-b240-3d93708b1019,b0b1eb10-9347-4fc8-ac9a-ce250e82f2a3,2b73ec11-2aea-4d37-888b-453e5fe86b97,22d9179a-489f-46e4-a11b-0e2f6b5b2e7e,f0efaf1b-9ddd-4e19-8bd9-bece2bc23ef0,5a63263c-70dd-4108-92bb-9db26336ac7b,4acddf85-fcdc-4744-9f89-7a9174d42cd0",https://github.com/PlasmaPy/PlasmaPy,https://raw.githubusercontent.com/PlasmaPy/PlasmaPy-logo/main/exports/with-text-dark.png,"73b7fe8c-ee03-46eb-83d8-0ce77956245a,82801102-0270-4fbc-ae73-24afeda2d299"
59c24c09-5ecd-44c8-a324-5a7da62c634b,"e7b6f70a-487f-4038-a41d-ad7e39e06fb6,f6635932-7453-4b3b-9322-9c1b18147056,da38c24f-c972-4506-90bc-6ca75e9260ef",2025-04-14,ee990b81-8115-4ab4-8a7f-68a4d0bb345d,"2f59d23f-d47f-4138-99cb-ff109a9bd78e,32e15f56-2150-4c42-9514-881d857073f4,fe7927e0-3e64-4494-baf1-0fadb01cae6a",,,PLUME: Plasma in a Linear Uniform Magnetized Environment,e7bb6f64-32e9-4ace-a52d-3a6c68d7fcfe,https://doi.org/10.5281/zenodo.15215513,4ae08927-b60b-424e-bd51-80d6159f4871,"PLUME (Plasma in a Linear Uniform Magnetized Environment).

PLUME is a numerical solver for the hot plasma dispersion relation for a plasma with an arbitrary number of drifting bi-Maxwellian components. Each component is defined by its density, its drift velocity parallel to the mean magnetic field, and its parallel and perpendicular temperatures, and the solver identifies supported waves for any direction of propagation with respect to the background magnetic field. The code then varies the wavevector or the plasma parameters to trace dispersion relations for the identified solutions, and can supplementarily calculate heating rates, eigenfunctions, and the susceptibility tensor.

JET-PLUME (Judging Energy Transfer in a Plasma in a Linear Uniform Magnetized Environment) is an extension that ships and installs with PLUME. It predicts wave-particle energy transfer in velocity space using the field-particle correlation technique and linear theory, producing the perturbed distribution function and the velocity-space energy transfer for each electric field component, in either gyrotropic or Cartesian velocity coordinates.

An overview of the code can be found in README.md, with details on the inputs and outputs in input.md and output.md files respectively.

The code is written in FORTRAN90, with instructions for installation in the INSTALL.md file.

The output data is in ASCII format, and can be plotted with gnuplot, matplotlib, or any other standard visualization methods. An optional Python wrapper (linfpclib) writes input files, calls the executable, and loads results for use in a Jupyter notebook, and the bundled SWIFT tool renders static and animated 3D views of a reconstructed eigenmode.

An example .in input file is found in the inputs/example/ subdirectory, along with a .sh file to illustrate the execution of the code.

The full equations evaluated by PLUME are found in Klein, Howes, and Brown 2025 RNAAS.","PLUME solves the Vlasov-Maxwell hot-plasma dispersion relation for any number of drifting bi-Maxwellian components, and computes heating rates, eigenfunctions and velocity-space energy transfer.","d21c5d29-21ba-4288-bec0-8c077ac15aec,4ed73ccc-e12a-4009-aa2c-e40ea4c0c84a,91de6864-bad3-4365-ac0f-c9c5c89661f9,491665b2-0491-4982-9975-8e6a27105089,416ec91f-b16f-4a11-8ee5-151133b9dabb,06bdcf26-0423-45d4-8cd0-71a1dd49dfa3,76c9ed80-50ea-41fb-9e17-c488430fd00f,402bf733-9d89-4602-b9ee-6e530d1b2836,a85c510d-76d1-4c75-9b81-7ae13a36dd30,e808c21d-338f-411a-838f-be0ce95700b5,0e94fdda-aba0-468e-87c6-f8943010c7f1,9ba5be4d-a4db-4145-80cc-9c006d68a219,ff3b7502-07f2-4652-95bd-692557553cdb,25f0a6a8-ec49-4827-8d6f-b4524c237475,85ebe5aa-8a3b-4c91-b2a6-78ca6d3aab90,475f62e3-13dd-48a4-a01c-508cb306d7ca",https://kgklein.github.io/PLUME/,,bbfd3b11-634d-4d28-8644-c12600811b6d,bbfd3b11-634d-4d28-8644-c12600811b6d,25b5bc68-71f8-44d8-8216-009adffb2fc3,"3c97043a-bf0d-4bec-a058-07c1f8d1ab74,55803ed8-d281-4646-9f60-609320a566eb",,29d7a7e6-bc1c-44eb-b0ff-bb460ae348ee,"d59c6796-a938-4b20-8ce5-3f9382d41eac,387d9dcb-827f-4e0c-887f-3d10d51284f5",e30aeeb6-77d6-4994-a80c-320aa1222eab,"515dae73-68bc-4030-8008-20c9eef5a01c,757ff86d-708f-4f2d-8782-71ab39af4ab9,c7b4385f-af5a-4e71-9879-43b11e356cf1,efeb129a-3fbc-4117-8799-abc003aa4219","db94b20c-8649-4aa1-af5c-2f3b7be1f047,c160ba49-4579-4c9f-8f00-bd4012499797,780a9934-f5db-4b76-befa-7914b6388657,1876daff-10aa-4c5c-98c2-f3d0c6489fb4,68a3fdc1-db80-429d-955d-9a7ea0257917,812975f7-d2a5-4b4f-b8c4-eb5c9a418c72,830cc006-6eba-4e54-9e98-a536da07e1bc,b2c75140-07b4-45be-ada7-0f5e0bec0033,09c3f7b1-5a83-4e76-8005-82684192b7b5",,,a4e07475-572f-48db-b2e7-5d59ea194465,"1f0b1ea1-354c-4b51-8eed-2d89ed323e3a,2dcfc6b2-0763-4fb9-879f-33e66fda5c32,4f0ca594-3700-453e-ad07-576ed8f4d0e3,f1e01e3a-10d5-41e1-b033-cbbd7816f5e2,f53e89a5-63c3-4c6d-9bc3-db5eea533b93",https://github.com/kgklein/PLUME,https://raw.githubusercontent.com/kgklein/PLUME/main/PLUME_logo.png,73b7fe8c-ee03-46eb-83d8-0ce77956245a
6f9282ed-25cc-41da-b2f5-0e7c4b686060,"dde8f37b-2532-479f-8927-e9dd12d726a8,e7b6f70a-487f-4038-a41d-ad7e39e06fb6,da38c24f-c972-4506-90bc-6ca75e9260ef",2017-03-07,974802bb-aabb-4985-9e95-6463c41146c8,"8c713d48-71cf-49d5-abf3-7cf528a08c4b,dd77b0be-c31d-4319-a8d4-1ee118c9dbc7",,,POLAN,c3f869a7-acb1-4acb-9bcd-31629f3354d3,,,"POLAN is a classic Fortran program used to calculate real-height profiles from chirp ionosonde data from the ionosphere. The software performs polynomial analysis (POLynomial ANalysis) on sweep-frequency ionograms to determine the true height distribution of ionospheric electron density from virtual height measurements. Originally developed by J.E. Titheridge in the 1980s and documented in UAG-93 report, the code has been updated to compile on modern PCs. The program supports multiple analysis modes including overlapping polynomials and single-polynomial fits, handles both ordinary and extraordinary ray data, and includes sophisticated modeling of ionospheric valleys and Chapman layer peaks.",Titheridge's POLAN for estimating true ionosphere height from ionosonde measurements using polynomial analysis of sweep-frequency ionogram data.,"d21c5d29-21ba-4288-bec0-8c077ac15aec,4ed73ccc-e12a-4009-aa2c-e40ea4c0c84a,d8c3ac85-6e38-4ec9-baa6-a037b9b16d18,76c9ed80-50ea-41fb-9e17-c488430fd00f,a85c510d-76d1-4c75-9b81-7ae13a36dd30,ff3b7502-07f2-4652-95bd-692557553cdb,05e06b15-ceb0-4623-a9c9-98ad6ec4ef49",https://github.com/space-physics/POLAN,ed7e1c95-acef-423b-82bf-43ad6c78f333,bbfd3b11-634d-4d28-8644-c12600811b6d,bbfd3b11-634d-4d28-8644-c12600811b6d,25b5bc68-71f8-44d8-8216-009adffb2fc3,,,,d59c6796-a938-4b20-8ce5-3f9382d41eac,,1deefae3-ade4-414e-b586-7b015772ec14,"d0482a9f-dee4-40c5-91d3-a1dabee17386,b903dc4f-3ed0-4f2b-a671-a309c1312ad7,e448c03c-7de2-4d42-9e60-815b6caa862a,a06141be-91d4-4b51-b597-7dab3213178a,bbd193e0-c22a-4c1d-a787-3efaa787c893,dcea5ba1-f07d-4ca8-9c00-f9249cf4eb73,3e094a77-87f4-4740-b748-3899dc2b6c07,330865ad-407b-4a39-bc4b-918bda125344,6d911a12-417c-45aa-9b6b-57379d432d33,e6e309fb-d176-4c5e-ac87-193cde534286",,,,,https://github.com/space-physics/POLAN,,
37a18000-2d1f-41db-afe6-6545f817bcb7,da38c24f-c972-4506-90bc-6ca75e9260ef,2024-11-01,ee990b81-8115-4ab4-8a7f-68a4d0bb345d,"f5f21e0b-7ffe-478f-a45b-e79ef6f4d9f6,5543956f-39bf-41cf-8fe6-4ab41d39ee7b,9ae41442-5746-49b5-a534-920dbd631231,ca0cd578-c5c4-4d28-939f-fb76bac823bc,ab09132c-4a4c-42af-87ff-292f937bd79a,b8563229-44ab-4073-8e88-24bc02723a65,c704232e-3366-4946-b808-60a127fb3c5e,09e36914-a9bb-48fe-a3f9-336cc0b80afe,40c2afb0-dfef-4be8-9ac7-12a046cb71c6,9bf176e1-07ac-4e04-9cdc-ac37826c473d,24cb65e7-be66-4f5b-a668-09dedf5717d2,22b0ad55-a7a5-454d-a507-8390e73803d5,af625cbe-d550-4a9f-b7e9-b9d2d6aae9bc,e50cf919-b482-4488-a9cd-0a9ac404b532,78ff69d9-bf68-4060-bf18-ec33407566ae","41005ef5-3095-468e-bd96-afbb896cdc35,288c9a7a-17fa-4b2a-800c-1f159991ae88,2cd25d1e-ef8f-4a9e-af81-b9ac8b881efe,01f55e2d-c320-4ab2-99e6-43869e6a8c0a","96167296-ee92-4657-aea6-d19a582887d4,daf7ffd1-bc4a-4289-b1de-bf6014b9c4a1,738f2c64-8d32-4615-8850-629afcb8241b,3c3c7718-2319-4e91-90b5-85da7c42b6da,591b0df9-bfb8-49ad-9240-6f475b9538fb",punchbowl,bdc8db46-a8eb-4d77-bbca-10a3eda77b09,https://doi.org/10.5281/zenodo.14029123,,"punchbowl contains the science processing calibration code for use with data from the Polarimeter to UNify the Corona and Heliosphere (PUNCH) mission. It provides the primary software modules in use by the mission processing pipeline for calibrating data, also available directly to science community users. The repository also contains software tools for handling PUNCH data, along with example notebooks. Since version 0.0.23 it has also incorporated the former punchpipe package as the punchbowl.auto subpackage, which supplies the Science Operations Center automation layer: telemetry ingest and Level 0 generation, Prefect-based flow scheduling and orchestration, a processing file database, and a monitoring dashboard.",Science calibration code and data handling tools for the PUNCH mission,"ab45d6f4-403d-4528-9246-d2139db5bc72,75fcec59-681d-48be-95ee-b2454aab57b4,078c2195-93b7-4811-b103-ea857710faf7,89b29179-7fba-456e-b4ed-5ff5b548be18,1f890d25-4f74-4166-b2e5-76d3367bb5d6,d21c5d29-21ba-4288-bec0-8c077ac15aec,9852ca3f-b8fc-4665-a990-465072ec4379,6e1dbfec-913f-4d9b-9a3f-e8a2b7f82540,d8c3ac85-6e38-4ec9-baa6-a037b9b16d18,4ed73ccc-e12a-4009-aa2c-e40ea4c0c84a,e9bb1c0d-d4c7-4be7-be51-e3f8328be466,1dacbe62-8d60-4a7e-a1d8-ea0feba270b0,758dab69-cb35-477f-86c0-ed52606e335b,948d2160-3c88-4045-89f4-7b5bb11198c5,cfa01ea5-1be6-40fc-b8f0-96c1a866c7e0,91de6864-bad3-4365-ac0f-c9c5c89661f9,162d0da5-6fac-433b-b4dd-22a721788975,76c9ed80-50ea-41fb-9e17-c488430fd00f,402bf733-9d89-4602-b9ee-6e530d1b2836,0e94fdda-aba0-468e-87c6-f8943010c7f1,a85c510d-76d1-4c75-9b81-7ae13a36dd30,8b47109e-5f73-4edc-8668-9c4f738684c6,24ce2de6-0be7-448f-b5cd-b7f5b21a056c,555161bf-13d6-4909-b2d5-6c87d584de24,d4136ce2-345a-4011-beaa-456eda820556,a3f51d29-0e97-4173-92f1-a56335f32b2e,841774c2-77c6-4111-af03-b5c2ac3d8bba,3ea4461a-8565-4eb7-a614-e65fe8c96e98,d75e9971-7b83-40c6-a1d2-0a59d386c945,e74a2486-8871-4fe4-886f-ba49f6c1f852,9bfba210-58d2-4257-b2ef-33a26fa5de6c,e9afbb1e-0318-41c4-b5cd-c67739fe5fca,967e8bdb-795d-4f4e-806a-c0eaad2ff22c,8dc2735d-5b15-441c-99a3-5138ed6fcf8d,91828430-8646-47d7-8098-0a9724e26c23,bfcf5b70-01f3-49f2-9f68-6ce27a9d4491,cbc530e0-6162-443b-a4ac-9578ecfd63b4,2f488d8c-dd92-4deb-bad8-7377d1d12b48,bb413141-8464-45bf-9fda-82cb836af87e,ff3b7502-07f2-4652-95bd-692557553cdb,f7b38a8f-3117-49a5-89b2-a66930c7ca4b,e886b84a-8504-4387-866b-560f26ed847e,05e06b15-ceb0-4623-a9c9-98ad6ec4ef49,7e6ed025-dbdb-446a-b6de-6ea964042972,1ca1fc54-e093-4328-ae77-6d6726270bad,401fe54d-5589-49e2-856a-05b137751442,27c3e41e-8134-42d2-92f3-b444682fc369,a52b9772-b059-4c7f-9102-c50ccd0864fd,6ec2b9b4-0793-4c08-91c1-2bb2dce44a7a,e8a1d904-f327-4274-8215-8f080e4aa90c",https://punchbowl.readthedocs.io/en/latest/,"6b85306a-52cc-458a-be04-5c7d82442038,6480ff1c-f70f-4b8b-a70a-327bcc158f99,2b69ca1c-3268-42ea-ab90-607b8600a014","fa1963cd-6a16-49e8-abae-a8db46658b40,b82cd96d-8243-41d9-b015-03436704cdbf,102561e0-8fd0-4084-b4a5-f7e0f36eda03,7c439c97-4f6f-436f-be9a-dbb99341124b","fa1963cd-6a16-49e8-abae-a8db46658b40,b82cd96d-8243-41d9-b015-03436704cdbf,102561e0-8fd0-4084-b4a5-f7e0f36eda03,7c439c97-4f6f-436f-be9a-dbb99341124b","addea8d3-582b-42c8-9144-cf59d80280f0,987f5bd0-1eaa-4757-92f2-bffce6f02ebc,2e6c3834-d2fc-42f5-9528-b7fe7081845a","0420bf67-27dc-4e11-b435-5927375003d5,52b9d9a7-30ec-49e7-8f4f-6bf02caccfab,23d7edb6-8933-463a-8412-d8c19c9bb8b5","9ca503d3-ddc5-4ac0-a3a1-92d5ae00a9c6,86b6c248-0390-4606-9c72-96cb926be46c,b3da157e-c8a0-40ee-ab52-d40ba0d24416,a6627c58-9dc6-450f-be75-bd68b0576d72,72222b16-b4c9-43b0-a747-983d498d2565,b38f336f-116b-45b9-8d60-433681bf8659,ede7fa00-a797-408d-a9cb-5cb5b72be37e,6f301afc-3468-4fc5-980c-aeff865ace96,7d061055-d98c-431e-87ca-0b5ccf9017d9,bf2211da-839a-4aee-a15a-539794cfed3c,013a1a93-d138-4bff-99a0-4ff494b6c464,ba07e8ef-e43e-4767-b7a9-5d34c5a86314,2479d731-a04c-40f0-8f59-c1f8f7f097cc,192c2864-6479-42ac-a009-a8c5f2665220,7bade3c3-8cf8-4a13-bdc2-df2bbcaf4c5d,c4af2c11-ae49-4805-a313-f0e576ffbd74,85a2bdbb-7133-4507-89c0-3aeefff9d59e,d29c4d7e-6486-4403-8e8e-5b49ad6df62e,070a365d-8611-4676-a153-8757b2b3b343,4a079bd3-52bf-4b59-863f-5006065463aa,a6aa4bb5-f20a-4e20-889d-1a306b257008,e2fa02a2-aa89-49b2-9815-f82989e09b7e,922a2864-d5e3-435a-9f5c-307a3dbd96c3,1dffd98a-0ca8-42b1-b212-de8c3ff55322,c2915015-ce91-48ed-8905-d26bccd83961,84042137-3cd2-4838-87ee-5fa879f555a7,3e06bc1f-9cfe-424d-ba2e-a5a5fc83aa4a,c7692621-4001-4f41-a2b1-87a3f6028395,5f513f0d-f4d9-4df1-a1b2-b7c90deb1c22,ec5de1ad-176e-4c0a-a113-d5ea9c2a09d7,cbb9073d-da03-408c-af66-23d12f43e37d,b0c398ec-bb8f-4286-9189-dd7343b07b4d,82f8ca5a-469a-4112-afd6-201785f1fa74,cf1c4f0c-b055-4bba-9d78-bdfb3cae6630,b34d4453-f59e-4fb7-81ef-a1d6ce1d5b8f,57fb9761-b212-4010-87cf-f8709ca6544c,ebe23257-5560-4f54-9969-be46b9e59d72,e7072439-fdcc-48a8-b39a-90b8bd68bac2,da4ee1e1-b96a-4b5a-9feb-4bac20be5600,4eeb7f29-4a75-4152-8c8c-10fbfb1fa74b,2bb78265-c5d1-4ea4-9933-487c2c287381,cbdd1903-4181-4a7b-846f-1490eabbd899,cd8cfcab-6c9c-491c-a5e6-a37f6aebb067",29d7a7e6-bc1c-44eb-b0ff-bb460ae348ee,"d59c6796-a938-4b20-8ce5-3f9382d41eac,387d9dcb-827f-4e0c-887f-3d10d51284f5",563dce4b-b082-4496-aa0c-174abd23aa39,"757ff86d-708f-4f2d-8782-71ab39af4ab9,a93f49d5-6203-4f64-8d77-18c74a53f7a8,bd3cc8f7-af8f-45be-88c3-494f3a7512ad,efeb129a-3fbc-4117-8799-abc003aa4219","de2fcd45-d9ee-46d8-b138-c81faa62ed5a,bf78ea45-9c53-42ab-96b1-db056b12c2c9,65e77135-07a0-4124-969a-f585e2defaa6,5a352041-e705-4f1c-a708-794b5aa651c2,745ebe69-08e8-4075-a6f5-d368c1c5ddf0,a5e307ab-2e31-455c-a29c-4d5b99580a9a,b429ef22-474f-4467-852a-18f2d209b3ec,c210a733-c77f-409f-9999-f20441eb3e40,817fb6c6-4a49-4a30-b9c2-31edec30dcf2,1bb6ca8f-8a69-4bb8-ac4e-a7ac7f5ffd4e,8ba64c73-f6c2-4e29-9bfd-e1aa024fb7cc,9df024d6-d208-4e63-9d4e-00deeb71802e,45fbe45a-ce8b-4022-9e5e-ec1fdc1ca657,53595745-bdd9-4a84-9d41-a3b0f8bf83ff,644614e2-c3d6-4741-a921-b74be24d693a,cec9a378-2a97-4b96-b361-63cec170ce48,89ac1236-d27e-48d4-bed0-9dd239b93856,7dbf8b44-ce6d-4e1b-8513-ed5796f00e01,cff2bf61-81e0-4f96-bb6b-ac5521a98f3a,c2262f18-b5e2-48b8-8682-f9cf5a087d31,c4ad3763-1f5f-4fb9-bd1d-78db0b57b7a6","b9999126-f0fc-4d28-81ef-324b250be73a,3d722fc0-0855-4ee3-85c3-3ff0ceb3655b,5fc21d6f-9569-4aa4-81f6-b7aa9e37f292,7891d002-944a-4924-a74c-0fe8828bef92,8f74602b-5325-4b1d-b8a2-1ac24d483f51,e6a40877-e4c0-4835-8259-9601ef3d7f7e","b9999126-f0fc-4d28-81ef-324b250be73a,c16d2f32-a431-4ac8-8863-f667fa851438,3d722fc0-0855-4ee3-85c3-3ff0ceb3655b,7891d002-944a-4924-a74c-0fe8828bef92,8f74602b-5325-4b1d-b8a2-1ac24d483f51,e6a40877-e4c0-4835-8259-9601ef3d7f7e,5dd3a703-0897-4bb6-bf82-1df750574ca5,2844e9c1-dedb-402f-bbb1-b63cb821c8e8",a4e07475-572f-48db-b2e7-5d59ea194465,03ab3ee8-fbc6-4a4e-a2da-da87a6c2d5ab,https://github.com/punch-mission/punchbowl,https://punch.space.swri.edu/images/punch-logo_240w.png,"82801102-0270-4fbc-ae73-24afeda2d299,e85b749e-5788-425a-8952-8fc9a329216b,73b7fe8c-ee03-46eb-83d8-0ce77956245a"
a73ebc78-1f89-4af8-8f67-2e35de947d16,"8381adbf-4a23-4c0e-9896-b1445b0e82d5,da38c24f-c972-4506-90bc-6ca75e9260ef",2024-06-25,ee990b81-8115-4ab4-8a7f-68a4d0bb345d,"4692a7c0-7de7-4974-b8b2-1d8a0bc0115e,428d9b8f-5db4-41ab-8471-00c9d4c40131,fb325fac-aacc-4bf9-8968-b6e055d5da2d,932ad591-95ba-4791-bc37-8df476f958c0","d21b2a10-d499-4a8c-ac5d-888d520a4394,0aa44f21-a4f3-4886-b336-71902d16d1fd,f8ce4dce-56c8-4975-b9cf-fa11e945a537,29a8728f-b06e-426d-8f82-b00903f54e59,a461f7fe-fb0d-429f-bd57-b87e1672afdc,9ad1a1d1-1983-4ef4-9231-ea95c5423ba5,627196f1-9bc6-48d9-ba10-4108c21bc97a,f21cdd56-936a-4218-9704-8bb6e0f90d31,202f9347-9c94-4066-99e9-ca16cae8c62c,bad89e14-c7a8-4335-9509-21247ca2d0a4,3ff8ce88-a28d-49eb-89ef-18f642b2577a,770ecd85-0c7a-48e1-b89f-8ab12056dfa6,dea0febc-41c6-4f51-a6a9-27e71be69c89,02133f4b-c93f-4e35-9d44-e4f4b8790527,3038a6f8-14cf-4131-af0f-bacdc0748b58,6676e93d-344f-44f5-8773-c36ebf06a807,aff90cde-16bf-4a57-b985-e71776a895f4,823c7a65-bf66-45c4-bf10-56b7ef5b20d6,613d6f85-d9df-463f-aee8-64cbd78db131,549501ec-1813-48fd-bb48-f24187e117fa,6a481584-b48b-429e-b168-9a80e80f1baa,6f4847bd-3ce7-4617-8b44-af520c08c244,37f68820-6ebd-4a20-9957-511af879db79,3ba2956a-fdad-4747-81b6-e7e42c33c64d,c4253e18-ccdd-48e7-b706-a6380318d2ee,5efe757b-8147-4ebb-be1f-85888d4100e3,950557f9-0359-47ac-bb33-e3aa1a9a7f80,53b35b1c-5c86-46e2-853a-a308c38b4e3a","3a5b0717-e7c2-4d29-ac46-7fe29dc8244d,f74efacf-4d30-4cad-984c-3e60142fdc11,2176b9eb-4809-435b-9a59-d163aa814691,45584ff2-e3d2-4b83-86dc-c3395f4ae169",PyAuroraX,fe96bba1-7e66-459c-b309-fcf4ec392d95,https://doi.org/10.5281/zenodo.5815984,,"PyAuroraX is a Python library providing data access and analysis support for All-Sky Imager data (THEMIS, TREx, REGO, SMILE, etc.), the ability to utilize the TREx Auroral Transport Model, and interact with the AuroraX Search Engine. AuroraX is a project working to be the world's first and foremost data platform for auroral science. The primary objective is to enable mining and exploration of existing and future auroral data, enabling key science and enhancing the benefits of the world's investment in auroral instrumentation. We have developed key systems/standards for uniform metadata generation and search, image content analysis, interfaces to leading international tools, and a community involvement that includes more than 80% of the world's data providers. PyAuroraX will significantly lower the barrier of entry to the global network of auroral data, and provide the foundation for efficiency and inter-operability of existing auroral instrument networks and data streams.",Python library supporting data access and analysis for All-Sky Imager (ASI) data,"ab45d6f4-403d-4528-9246-d2139db5bc72,76c9ed80-50ea-41fb-9e17-c488430fd00f,d21c5d29-21ba-4288-bec0-8c077ac15aec,475f62e3-13dd-48a4-a01c-508cb306d7ca,cfa01ea5-1be6-40fc-b8f0-96c1a866c7e0,1dacbe62-8d60-4a7e-a1d8-ea0feba270b0,24ce2de6-0be7-448f-b5cd-b7f5b21a056c,d8c3ac85-6e38-4ec9-baa6-a037b9b16d18,89b29179-7fba-456e-b4ed-5ff5b548be18,814c5e15-5889-43e9-8ff2-f1317204c827,402bf733-9d89-4602-b9ee-6e530d1b2836,0e94fdda-aba0-468e-87c6-f8943010c7f1,2f488d8c-dd92-4deb-bad8-7377d1d12b48,4a30e300-583d-47dc-bfb8-b0268c888710,4ed73ccc-e12a-4009-aa2c-e40ea4c0c84a,e9bb1c0d-d4c7-4be7-be51-e3f8328be466,a85c510d-76d1-4c75-9b81-7ae13a36dd30,9852ca3f-b8fc-4665-a990-465072ec4379,6e1dbfec-913f-4d9b-9a3f-e8a2b7f82540",https://docs.aurorax.space/code/pyaurorax_api_reference/pyaurorax,"6b85306a-52cc-458a-be04-5c7d82442038,6480ff1c-f70f-4b8b-a70a-327bcc158f99","bbfd3b11-634d-4d28-8644-c12600811b6d,ab231ba2-0ccf-4cb3-b77a-94f1aee06296,c2883e1a-c97e-4dd0-a9ed-7dad7293bb3e,31039da9-c899-438c-ab18-da9733541f12,7c439c97-4f6f-436f-be9a-dbb99341124b","bbfd3b11-634d-4d28-8644-c12600811b6d,ab231ba2-0ccf-4cb3-b77a-94f1aee06296,c2883e1a-c97e-4dd0-a9ed-7dad7293bb3e,31039da9-c899-438c-ab18-da9733541f12,7c439c97-4f6f-436f-be9a-dbb99341124b",25b5bc68-71f8-44d8-8216-009adffb2fc3,,,,"d59c6796-a938-4b20-8ce5-3f9382d41eac,387d9dcb-827f-4e0c-887f-3d10d51284f5,bc97966b-f24c-4952-bc8b-b917594247e1",,"1deefae3-ade4-414e-b586-7b015772ec14,515dae73-68bc-4030-8008-20c9eef5a01c","ad4f2237-4749-4c1c-b25d-e70e0d27773c,158dfa57-4adf-4b97-8c3e-ca5face9b71a,fd9e0df7-0f9a-4cb6-9944-6eb93fffa1a2,73e4f1aa-0866-4a63-9a91-96fefcbbb871,bf78ea45-9c53-42ab-96b1-db056b12c2c9,354168d2-6268-432f-a091-7f4ab72fbef2,bded9284-fd47-488c-8913-17375acacd5c,117d3245-f2e3-42a4-a199-824f2d4d54dd,edc90521-144a-4b02-86d6-a6f70a3e7c3e,c210a733-c77f-409f-9999-f20441eb3e40,0fadecab-0e19-46cf-9a51-d43beff733df,26280f9f-9c08-4b72-acd2-fe27eea943bf,e2931f65-9469-48ec-9976-ba7fd84215c0,eb419021-3293-49de-b6b8-8b025ea160c1,3714cc3e-b9cf-49fb-9bd6-94108a983750,72a78108-4cd0-41f5-bb9b-4215effd7521,52853e5a-c8ba-4ce8-9875-8120bee89742,4d6a1fcb-4a48-4bb8-ac16-e47941708b4f,3d090b8e-b8e0-481a-88b8-232347f68330,b2c75140-07b4-45be-ada7-0f5e0bec0033","15cd3623-ef12-490a-95da-5450a61b1a9a,c33de0ef-ee70-40d0-acfb-78e850e0ed2e",,,,https://github.com/aurorax-space/pyaurorax,https://raw.githubusercontent.com/aurorax-space/pyaurorax/main/logo.svg,
dab7d824-81ec-49ba-911a-b3d081469a84,da38c24f-c972-4506-90bc-6ca75e9260ef,2020-03-25,ee990b81-8115-4ab4-8a7f-68a4d0bb345d,"07938324-dbf7-466e-bb80-a33b47f29d22,adc78ed0-7599-4988-af2f-a09a83f951bd,254f6c01-0886-4df5-a486-c2ac2e3169fb,8d22ac3b-7978-48dd-bb88-1c1dfb2c6ef9,a36dc72f-09af-464d-ab07-dfb907c778c1,fa366e1a-dc8b-48a7-9152-3c322634036f,87351098-0b4b-460d-a8ef-a8040c24e39a,2c9070c2-478e-4e95-b154-ee76956ef5c8,d89d4bf7-9069-438d-95cc-ba313251b61b,55fdb510-f237-4c03-9625-931456e05b73,fb4872a8-2c47-4600-a01a-1a2085523451,110061a1-e67e-414a-a182-afe38c04e910,c1af8c99-4f59-453b-9441-16db8b7deb59,62d39051-db20-48b5-9b11-05ba167904d1,684b4e2d-1010-495b-a99c-ab058432aa3b,9c330f71-cd42-4987-b15d-f7db0342fdc4,f51c43d5-6581-4def-9491-d77bbec14a28,d21832a5-b90c-47ee-bcd7-bac4f34ca51a",f5c62429-9d44-4ff0-ae61-1186005f1335,26339745-8c88-4046-a7ba-8197c9c51614,pyDARN,6d3e8cf8-8622-4c38-a9c2-09ede963f986,https://doi.org/10.5281/zenodo.3727269,c183d4b7-9ac9-422e-b25a-48cbc96a00e2,"Python data visualization library for the Super Dual Auroral Radar Network (SuperDARN). pyDARN provides comprehensive tools for reading, analyzing, and visualizing SuperDARN radar data, including range-time parameter plots, coordinate-time plots, fan plots, field-of-view plots, grid plots, convection maps, ACF plots, IQ plots, statistical power plots, and time-series visualizations. The package supports coordinate transformations between geographic, geomagnetic, and magnetic local time systems, and includes utilities for data filtering, detrending, elevation angle recalculation, range estimation, and virtual height calculations. pyDARN enables researchers to study ionosphere-magnetosphere coupling, plasma convection, and space weather phenomena using data from the international SuperDARN radar network.",Python data visualization library for the Super Dual Auroral Radar Network.,"ab45d6f4-403d-4528-9246-d2139db5bc72,4a30e300-583d-47dc-bfb8-b0268c888710,89b29179-7fba-456e-b4ed-5ff5b548be18,d21c5d29-21ba-4288-bec0-8c077ac15aec,4ed73ccc-e12a-4009-aa2c-e40ea4c0c84a,9852ca3f-b8fc-4665-a990-465072ec4379,e9bb1c0d-d4c7-4be7-be51-e3f8328be466,1dacbe62-8d60-4a7e-a1d8-ea0feba270b0,758dab69-cb35-477f-86c0-ed52606e335b,d8c3ac85-6e38-4ec9-baa6-a037b9b16d18,cfa01ea5-1be6-40fc-b8f0-96c1a866c7e0,76c9ed80-50ea-41fb-9e17-c488430fd00f,402bf733-9d89-4602-b9ee-6e530d1b2836,a85c510d-76d1-4c75-9b81-7ae13a36dd30,8b47109e-5f73-4edc-8668-9c4f738684c6,ff3b7502-07f2-4652-95bd-692557553cdb,7e6ed025-dbdb-446a-b6de-6ea964042972,05e06b15-ceb0-4623-a9c9-98ad6ec4ef49",https://pydarn.readthedocs.io/en/main/,6480ff1c-f70f-4b8b-a70a-327bcc158f99,"c2883e1a-c97e-4dd0-a9ed-7dad7293bb3e,7c439c97-4f6f-436f-be9a-dbb99341124b",,25b5bc68-71f8-44d8-8216-009adffb2fc3,"fb41690e-8b7a-4fee-be8b-1db04d5fc2df,a8fe78a4-503d-4f16-a612-f36d62e80820,2315eaaf-5b2f-4cd7-af14-1839135d1777,06710604-075e-4f83-ba4c-910102085e0d,9c38a454-c4db-4b27-a48f-6e4b412e73d0",0f279f9d-a446-446d-95f7-ae70d7c6e65b,29d7a7e6-bc1c-44eb-b0ff-bb460ae348ee,"d59c6796-a938-4b20-8ce5-3f9382d41eac,387d9dcb-827f-4e0c-887f-3d10d51284f5,1948d1db-6e7d-4733-ae68-15fa57b8238b,bc97966b-f24c-4952-bc8b-b917594247e1",563dce4b-b082-4496-aa0c-174abd23aa39,"1deefae3-ade4-414e-b586-7b015772ec14,515dae73-68bc-4030-8008-20c9eef5a01c,c8168919-8394-4690-96c1-f686edbaaba5,d99a68c9-4fde-417c-8c00-8f7a56c6eaa3","055b35d6-bd7e-4ebe-842b-5e01524727e7,158dfa57-4adf-4b97-8c3e-ca5face9b71a,35c7eac7-4a89-422f-8119-a7d489e8da55,4811c164-7d06-4845-95ad-c71cb87bcbc1,dae5d30f-2d46-4178-979f-bb8686f17272,a06141be-91d4-4b51-b597-7dab3213178a,26280f9f-9c08-4b72-acd2-fe27eea943bf,e0e47e8f-eb01-4a48-b02f-cb288a3ad43a,ac95a9c6-ce70-48ed-a092-8c02cfb9ab27,52853e5a-c8ba-4ce8-9875-8120bee89742,3fe5a736-5843-44a8-8be5-af082dbed730,b2c75140-07b4-45be-ada7-0f5e0bec0033,cff2bf61-81e0-4f96-bb6b-ac5521a98f3a,38aeef08-ad46-454e-ab40-be56837ea724,8d13caf4-fd04-429a-8bd1-9b8068c3a173,ed75de78-084d-4f30-b861-a56324c4f5e1","5434ee4e-a98f-408d-b962-d466568cef7e,70a3a376-4238-4b5c-b2a7-c22aafc04c45,8e0c7e83-401e-46ed-89b0-6f1cb69cb0db,e41c2b1d-58f5-4fd5-a090-2702215e3edd","70a3a376-4238-4b5c-b2a7-c22aafc04c45,f023d116-579a-4214-85b1-d773cb8d7987",,,https://github.com/SuperDARN/pydarn,https://raw.githubusercontent.com/SuperDARN/pydarn/main/docs/imgs/pydarn_logo.png,7d073440-38e0-4f33-9e88-4d3ed2f9ed7e
d5abf164-694c-4a24-8528-7395a7a01326,"b36db5d9-bb03-41a8-a606-da018371d891,da38c24f-c972-4506-90bc-6ca75e9260ef",2020-04-02,974802bb-aabb-4985-9e95-6463c41146c8,7ca2877b-19ca-47d2-a187-f497edd2841f,,,pyflct,705bbc6b-7f6d-44ae-b461-b896fcc35ff8,,,"pyflct is a Python wrapper that allows users to perform Fourier Local Correlation Tracking (FLCT). The C-based implementation of the FLCT algorithm is developed by George H. Fisher and Brian T. Welsch. FLCT is used to estimate horizontal flow velocities on the Sun's surface by analyzing sequences of magnetic field images (magnetograms) taken at closely spaced time intervals. The software tracks magnetic field evolution at the photosphere, horizontal plasma motions, and active region dynamics. The derived flow velocities contribute to electric field inversions in the solar photosphere, data-driven simulations of solar corona behavior, studies of magnetic flux transport and emergence, and space weather forecasting models.",A Python wrapper for Fourier Local Correlation Tracking to estimate flow velocities from sequences of solar magnetogram images.,"76c9ed80-50ea-41fb-9e17-c488430fd00f,d21c5d29-21ba-4288-bec0-8c077ac15aec",https://pyflct.readthedocs.io/en/latest/,6480ff1c-f70f-4b8b-a70a-327bcc158f99,7c439c97-4f6f-436f-be9a-dbb99341124b,7c439c97-4f6f-436f-be9a-dbb99341124b,"addea8d3-582b-42c8-9144-cf59d80280f0,2e6c3834-d2fc-42f5-9528-b7fe7081845a","b2812ea7-a1ad-42b5-aa24-0deda785bb37,1ff16ed6-6692-4508-b347-902cb2fffcaf",,,"d59c6796-a938-4b20-8ce5-3f9382d41eac,387d9dcb-827f-4e0c-887f-3d10d51284f5,bc97966b-f24c-4952-bc8b-b917594247e1",,a93f49d5-6203-4f64-8d77-18c74a53f7a8,"35c7eac7-4a89-422f-8119-a7d489e8da55,93c0d169-b829-48fa-b3f6-afb587264596,a835d6e8-3c0b-4360-aed5-3bf3a446a5a0,48c5474a-1b25-48a7-9757-dfd899628ae5,c210a733-c77f-409f-9999-f20441eb3e40,42f3b9b7-42aa-4b73-8ea2-2594c93d2618,993df0f8-8301-492c-b771-3e766e1ceb7c,bca84a17-1bf6-426c-8404-cc80ae987ead,5f66ff77-3df0-421c-9530-4bc169d1dc90,3428fbd7-17c1-4c7e-be9d-74dfb76b7805","5dd3a703-0897-4bb6-bf82-1df750574ca5,fc7a32d2-6f99-445f-b6ea-2cb5fd538b67,2844e9c1-dedb-402f-bbb1-b63cb821c8e8",2844e9c1-dedb-402f-bbb1-b63cb821c8e8,,,https://github.com/sunpy/pyflct,,754b7219-9dc1-4d74-9918-c5f1c0947192
855aa42c-15e8-4b99-be89-3986ccb8254c,"b36db5d9-bb03-41a8-a606-da018371d891,648cfb34-470e-47b6-a1ba-b543e90e21ac,83a7c4fc-5a5f-48f7-90ea-fa8128d7ee20,da38c24f-c972-4506-90bc-6ca75e9260ef",2018-08-31,ee990b81-8115-4ab4-8a7f-68a4d0bb345d,"78400fa3-f6e6-401f-aae2-0c108e695b88,dd77b0be-c31d-4319-a8d4-1ee118c9dbc7",,,PyGemini,d79af729-07cb-4f62-a850-4105d1dbe544,https://doi.org/10.5281/zenodo.3647579,,"PyGemini is the PyHC registry name for the Gemini3D/GEMINI software stack, a three-dimensional ionospheric fluid-electrodynamic model written primarily in object-oriented Fortran 2008. GEMINI is used for studies of auroral effects on the terrestrial ionosphere, natural hazard effects on the space environment, and ionospheric fluid instabilities that affect radio propagation. The model uses generalized orthogonal curvilinear coordinates, has been tested with dipole and Cartesian coordinates, supports MPI/HPC execution, and includes Python/MATLAB-facing workflows for running simulations and loading, plotting, and analyzing HDF5 output.","PyHC entry for the Gemini3D ionospheric fluid-electrodynamic model and scripting workflows for simulations, HDF5 output, plotting, and analysis.","ab45d6f4-403d-4528-9246-d2139db5bc72,4a30e300-583d-47dc-bfb8-b0268c888710,d21c5d29-21ba-4288-bec0-8c077ac15aec,06bdcf26-0423-45d4-8cd0-71a1dd49dfa3,4ed73ccc-e12a-4009-aa2c-e40ea4c0c84a,d8c3ac85-6e38-4ec9-baa6-a037b9b16d18,ff3b7502-07f2-4652-95bd-692557553cdb,05e06b15-ceb0-4623-a9c9-98ad6ec4ef49,25f0a6a8-ec49-4827-8d6f-b4524c237475,475f62e3-13dd-48a4-a01c-508cb306d7ca,76c9ed80-50ea-41fb-9e17-c488430fd00f,402bf733-9d89-4602-b9ee-6e530d1b2836,9ba5be4d-a4db-4145-80cc-9c006d68a219,a85c510d-76d1-4c75-9b81-7ae13a36dd30,27c3e41e-8134-42d2-92f3-b444682fc369,6ec2b9b4-0793-4c08-91c1-2bb2dce44a7a",https://gemini3d.github.io/gemini3d/,ed7e1c95-acef-423b-82bf-43ad6c78f333,"bbfd3b11-634d-4d28-8644-c12600811b6d,c2883e1a-c97e-4dd0-a9ed-7dad7293bb3e,7c439c97-4f6f-436f-be9a-dbb99341124b",c2883e1a-c97e-4dd0-a9ed-7dad7293bb3e,"addea8d3-582b-42c8-9144-cf59d80280f0,777b21b2-8113-4126-bd7b-41566c66022e,0de58f22-0f2d-463f-a800-c5ad1fcfb4bb,9c6ee738-bcb3-4065-bb26-a4613e8b7432,2e6c3834-d2fc-42f5-9528-b7fe7081845a","d4830902-2b0d-4a9d-a94c-1d4e702560df,56b31cfc-bb1d-4510-b045-928773064387,3a6a101a-d19f-4e5e-b067-05be19a5d073,95c5e414-2c49-4f7b-8260-42c3ff5ece2f,77622301-6ef1-4eef-87ed-0f3a8725623d,414c1f9c-3769-413f-a734-d52b21dcdbd2,044c5a79-af2d-4f8a-884c-e2b4ca854c6d,5feaf269-5835-4ade-87d6-9762e9047816,5429ebf0-0d9a-4ba9-a03d-90d113ea83f8,ecde3761-3604-44f5-ab1e-ab2c665dc9e3,9054db12-147c-48f4-a4dd-a06c7bb96959,25041e49-8eb6-455b-a9f9-b5c11d065c31,254befd4-6fc8-42fa-ae0f-24e8ce755122,23d48cf1-196b-48d4-83c7-49c3d4d18cc2,ec1fe307-b003-4cfe-a0c0-110c25bacec4,36b42bda-a12b-4cdc-89f4-661573beca62,2e31e5e0-e77f-4cc9-a7f2-fab2d4129717,c689f599-d2e4-4dbb-9fc3-07c6f8984c9e,d8dc746e-8a79-4cf1-91b2-ca26aaf7ca9e",,,"d59c6796-a938-4b20-8ce5-3f9382d41eac,387d9dcb-827f-4e0c-887f-3d10d51284f5,bc97966b-f24c-4952-bc8b-b917594247e1",,"1deefae3-ade4-414e-b586-7b015772ec14,515dae73-68bc-4030-8008-20c9eef5a01c","158dfa57-4adf-4b97-8c3e-ca5face9b71a,0f9a1ee0-8ad6-4525-8df2-344a38d5f083,f733a2ea-2dd2-4423-8a63-3039a2b3cc47,85f0af6b-4960-4865-b91a-32b99df28d81,a06141be-91d4-4b51-b597-7dab3213178a,bbd193e0-c22a-4c1d-a787-3efaa787c893,6982c10b-5c1b-4e3a-9ead-6d28862a752a,e0e47e8f-eb01-4a48-b02f-cb288a3ad43a,812975f7-d2a5-4b4f-b8c4-eb5c9a418c72,b2c75140-07b4-45be-ada7-0f5e0bec0033,cff2bf61-81e0-4f96-bb6b-ac5521a98f3a","291bd4e8-a189-4341-83bf-13bf98fc955f,4f16eee4-a6e1-49b2-8ca6-16acafbe6ca4,996db4f9-7037-4c5d-b0d7-1c4149dc66cf,ecf2546f-324e-4124-8354-c34c626dc843,68e97f4c-b0b8-4803-a18b-19f20a18c3c0,53f8ac71-aaa2-4d65-a7fb-affa8a894cfb,7da682ed-14a5-452a-ae61-c06188fef80d,b8b887a2-c438-4e35-8dad-a1ca3a0a29a8","68e97f4c-b0b8-4803-a18b-19f20a18c3c0,39056973-fddd-466d-9635-065ae4f64541,7da682ed-14a5-452a-ae61-c06188fef80d,f6e57ebc-4c5b-4c7a-b443-93c7406106b6,b8b887a2-c438-4e35-8dad-a1ca3a0a29a8,564d4772-6735-498e-b82b-4be494126b45,aa00c24d-2bba-4c28-8b5f-cbe29f677388,2d5c7bd6-6de0-48b6-9ad2-2dd6e49e0286","92565337-858e-4a49-a70e-f1620e822a48,a4e07475-572f-48db-b2e7-5d59ea194465,d5a4780e-bb5f-4a1c-8ce0-641a66110ac5",47f0aecc-fb8e-4582-ac27-b9b5eb9a0273,https://github.com/gemini3d/gemini3d,,
b5c250bc-fe00-41b8-b06b-2f4c3e688520,"dde8f37b-2532-479f-8927-e9dd12d726a8,e7b6f70a-487f-4038-a41d-ad7e39e06fb6,da38c24f-c972-4506-90bc-6ca75e9260ef",2013-08-09,974802bb-aabb-4985-9e95-6463c41146c8,912b2856-0a80-4174-a0e8-aefddd7638a1,,,pyglow,4d5a6882-a0ee-4007-8161-9589b42755bb,,,"pyglow is a Python module that wraps several upper atmosphere climatological models written in FORTRAN, such as the Horizontal Wind Model (HWM), the International Geomagnetic Reference Field (IGRF), the International Reference Ionosphere (IRI), and the Mass Spectrometer and Incoherent Scatter Radar (MSIS). It includes HWM 1993/2007/2014, IGRF 11/12, IRI 2012/2016, and MSIS 2000. pyglow offers access to these models and geophysical indices (AP, Kp, F10.7, DST, AE) in a convenient, high-level object-oriented interface within Python.",Upper atmosphere climatological models in Python,ab45d6f4-403d-4528-9246-d2139db5bc72,https://github.com/timduly4/pyglow/wiki,ed7e1c95-acef-423b-82bf-43ad6c78f333,bbfd3b11-634d-4d28-8644-c12600811b6d,,25b5bc68-71f8-44d8-8216-009adffb2fc3,,,,"d59c6796-a938-4b20-8ce5-3f9382d41eac,387d9dcb-827f-4e0c-887f-3d10d51284f5",,1deefae3-ade4-414e-b586-7b015772ec14,"2033f602-c828-46f5-8b11-b0b7c82e04ab,84dd116f-a104-46db-b981-a3975e1ff37d,3325141e-4dfa-41cb-ae53-271d378e56cc,3cad6ddd-fb1a-44cd-b49f-86074ce183d9,caffa93f-c1bf-41b9-a24d-4eca6c41646d,26280f9f-9c08-4b72-acd2-fe27eea943bf,c61f6818-7d02-4ed4-a509-1c169be2f4d5,656947a9-df0e-4e90-bccb-8f9a97f54f75,6d911a12-417c-45aa-9b6b-57379d432d33,b95cabe0-b5f4-4fd0-895f-2a335f560048",,,,,https://github.com/timduly4/pyglow,https://raw.githubusercontent.com/timduly4/pyglow/master/logo.png,
84062431-340c-4ac1-bdc9-a79a431d9869,da38c24f-c972-4506-90bc-6ca75e9260ef,2023-05-12,974802bb-aabb-4985-9e95-6463c41146c8,"78975cd1-de6e-4ffa-a22c-3580a04d6995,856735bb-4488-41ed-8e0e-34866aaf9c47,7352d137-6968-4179-be58-07220df919b4",,"d092d05b-4472-4b75-b52e-86e0935a8b12,4a9e1a36-e029-4939-996f-fc5173f3a61b,70d1426a-bff7-41c9-9905-76837fefc198,317d38cf-96d9-4ba3-93cd-4ab1aafd1d9c,28732268-536a-4d86-9753-bf56de745218",PyGS,9efe7f97-9092-4d82-9edd-33cb55286c19,,,"This package consists of two key products to serve as a set of comprehensive tools for the investigation of magnetic flux ropes (FRs) in space plasmas based on in-situ spacecraft measurements. The Grad-Shafranov (GS)-based detection (GSD) automatedly identifies flux ropes and outputs their parameters to support statistical analysis, relying on the generalized version of the GS equation. It is applicable to FRs with a broad definition including both static and dynamic structures, and works with PSP, Solar Orbiter, Ulysses, ACE, and WIND spacecraft datasets. The Grad-Shafranov (GS) type reconstruction (GSR) visualizes and characterizes the 2D magnetic field configuration from 1D time-series data, confirms the flux rope detection results, and derives flux rope parameters such as the poloidal and toroidal magnetic fluxes, the relative helicity, and average twist.",Magnetic flux rope detection and reconstruction based on the extended Grad-Shafranov equation for in-situ spacecraft measurements.,,https://github.com/PyGSDR/PyGS/tree/main/documentation,2dc72a39-f07b-41cd-a57e-5e00d3a98448,ab231ba2-0ccf-4cb3-b77a-94f1aee06296,"fa1963cd-6a16-49e8-abae-a8db46658b40,7c439c97-4f6f-436f-be9a-dbb99341124b",25b5bc68-71f8-44d8-8216-009adffb2fc3,"e2532155-65a0-4808-87c1-06dc00a310f8,a3327dc2-c1ef-442b-8492-76c27a8e75ef,9a42486d-8bfd-4652-9885-cf0ec845fbc9,51d37853-3b40-4177-b910-5619f44b1f11,5e7816d2-e2aa-4ac9-9d8f-ab2ad24f31a4,02637523-80fc-4fe2-abac-0a74d66ca2ac,acece10f-93f8-4aa3-a434-964aa3fb175f",,,1948d1db-6e7d-4733-ae68-15fa57b8238b,d7f050b7-b557-445d-a0c5-1d89918a915e,"757ff86d-708f-4f2d-8782-71ab39af4ab9,a93f49d5-6203-4f64-8d77-18c74a53f7a8","ad4f2237-4749-4c1c-b25d-e70e0d27773c,a34c3b78-fac0-45c2-94c4-da38e7f364de,c1251819-ceb2-4e79-a3b9-de161ef85627,6d5fde02-72ca-4635-9dd4-a1876654edaf,35c7eac7-4a89-422f-8119-a7d489e8da55,dcc2bda3-d0fc-4c28-80fa-f031fcba48e8,24c866be-7e3b-4f71-958a-ecf9260b07e2,0766354e-ac7f-4224-817d-a181cad23599,a5e307ab-2e31-455c-a29c-4d5b99580a9a,d3cc9aeb-7e16-4fb6-9d20-16b8f1391ec0,f55269cb-ac4c-4b21-a4df-723eb43e932f,c3764d26-b0d7-4da4-92fb-0c0c8bae6982,d07af06c-ad30-458a-bfbf-09d17aab4c52,9aac2895-9937-4773-95c2-e2bcbc20a25f,8d1bff6f-648b-442d-859a-35fba1c4069f,b45abf60-b032-4a11-b927-ba56e1e6f2f6,e9c1a041-0658-41fa-bff3-6d984be93e16,3201363e-3fb6-41b8-bf71-aed8e39224f5,2764681e-50d6-4936-b3de-7de964ea4a91",3f30d0f0-2204-45b3-9664-70d53c6ee7f7,,a4e07475-572f-48db-b2e7-5d59ea194465,e4d2b621-f80d-4a1a-9a7c-bea03c8556b3,https://github.com/PyGSDR/PyGS,https://github.com/PyGSDR/PyGS/blob/main/logo/logo.png?raw=true,"82801102-0270-4fbc-ae73-24afeda2d299,73b7fe8c-ee03-46eb-83d8-0ce77956245a"
a53ebbd1-0f08-4bf6-aeaa-90067a3b1312,"dde8f37b-2532-479f-8927-e9dd12d726a8,e7b6f70a-487f-4038-a41d-ad7e39e06fb6,da38c24f-c972-4506-90bc-6ca75e9260ef",2017-01-12,ee990b81-8115-4ab4-8a7f-68a4d0bb345d,5d44a4a7-69cb-4170-85f6-5caae92d5516,,,pyIRI2016,fec30351-bafe-40e5-9419-12d332cfbd73,https://doi.org/10.5281/zenodo.240895,,"Python wrapper for the International Reference Ionosphere (IRI) 2016 model. The package computes empirical ionospheric parameters including electron density, electron temperature, ion temperature, ion densities, NmF2, hmF2, B0, and total electron content as functions of location, time, altitude, and solar/geomagnetic conditions. It supports height, latitude, longitude, local-time, and 2D profile workflows, can evaluate the model along traced geomagnetic field lines, includes helpers for retrieving IRI-related source, coefficient and index files, and provides example plotting workflows for line plots and 2D maps. The IRI-2016 Fortran source is bundled and bound to Python with f2py through a CMake / scikit-build-core build; the package requires Python 3.11 or newer.",Python wrapper for the International Reference Ionosphere (IRI) 2016 model.,"ab45d6f4-403d-4528-9246-d2139db5bc72,4a30e300-583d-47dc-bfb8-b0268c888710,d21c5d29-21ba-4288-bec0-8c077ac15aec,4ed73ccc-e12a-4009-aa2c-e40ea4c0c84a,e9bb1c0d-d4c7-4be7-be51-e3f8328be466,d8c3ac85-6e38-4ec9-baa6-a037b9b16d18,76c9ed80-50ea-41fb-9e17-c488430fd00f,402bf733-9d89-4602-b9ee-6e530d1b2836,a85c510d-76d1-4c75-9b81-7ae13a36dd30,ff3b7502-07f2-4652-95bd-692557553cdb,05e06b15-ceb0-4623-a9c9-98ad6ec4ef49,0db96bcc-ca00-41b3-9cc5-32ea93d27c12,475f62e3-13dd-48a4-a01c-508cb306d7ca",https://github.com/rilma/pyIRI2016,"6b85306a-52cc-458a-be04-5c7d82442038,ed7e1c95-acef-423b-82bf-43ad6c78f333",bbfd3b11-634d-4d28-8644-c12600811b6d,7c439c97-4f6f-436f-be9a-dbb99341124b,25b5bc68-71f8-44d8-8216-009adffb2fc3,,,29d7a7e6-bc1c-44eb-b0ff-bb460ae348ee,1948d1db-6e7d-4733-ae68-15fa57b8238b,eef6c156-35b4-433f-8d6d-2c3b5005347d,"1deefae3-ade4-414e-b586-7b015772ec14,c8168919-8394-4690-96c1-f686edbaaba5,ab8390b8-312d-4c69-b1bd-54993d31dbe4","897c37c9-f999-467f-8a8a-6a6f5487b0b1,d0482a9f-dee4-40c5-91d3-a1dabee17386,49e8a801-c3f0-4043-899a-2e7da071d05b,d1ed3417-d051-4f70-87e5-6da3bd504b6a,8ca0c394-23a1-4346-9ba5-41e70d05495a,000a211b-15df-4d6b-b679-daaf781b99bb,20771996-4ca4-41d1-a9f2-626de9706ec7,caffa93f-c1bf-41b9-a24d-4eca6c41646d,dd12e437-7949-4d1e-97dc-8781e873b77f,a06141be-91d4-4b51-b597-7dab3213178a,8abdaeaa-9590-466b-8c90-dee3beeefc11,38b5ba56-5028-4220-81ee-72433b86d94a,9986c7d4-1117-40cf-bf39-516f2e7bc896,c61f6818-7d02-4ed4-a509-1c169be2f4d5,5d308092-9dc0-4374-94b3-3a550b323048,4d6a1fcb-4a48-4bb8-ac16-e47941708b4f,6a0dbdb3-2b48-4057-8c8d-067a860f6e75,ac7f6b94-db19-4b56-9cea-8df0981fd0a5,b184816b-cbc6-4842-a603-5325ef0e4ed7","41c59493-e818-4d83-b049-cb8942d8a394,04504005-a9d6-46bd-a622-ff99f9985854,55ad8364-3c43-4ed5-95f2-6d11e84cff16","d0bb32d8-e242-4eb3-9e47-09b7f9a804df,790e6de8-3daf-48d4-9757-ec62e10863e5",,,https://github.com/rilma/pyIRI2016,,7d073440-38e0-4f33-9e88-4d3ed2f9ed7e
337266f5-46b2-4abc-8b87-5555fe336f79,"1af99bfc-2061-4583-9cf3-33df280a7ea8,da38c24f-c972-4506-90bc-6ca75e9260ef",2014-08-03,ee990b81-8115-4ab4-8a7f-68a4d0bb345d,"dd77b0be-c31d-4319-a8d4-1ee118c9dbc7,5f6a1e75-89e3-4d98-bbd7-bc9f7d274a88,1ad4653c-52ed-48ba-a3c2-658f1e824669,721afb3b-afb8-44b6-92b8-2d1c74caa732,a1e04c06-cf0c-4e3a-81a6-fe7bb93c0735,b5c6744a-96db-4672-9f7a-c5ed69a2577a,871d4544-63d1-4032-b707-f62f762afaf0",,,PyMap3D,28748f09-0f75-4e4c-be52-b1a0a32bff46,https://doi.org/10.5281/zenodo.595430,e43c13d2-6eea-441c-9aa2-e2def11759fd,"Pure Python (no prerequisites beyond Python itself) 3-D geographic coordinate conversions and geodesy. Function syntax is roughly similar to Matlab Mapping Toolbox. PyMap3D is intended for non-interactive use on massively parallel (HPC) and embedded systems. The package provides coordinate transformations between multiple systems including geodetic, ECEF (Earth-Centered Earth-Fixed), ECI (Earth-Centered Inertial), ENU (East-North-Up), NED (North-East-Down), AER (Azimuth-Elevation-Range), and spherical coordinates. NumPy and Astropy are optional dependencies; the library can operate with pure Python for most transforms, making it suitable for embedded systems and streaming data applications.","Pure Python 3-D geographic coordinate conversions and geodesy for geospace applications, with optional NumPy/Astropy support for enhanced accuracy.","ab45d6f4-403d-4528-9246-d2139db5bc72,d21c5d29-21ba-4288-bec0-8c077ac15aec,4ed73ccc-e12a-4009-aa2c-e40ea4c0c84a",https://geospace-code.github.io/pymap3d/,,,,25b5bc68-71f8-44d8-8216-009adffb2fc3,"0ef4ecbd-7f85-4508-8c0e-6914814b0f86,d19a7239-2cab-46c9-a514-8ec9b27eb098,29be8a9b-74a1-46ab-b639-292628b064ba,c1f5c3e9-bc1e-4e3a-b332-741d41b8da30,3d2d4b6e-8140-4b95-b25e-9541498967c5",,,1948d1db-6e7d-4733-ae68-15fa57b8238b,e30aeeb6-77d6-4994-a80c-320aa1222eab,"1deefae3-ade4-414e-b586-7b015772ec14,515dae73-68bc-4030-8008-20c9eef5a01c","55a28c25-d5d1-4469-bc2c-76664cdbf6c6,e4d9d020-e747-4866-9a55-f2d530d5ba15,f1e0eb79-7f8d-40a0-ad4d-8654586815d7,bbd193e0-c22a-4c1d-a787-3efaa787c893","175c0df4-eb7f-4c4e-9577-89a2093b9c92,47b0f562-245f-44f9-9cc3-817b140e85cc,40a00ee8-65e2-4ccb-a86c-da9330342b9e,2281dc5a-adde-4556-966b-441345a21657,ab8679c9-7d68-4fea-bc09-1f39f2bde3f3,585072f1-a1cf-4f4e-94ac-f18f56388660,e5f483db-d5b5-4a3c-92a2-b301e740bab1","175c0df4-eb7f-4c4e-9577-89a2093b9c92,585072f1-a1cf-4f4e-94ac-f18f56388660,bdf946df-e77f-4bb1-8c4e-130a2f6ffa21,4139ec71-ce86-4902-a231-8c7c5098508a",34f273ac-b78b-4881-88ba-7b4afe4d2144,,https://github.com/geospace-code/pymap3d,,
bdd706f0-b987-446b-b650-78d9d86f00b2,da38c24f-c972-4506-90bc-6ca75e9260ef,2020-11-27,ee990b81-8115-4ab4-8a7f-68a4d0bb345d,"aa939ba6-fa40-420b-9161-1e5c492f2936,3ab2ed72-e771-4174-9d2d-ceb16d2eca42,6df2db32-3361-4bc4-9317-ac7af6fe84a6,08724f84-65da-4b23-a97f-6c94378d0fa1,a6551395-bbb9-4d09-8242-66997d9b9522,38a632e2-4d79-410a-a941-f0abc23fb982","213ca4d6-655c-4999-b83c-2ffb408fd343,74e4b992-a72e-4954-9423-4dcc683908bf,2934687b-7bee-4971-b5d9-cd2bb3c64054,e3ff2873-7f2e-4610-b1de-ca8f4ad358f4,fc23f5e1-3bf8-4cdc-b140-7fa6c24ed684,7f330409-66b8-439b-9dba-c8e878b6a20e,5afec4ca-2fc1-4902-a25f-41973326dd4e,dd78f1b4-0c38-488f-af5a-1ee93464f41e,3c1dec0a-82a4-44d0-b6bd-142ca7f30a89,9c72aab7-e6e6-4635-8c80-0674e9a939c1,53151ef0-db77-420d-b317-13a3b07955a3,91eb35bf-6af0-4bda-88b3-281ba426bb33,bfc76aa9-edf5-41c4-9428-819aee187ae3,9de10b5c-8e9d-405f-80ea-f26349988d1c,97b3c689-d261-4a4e-8be9-b7cc16c922bb,f9721852-acc7-4166-bc71-965a94be9d43,f163fc74-8807-485d-a3fc-f0cca15581c4,f7ff5de2-6103-485b-aeb1-dbcace26baa7,1b24721e-f789-419b-b622-8425b43c5aec,fe22f50a-a26e-4fff-8916-41a9799a19f0,d9e58bcc-ba22-4af0-bc9a-03c85c345e43,0b492fde-c128-43d7-8b36-46158fd4f6ee,1ccaf1c1-7931-44f4-b4a6-ecebfe2ebe02,fd5f9cb1-1c7c-4846-ab5b-da2c159bdaf3,892dceb2-fe3d-471f-8d9e-348ab1a7e8a8,9a2cb9ab-c53d-4e11-bd4f-fe432f8949b6,49e72ca0-f13b-4b51-9259-62d32e48ada8,4ceb4732-be97-4c91-90f9-3a069e474ef0,dd358c64-d8b3-49d7-8802-bdca2c4f637d,391c8fa2-75b6-4340-83d6-3d69fdc1a30c,5878999d-bb54-4ced-855c-9ff4bf8dc292,c15a092e-ac40-4b62-81a9-b28e9f99841c,1b8e3e55-f9ff-403e-8806-4ef34a00616e,90969a68-d9e0-430e-af64-bbbe28454314,2cf65ed8-7804-4d89-89c3-89ccaffcf7b7,42bac13a-3975-466b-8185-ef996dfa4a8f,257ede0d-bd4f-45f8-a4c9-12f94bfc7221,a313046d-5cf7-4a9b-8a7d-b52f299c0bcd,8b8152e3-0977-4c46-8f27-e77b85302564,fb706f2a-0341-4396-b937-b145e3ce6c1f,632c4d58-2b0c-4f20-9a08-04087bcf081a","e49699f5-8ba7-4b37-a71c-42063554706e,720f7a0b-fd58-47bf-93c7-c5c5105f7d5b,28732268-536a-4d86-9753-bf56de745218",PyRFU,0bc4abda-9bb9-4590-b62b-bb9ad0f02c42,https://doi.org/10.5281/zenodo.10678694,,"PyRFU is a free and open-source Python package for advanced analysis of in-situ space plasma data. It provides routines to work with space data, particularly with Magnetospheric Multiscale (MMS) mission data, as well as MAVEN and Solar Orbiter missions. The package includes general plasma physics routines for coordinate transformations, particle distribution analysis, plasma moments calculations, wave analysis (including polarization and wavelets), multi-spacecraft techniques (curlometer, gradient estimation), and comprehensive data visualization capabilities. PyRFU is based on the IRFU-MATLAB library and supports data retrieval from multiple sources including local files, MMS Science Data Center, MAVEN Science Data Center, and cloud storage (AWS S3). The package additionally provides analytic plasma dispersion-relation solvers, Langmuir-probe and spacecraft-potential current models, and empirical field and boundary models including IGRF-13 and the Shue et al. (1998) magnetopause and bow shock.",PyRFU is a free and open-source Python package for advanced analysis of in-situ space plasma data.,"ab45d6f4-403d-4528-9246-d2139db5bc72,89b29179-7fba-456e-b4ed-5ff5b548be18,1f890d25-4f74-4166-b2e5-76d3367bb5d6,d21c5d29-21ba-4288-bec0-8c077ac15aec,06bdcf26-0423-45d4-8cd0-71a1dd49dfa3,491665b2-0491-4982-9975-8e6a27105089,4ed73ccc-e12a-4009-aa2c-e40ea4c0c84a,9852ca3f-b8fc-4665-a990-465072ec4379,0bab13c3-3184-4b50-8c8c-a946028c48c9,e9bb1c0d-d4c7-4be7-be51-e3f8328be466,1dacbe62-8d60-4a7e-a1d8-ea0feba270b0,cebf9575-00b1-45bd-a386-fcbef4f589f3,23f6e865-3668-4fa2-9aa9-92bbf9781f10,8a197010-e950-47eb-a917-1e549d5411c1,416ec91f-b16f-4a11-8ee5-151133b9dabb,d8c3ac85-6e38-4ec9-baa6-a037b9b16d18,0691c3a9-a02f-4de3-9a1c-965782ddbef9,cfa01ea5-1be6-40fc-b8f0-96c1a866c7e0,91de6864-bad3-4365-ac0f-c9c5c89661f9,8fc506b2-4e32-4ee3-88b9-8ace51d980e3,76c9ed80-50ea-41fb-9e17-c488430fd00f,402bf733-9d89-4602-b9ee-6e530d1b2836,9ba5be4d-a4db-4145-80cc-9c006d68a219,e808c21d-338f-411a-838f-be0ce95700b5,f92b9d24-16c1-4faa-9f43-9bb951d76380,a85c510d-76d1-4c75-9b81-7ae13a36dd30,5ec2f6e7-b28e-4a24-952c-0f24f6bce1b4,8c0bddc9-a3dd-4877-bc63-57d58b354551,29cb514d-8259-4df4-833f-4e6631cd65e1,555161bf-13d6-4909-b2d5-6c87d584de24,2f488d8c-dd92-4deb-bad8-7377d1d12b48,841774c2-77c6-4111-af03-b5c2ac3d8bba,91828430-8646-47d7-8098-0a9724e26c23,ff3b7502-07f2-4652-95bd-692557553cdb,05e06b15-ceb0-4623-a9c9-98ad6ec4ef49,0db96bcc-ca00-41b3-9cc5-32ea93d27c12,f7b38a8f-3117-49a5-89b2-a66930c7ca4b,475f62e3-13dd-48a4-a01c-508cb306d7ca,85ebe5aa-8a3b-4c91-b2a6-78ca6d3aab90",https://pyrfu.readthedocs.io/en/latest/,"6b85306a-52cc-458a-be04-5c7d82442038,6480ff1c-f70f-4b8b-a70a-327bcc158f99,52d87dcc-8113-4f4f-9ff4-83cbd2f11bba,52af0f1d-3ca9-4362-b10e-f4ae4d69eddc","bbfd3b11-634d-4d28-8644-c12600811b6d,ab231ba2-0ccf-4cb3-b77a-94f1aee06296,31039da9-c899-438c-ab18-da9733541f12,c459a631-8b02-4cc1-b546-c3ee0c7e19b9",,25b5bc68-71f8-44d8-8216-009adffb2fc3,"4de5881f-2012-431a-bba4-d31447e820d5,97b4f77a-7de6-4b8c-9019-59c199a763c5,a26a5ff6-8a15-4777-af95-04dcce3e5aa9,abe41923-687e-430b-86d4-8420a00da480,f95ef552-2bf3-4762-bc5e-c1f904df4c9b,c2ba201a-3ff3-4d0e-8a21-5282564353c5",,29d7a7e6-bc1c-44eb-b0ff-bb460ae348ee,"d59c6796-a938-4b20-8ce5-3f9382d41eac,387d9dcb-827f-4e0c-887f-3d10d51284f5,bc97966b-f24c-4952-bc8b-b917594247e1",eef6c156-35b4-433f-8d6d-2c3b5005347d,"515dae73-68bc-4030-8008-20c9eef5a01c,757ff86d-708f-4f2d-8782-71ab39af4ab9,c7b4385f-af5a-4e71-9879-43b11e356cf1,1a7d7021-eaa6-4c0a-a144-e47cafa7b3ec,efeb129a-3fbc-4117-8799-abc003aa4219,ceb2430a-fc5b-4425-aa58-d5de2836a0ee","bf78ea45-9c53-42ab-96b1-db056b12c2c9,2a391fb5-43e2-46c4-8515-1c7b6017b6ac,354168d2-6268-432f-a091-7f4ab72fbef2,56765abf-02a4-4104-99d0-96ad61a95823,b43adce8-73c1-4753-9832-edb3c2b7e466,35c7eac7-4a89-422f-8119-a7d489e8da55,117d3245-f2e3-42a4-a199-824f2d4d54dd,6af4e4ff-ca94-4e88-a825-53c43b2b9d10,277172bc-295b-4d0f-a8b8-b4d959cba0bb,a5e307ab-2e31-455c-a29c-4d5b99580a9a,8c8ee209-ba4f-4160-b94a-f751b68dc51b,d3cc9aeb-7e16-4fb6-9d20-16b8f1391ec0,0fadecab-0e19-46cf-9a51-d43beff733df,50b5b1b8-a55d-4ec0-b110-177c6ca4c84d,12d22617-06e4-40b7-ba60-524b305a6530,e2931f65-9469-48ec-9976-ba7fd84215c0,b8099afe-1fe3-485d-a8fa-f5288b2a47ae,e0e47e8f-eb01-4a48-b02f-cb288a3ad43a,96087f22-4a57-4b73-a13e-153bc7b6a523,18314bac-3133-41b8-bd62-a3c0c929dd3e,eb419021-3293-49de-b6b8-8b025ea160c1,4d7716a7-1ada-440b-b542-df98ed896833,72a78108-4cd0-41f5-bb9b-4215effd7521,527db8f6-dddd-4e7a-8f84-f081f09fe924,d72737b0-220f-41d8-a4ff-9b94a97c2d95,05a4d17b-6bbc-42bc-9e4b-cbfd061336af,812975f7-d2a5-4b4f-b8c4-eb5c9a418c72,52853e5a-c8ba-4ce8-9875-8120bee89742,5a7fe04d-7598-4122-8fbc-4fabe95b15ff,0226a986-1efc-41e4-9384-efd7b05ce4aa,00231ac0-f821-43f8-871f-4f3b7e50fd34,20d35b2e-2997-48c2-a6e0-30320700bb0f,9aac2895-9937-4773-95c2-e2bcbc20a25f,7dbf8b44-ce6d-4e1b-8513-ed5796f00e01,b2c75140-07b4-45be-ada7-0f5e0bec0033,8f27b913-c9c6-4f4c-a07c-e5585fa7fb88,76503b4d-abf9-48b2-8ba4-64a54fbe2105,c79fdbb6-60b9-40eb-b08e-ab3e4870dfaa,1f834b5b-f0d1-42eb-9025-f8876e08d6e1,bbb0aaf9-89a9-4ec5-ab86-a4279e999347,61dec726-3ed1-42fd-b66d-2037dacb8ab5,081ffdc0-9c3d-456b-b315-13a50246f730,c97fd741-40fd-4835-b490-1cf48ee277dd,0d6202ec-dc77-4707-b2d9-d903d3467503","087ae5e7-4335-4d40-b797-73d8aa229fdb,08e8e32e-8ff3-4217-a81b-924b50c85086,918efcf0-8c6d-4a4b-9fc0-bda518ded9be,b037c224-8a66-4a7c-9a07-160bbeb1fa36",0735dbd9-c415-4710-b722-099a19bdf201,14b7348c-636f-4142-b5ed-eea92095ad44,e25042db-95c9-4d94-8fb9-209e9e96bb0a,https://github.com/louis-richard/irfu-python,https://raw.githubusercontent.com/louis-richard/irfu-python/master/docs/_static/logo-pyrfu.png,73b7fe8c-ee03-46eb-83d8-0ce77956245a
763e3b22-b9ac-4bee-b665-69d1acb70712,da38c24f-c972-4506-90bc-6ca75e9260ef,2015-04-18,ee990b81-8115-4ab4-8a7f-68a4d0bb345d,"41b75885-3a61-44f4-a3bd-4c87a816ebbb,9a3c53c1-e376-40de-89ac-503be6c1fb7b,52da8ed1-f691-46f3-9827-6800e0e0bfd7,174996c2-882a-45fa-9f6c-96d197c8d78a,215b60c1-31b5-4b38-a0b0-91c8ae383348,dfb6b6ed-8e16-4225-88be-a5c0616acfa5,fa83ef07-cbd2-45d4-85ab-f6a42c6af06b,ba6a73e7-cc4a-41bc-90fb-00af495b032f,7cf41c31-47a1-49ce-8559-a625ebde8679,67f13ba7-3040-4c00-a95a-ccbfd3f4f1d3,c0bd22b0-52ab-4c6f-a8bc-0c24f3171cbf,6da5dfda-f960-4571-88e3-5cc658f87128,71352468-ff1c-481b-8f2e-a6b3e6c00f1b,aa6a47a3-8dd1-498d-9834-0847162d6c28",,,pysat,"0f9e38b8-cf06-4e1c-acd7-221fde477c26,04ac34c6-5c16-4236-abec-6799ad4a8c69",https://doi.org/10.5281/zenodo.1199703,6da27935-be37-4680-99d9-77504e438cb5,"pysat, the Python Satellite Data Analysis Toolkit, is a Python package and framework for science data management and analysis across disparate space-science data platforms. It provides a consistent `Instrument` interface for finding, downloading, loading, cleaning, managing, processing, and analyzing time-indexed scientific measurements, with support for pandas and xarray data structures, metadata handling, orbit/day/file iteration, and custom processing functions. The core package supplies reusable I/O, metadata, file-management, orbit, constellation, and coordinate utility APIs, while the broader pysat ecosystem provides plug-ins for public scientific datasets and analysis workflows, including NASA, Madrigal, CDAAC, model, mission, and space-weather packages.","Pysat is an easy to use interface to manage all aspects of space science, from beginning to end. This includes downloading, loading, managing, processing, and analyzing satellite and related data.","ab45d6f4-403d-4528-9246-d2139db5bc72,d21c5d29-21ba-4288-bec0-8c077ac15aec,4ed73ccc-e12a-4009-aa2c-e40ea4c0c84a,e9bb1c0d-d4c7-4be7-be51-e3f8328be466,758dab69-cb35-477f-86c0-ed52606e335b,d8c3ac85-6e38-4ec9-baa6-a037b9b16d18,cfa01ea5-1be6-40fc-b8f0-96c1a866c7e0,1dacbe62-8d60-4a7e-a1d8-ea0feba270b0,0d73637b-dd27-411b-bc6e-8dc424c51a6f,d4136ce2-345a-4011-beaa-456eda820556",https://pysat.readthedocs.io/en/latest/,"2dc72a39-f07b-41cd-a57e-5e00d3a98448,6b85306a-52cc-458a-be04-5c7d82442038,f41b8719-b3de-47f9-b753-6a13c2bf61dc,6480ff1c-f70f-4b8b-a70a-327bcc158f99,ed7e1c95-acef-423b-82bf-43ad6c78f333","bbfd3b11-634d-4d28-8644-c12600811b6d,ab231ba2-0ccf-4cb3-b77a-94f1aee06296,fa1963cd-6a16-49e8-abae-a8db46658b40,40f6b676-efcd-4081-b495-41af7370a073,7c439c97-4f6f-436f-be9a-dbb99341124b","c459a631-8b02-4cc1-b546-c3ee0c7e19b9,40f6b676-efcd-4081-b495-41af7370a073",25b5bc68-71f8-44d8-8216-009adffb2fc3,b15ae3ac-bcfa-41d3-8097-8d990bb3035b,,29d7a7e6-bc1c-44eb-b0ff-bb460ae348ee,"d59c6796-a938-4b20-8ce5-3f9382d41eac,387d9dcb-827f-4e0c-887f-3d10d51284f5,bc97966b-f24c-4952-bc8b-b917594247e1",d7f050b7-b557-445d-a0c5-1d89918a915e,"1deefae3-ade4-414e-b586-7b015772ec14,515dae73-68bc-4030-8008-20c9eef5a01c,757ff86d-708f-4f2d-8782-71ab39af4ab9,a93f49d5-6203-4f64-8d77-18c74a53f7a8","ab6ae3c5-c2df-4742-a396-96d6cf69fcb0,eea8a4c8-cf70-4b4d-858e-79568f436994,35c7eac7-4a89-422f-8119-a7d489e8da55,933cfc5f-58e8-40be-99f4-1312da10296e,117d3245-f2e3-42a4-a199-824f2d4d54dd,a7a5a0f3-fe98-4804-940d-8de3ab725e90,c8de4ad3-1e94-421f-a3f8-8823f174b3f1,a5e307ab-2e31-455c-a29c-4d5b99580a9a,581dfedd-a42c-4c8a-8a83-e2fcad5c43ff,a06141be-91d4-4b51-b597-7dab3213178a,e0e47e8f-eb01-4a48-b02f-cb288a3ad43a,17cc1190-514d-4a82-8483-2c3137e34ba9,be23c95d-5265-48aa-8b90-54320ec84ee2,1bb6ca8f-8a69-4bb8-ac4e-a7ac7f5ffd4e,641d7ce2-271e-4984-8004-fee81fd78fbb,52d2d215-9d6d-4a53-9e45-2a93eba544cb,72a78108-4cd0-41f5-bb9b-4215effd7521,467425d2-4e22-4151-ad17-bc97e3c0d8bd,542b4a5d-5028-4fdd-8f6f-b69546e3373c,4d6a1fcb-4a48-4bb8-ac16-e47941708b4f,58d6c388-0654-49ca-935a-19e2fc7efe74,da460356-759d-4e35-9b12-f9154027ecd7,7dbf8b44-ce6d-4e1b-8513-ed5796f00e01,b2c75140-07b4-45be-ada7-0f5e0bec0033,00306798-badf-492d-86a0-06dc929cc690,cff2bf61-81e0-4f96-bb6b-ac5521a98f3a,ac7f6b94-db19-4b56-9cea-8df0981fd0a5,61dec726-3ed1-42fd-b66d-2037dacb8ab5",,"ef9504bd-7cc2-4521-8981-bce9a0d20ff5,f85df312-07f3-434c-a3ce-b5716c3f570c,a99e075f-0c1d-4b44-b20d-473b195ba66a,79ca0247-3a58-4da7-85d0-05e781b2a5fb,e1f6f6e7-407e-4e36-a7aa-34f0a0b245a5,eb78dad1-bd82-4504-b0e1-1b02e17cfb6f,b75d6027-5d26-4dc4-9d02-3c49cabc965d","d18ce23b-38dd-4f8d-8669-9fbf78219595,f0cba0ab-d37c-48b0-9eca-959476b762f8,f1208fed-2de2-4de4-82a4-cc743236f009,ec0686b9-e659-484c-859d-2bf3bf1ea4cd,85a8bd4b-2fbe-4977-867a-fd7fe5747f40,d093f002-e155-46ce-bcdb-cff9d09357d4,ed8a7a1a-63b3-408a-97f4-caf7b9ca42b9,a4e07475-572f-48db-b2e7-5d59ea194465,9678da82-2203-4d29-9b84-cbab7d820b83,7ac0a685-6b1f-4469-85d5-3398cfab1fa6,1e7a4ba5-a5be-47ef-9415-d567e906b3ee,d5a4780e-bb5f-4a1c-8ce0-641a66110ac5","c14a860f-8c9e-417e-b06b-8709aaa36102,2d670657-eaad-46f8-9128-4ceb4d044bd0,d40495ad-974a-4889-ad82-03d9f9bf4551,cce1ddeb-a82f-44b3-ae8a-4e8737aca5ba,616d4bff-b91f-4565-b589-a399c4f8fa5c,7eff6858-2b98-433b-95b6-de11563bb12c,de5e1b91-3280-47eb-976f-55d19b5af289,931009e7-1480-4de8-82a1-379e58f4af5f,6c2c1ea4-9588-4f38-ae6b-6235a3f9426e",https://github.com/pysat/pysat,https://raw.githubusercontent.com/pysat/pysat/main/docs/images/logo.png,"73b7fe8c-ee03-46eb-83d8-0ce77956245a,7d073440-38e0-4f33-9e88-4d3ed2f9ed7e"
9188840c-25ba-4ec8-b8c3-d32413aaf7a0,"b36db5d9-bb03-41a8-a606-da018371d891,dde8f37b-2532-479f-8927-e9dd12d726a8,da38c24f-c972-4506-90bc-6ca75e9260ef",2016-02-15,ee990b81-8115-4ab4-8a7f-68a4d0bb345d,"fa83ef07-cbd2-45d4-85ab-f6a42c6af06b,71352468-ff1c-481b-8f2e-a6b3e6c00f1b,9a3c53c1-e376-40de-89ac-503be6c1fb7b,174996c2-882a-45fa-9f6c-96d197c8d78a,bac6bfa0-d1f3-477c-ab87-ee6e878119a7,9bf6c170-e45e-40dc-9af1-e86261f9ecb2,41b75885-3a61-44f4-a3bd-4c87a816ebbb",,,pysatCDF,8df2d4e9-17fb-47f4-ae70-83fa204a2ff4,https://doi.org/10.5281/zenodo.1217180,,"pysatCDF is a self-contained Python reader for NASA's Common Data Format (CDF) files. It uses standard and extended Fortran CDF interfaces to load CDF files into Python. The package provides simple, robust access to CDF data and simplifies adding instruments to pysat. It includes the NASA CDF libraries and supports reading CDF files, accessing variable data and metadata, and exporting data to pysat data and metadata format.","Python reader for NASA CDF, includes CDF libraries.","758dab69-cb35-477f-86c0-ed52606e335b,e9bb1c0d-d4c7-4be7-be51-e3f8328be466",https://github.com/pysat/pysatCDF/blob/main/README.md,,ab231ba2-0ccf-4cb3-b77a-94f1aee06296,7c439c97-4f6f-436f-be9a-dbb99341124b,"25b5bc68-71f8-44d8-8216-009adffb2fc3,2e6c3834-d2fc-42f5-9528-b7fe7081845a",,,,"d59c6796-a938-4b20-8ce5-3f9382d41eac,387d9dcb-827f-4e0c-887f-3d10d51284f5,bc97966b-f24c-4952-bc8b-b917594247e1",d7f050b7-b557-445d-a0c5-1d89918a915e,"1deefae3-ade4-414e-b586-7b015772ec14,515dae73-68bc-4030-8008-20c9eef5a01c,757ff86d-708f-4f2d-8782-71ab39af4ab9","2a391fb5-43e2-46c4-8515-1c7b6017b6ac,26280f9f-9c08-4b72-acd2-fe27eea943bf,e0e47e8f-eb01-4a48-b02f-cb288a3ad43a,c7832fde-8d0a-489a-87ae-b65ce7d5efd2,4d6a1fcb-4a48-4bb8-ac16-e47941708b4f,183a7933-6a30-4a11-9999-967589bd2faa",c8d23903-28fe-407f-a643-279fe761d261,c8d23903-28fe-407f-a643-279fe761d261,,,https://github.com/pysat/pysatCDF,https://raw.githubusercontent.com/pysat/pysatCDF/main/docs/images/logo.png,
82f57fc4-357f-49d3-af4b-e8bfb0a35210,da38c24f-c972-4506-90bc-6ca75e9260ef,2016-10-11,ee990b81-8115-4ab4-8a7f-68a4d0bb345d,"e96a9a04-5a81-4458-83a0-7b4ddd94c1bf,e4e0a206-e0d2-4121-ba3f-675964f4f777,4e53ded9-d000-4c61-bacb-b4c85f1e9cad,54e74b2e-292f-4284-844c-430babadbb67,a4311539-b94a-437a-8ba3-484d2b02407a,5819efb0-3fb9-4e98-95f2-5b14c49d7f68,b434374c-df1e-4feb-baaa-5262d8dd19ad,d771942a-124c-4016-9e1a-bbc90578fac1,9618af77-ecc1-420b-84b7-731e9e4d7000,91271e26-8c69-450d-9428-546ead9807fd,88a34c1d-7084-4822-9313-52bd15051759,d2f8f0cf-4b38-4a40-a262-6173918a0419,9a924e21-ef83-42d1-8c85-603ce085e43c,743031b1-1270-4800-a74b-a26ba7e18331,44646662-cbdc-4f9e-9e8d-325cc6694a68,33ec499b-344d-47af-9efa-9f6ae26eb15b,e5fef452-b3fb-4b1a-84c3-c0e6a59eab8c,194a9ebd-1960-4d0e-98da-896ffbbff822,c38c0e5a-a6d5-4a0f-a737-ab1635295a42,9bf176e1-07ac-4e04-9cdc-ac37826c473d,38dc6f6f-e53f-49c5-935d-4f37dc5c1145,0682a315-5931-4412-b4a7-d5ac7eb040db,f1a71008-9826-4e81-a1b7-ab866b6ed755,495087f9-d7da-4715-af09-62500dd6a65f,cb70d994-8f5f-4975-9bd1-aea1c29d1fc2,9d4f43e9-cc58-4b6d-b76c-2185dad007ca,a9498c4c-07b5-44c4-960c-e03d14627f42,6cd42351-454a-4896-b635-72cd08b930f6,b35afae4-a71f-48bc-8f5c-ef0b51293bd0,26a535fa-7ec6-4289-b24d-d4b721d1acbc,83be1bd8-e308-46dc-bd46-f4e707318ed5,1dda677d-a612-4545-85a1-358f37035de9,abd88a2d-311f-4f15-95cb-2092bcf98ae9,1c746133-ef84-4392-8a6f-255c520657b4,a14c1c6b-0a08-4369-9602-c799e2519696,2aac5205-34d9-40e8-8f37-d24c0dfc5c52,991bd921-f77b-477c-9913-54919afdb72f","1a7f7f70-bd4b-4c90-a042-c6728aef662b,c73e6d20-c59c-453d-9c01-43ed317a6363,7ea19a28-c946-47e1-ad3b-9c0f4f61aec3,e894b9f8-003b-483f-a616-80ee3650b8dd,fc23f5e1-3bf8-4cdc-b140-7fa6c24ed684,7f330409-66b8-439b-9dba-c8e878b6a20e,5afec4ca-2fc1-4902-a25f-41973326dd4e,dd78f1b4-0c38-488f-af5a-1ee93464f41e,53151ef0-db77-420d-b317-13a3b07955a3,9c72aab7-e6e6-4635-8c80-0674e9a939c1,3c1dec0a-82a4-44d0-b6bd-142ca7f30a89,91eb35bf-6af0-4bda-88b3-281ba426bb33,bfc76aa9-edf5-41c4-9428-819aee187ae3,9de10b5c-8e9d-405f-80ea-f26349988d1c,97b3c689-d261-4a4e-8be9-b7cc16c922bb,f9721852-acc7-4166-bc71-965a94be9d43,9a2cb9ab-c53d-4e11-bd4f-fe432f8949b6,49e72ca0-f13b-4b51-9259-62d32e48ada8,892dceb2-fe3d-471f-8d9e-348ab1a7e8a8,4ceb4732-be97-4c91-90f9-3a069e474ef0,391c8fa2-75b6-4340-83d6-3d69fdc1a30c,dd358c64-d8b3-49d7-8802-bdca2c4f637d,5878999d-bb54-4ced-855c-9ff4bf8dc292,c15a092e-ac40-4b62-81a9-b28e9f99841c,42bac13a-3975-466b-8185-ef996dfa4a8f,2cf65ed8-7804-4d89-89c3-89ccaffcf7b7,90969a68-d9e0-430e-af64-bbbe28454314,1b8e3e55-f9ff-403e-8806-4ef34a00616e,ff042648-b415-48e2-acb2-7afa1fa6a89c,a2b22140-a254-4999-b5d6-556ff95ea8eb,fd1b0d43-c7c6-4401-9a15-82985ddea773,8606420c-e0a9-4624-8a42-3f6885d0ba46,d27256ed-3f3d-48db-bcc6-66188b0425e5,904278e3-8d48-4bed-8761-2f836bf9aaf9,f8d608f1-ba37-4582-ab81-6c2a3f16a667,7de307f1-2b8c-4d3f-9d29-0366fe6d3e7e,c82fdeba-70a6-4755-b2d2-17f7026c89da,9db2b3cb-2685-4a9b-8da4-3e02df82e2dd,c474acd6-c5bf-42d3-82f0-f1444bd18b6a,17b5a366-2796-4515-8cf0-6442187dc2cd,53f315b2-c7e3-497f-b0cf-8358553f12e4,549e53a4-cabf-437d-b573-5e9625332a5d,ace471d4-7317-4476-a29b-bc0b18e69436,fc0ff5fd-78a8-430b-9d48-ab05b8b77cd2,374b52c9-a50a-4630-beea-ca7dffad9675,ef74c459-0b87-4776-ba7e-d70c0e09b3c8,5307d770-75a7-4215-88e6-be1987c64820,05d237ad-eb6b-4963-a950-9fd87d73583b,56592867-1fea-4618-9ac1-6468ce02fbc6,e5318d57-fc5a-4759-85f7-103ad6515b91,edd9d890-51af-4364-badf-57716daefecf,d6de6409-f5f4-4bd6-979b-fff6913dec0d,0669a36c-afcb-492a-9814-f9e2b91ef005,49a6bf1d-afa2-41cd-ada5-108cc3a45a2e,6eee8792-e625-4f35-b57c-86df34663610,1b67f5fa-c87a-4c17-bfca-4d578bc7f4db,6fdcc06d-0bac-4779-843b-4f45253b5839,54b4545c-85ad-4ca3-a3e2-6833f2511bfe,778498b5-0566-4f54-9aa0-efee689d6a7a,6f1fa94d-4f43-44ac-a7d8-99e5fe11bc91,87031932-979f-48e5-9a05-d7ff5443761a,30f2343f-527c-4b63-8f64-8257c89ceca9,9a73432e-30d3-4622-9e60-57bdaa645514,ac8cdd39-9680-4d14-8203-2962ec7dc718,7f75b534-6160-4433-849a-43f7751516ad","a05cc869-0558-46ff-a54c-07be8a4a4974,d092d05b-4472-4b75-b52e-86e0935a8b12,d07193e6-efc7-4ca9-9525-a4572d04e768,e55f5d31-59a9-4dfc-93d0-00129472c5c8,b1ad4c50-3ac2-4f65-8803-10c60eda8b5a,ac9a5f12-3bb3-45fc-b267-855462301072,4dafb6d6-f787-4eac-b065-5e16df59b844,d8d3eecd-c89f-453d-ae28-480bcb1005ce,27ac4a69-f9d7-413d-8b28-d80a4b6840d1,4299d57b-e2f9-443d-a8d3-eacd2d6b8638,9b8b0e9a-a15e-4464-8601-3394b14b4ad0,5874fbfb-0c21-4a1f-8c2e-af5734bd7068,7f7b9c7d-d7fd-4e5b-ba35-e68b531fa000,8a5f3f9d-f9b6-49f3-b604-9522c7f8109b,7a486701-640f-4d8e-8c5a-6188ed8bbc62,43c659fb-52a2-4079-b48c-ae76365c59eb,4a9e1a36-e029-4939-996f-fc5173f3a61b,59ec055d-482f-4047-a56d-254ec86a9f8c,986262f6-8991-4831-a0a6-3445a063c0d1,70d1426a-bff7-41c9-9905-76837fefc198,c2dfb46c-ef69-465b-a1b7-380e38b7d67d,87e34d7c-7dd0-4a4a-9f3f-adc3bc26562f,aa253089-d3c4-4d5c-a84e-58c9b1ac2758,e49699f5-8ba7-4b37-a71c-42063554706e,720f7a0b-fd58-47bf-93c7-c5c5105f7d5b,3bd775db-b0cf-4a9c-ad9b-79498c3fe7b3,914b5b58-6a02-4c73-9838-39a926373f9e,133e1589-91f2-435f-a3fe-236bc101b4ec,317d38cf-96d9-4ba3-93cd-4ab1aafd1d9c,a08ff0b8-23ee-4ba6-82d4-5ecb46203501,af2d2f7a-38b6-4fe4-93fa-2f14c21c1421,47765cc9-78d2-40e2-b19b-2957fb904d31,28732268-536a-4d86-9753-bf56de745218,c1ff2740-f6a0-436b-a345-89a9fe2424f2,46f96c49-c46c-47fa-9610-f546813e7abc,f9632d0e-10e4-4695-b44c-4f110d494512,26339745-8c88-4046-a7ba-8197c9c51614,b484f54d-0930-41dc-abab-fd5059c44f34,0fc494e3-4127-4006-b151-ff038d429ec9,2176b9eb-4809-435b-9a59-d163aa814691,cc3e6278-124c-48ae-bbad-8b76f2f3f00b,ceeef0d2-cc36-45a8-bdfe-3a7f65916568",PySPEDAS,562c9277-7b80-4181-9e8c-b698e7bbafdf,https://doi.org/10.5281/zenodo.17634923,870bd59b-02f8-4767-be97-b8b7502fe420,"The Python-based Space Physics Environment Data Analysis Software (PySPEDAS) framework supports multi-mission, multi-instrument retrieval, analysis, and visualization of heliophysics time series data. PySPEDAS provides a unified Python interface, modeled on the IDL SPEDAS toolkit, for loading data from more than 35 space- and ground-based heliophysics projects. It includes coordinate transformations; particle distribution analysis; wavelet and wave polarization analysis; magnetic field modeling and field-line tracing; multi-spacecraft analysis; neutral sheet, magnetopause, and bow shock models; the embedded PyTplot framework for time-series management and plotting; and access to CDAWeb, HAPI, SPDF, ISTP, mission-specific, and cloud data sources.","Python framework for multi-mission heliophysics data retrieval, analysis, and visualization, with coordinate transforms, field models, and particle-distribution tools.","ab45d6f4-403d-4528-9246-d2139db5bc72,4a30e300-583d-47dc-bfb8-b0268c888710,89b29179-7fba-456e-b4ed-5ff5b548be18,1f890d25-4f74-4166-b2e5-76d3367bb5d6,c3303537-97d2-4aa3-b598-a7de40814d85,d21c5d29-21ba-4288-bec0-8c077ac15aec,06bdcf26-0423-45d4-8cd0-71a1dd49dfa3,491665b2-0491-4982-9975-8e6a27105089,4ed73ccc-e12a-4009-aa2c-e40ea4c0c84a,9852ca3f-b8fc-4665-a990-465072ec4379,0bab13c3-3184-4b50-8c8c-a946028c48c9,e9bb1c0d-d4c7-4be7-be51-e3f8328be466,1dacbe62-8d60-4a7e-a1d8-ea0feba270b0,cebf9575-00b1-45bd-a386-fcbef4f589f3,e1c9ec4f-63c6-40bc-b9ab-de70189bd83a,758dab69-cb35-477f-86c0-ed52606e335b,23f6e865-3668-4fa2-9aa9-92bbf9781f10,7a337ffc-8338-4601-b136-33d929292a8d,8a197010-e950-47eb-a917-1e549d5411c1,416ec91f-b16f-4a11-8ee5-151133b9dabb,d8c3ac85-6e38-4ec9-baa6-a037b9b16d18,0691c3a9-a02f-4de3-9a1c-965782ddbef9,cfa01ea5-1be6-40fc-b8f0-96c1a866c7e0,91de6864-bad3-4365-ac0f-c9c5c89661f9,8fc506b2-4e32-4ee3-88b9-8ace51d980e3,76c9ed80-50ea-41fb-9e17-c488430fd00f,402bf733-9d89-4602-b9ee-6e530d1b2836,9ba5be4d-a4db-4145-80cc-9c006d68a219,f92b9d24-16c1-4faa-9f43-9bb951d76380,a85c510d-76d1-4c75-9b81-7ae13a36dd30,8b47109e-5f73-4edc-8668-9c4f738684c6,5ec2f6e7-b28e-4a24-952c-0f24f6bce1b4,8c0bddc9-a3dd-4877-bc63-57d58b354551,29cb514d-8259-4df4-833f-4e6631cd65e1,555161bf-13d6-4909-b2d5-6c87d584de24,2f488d8c-dd92-4deb-bad8-7377d1d12b48,841774c2-77c6-4111-af03-b5c2ac3d8bba,d4136ce2-345a-4011-beaa-456eda820556,ff3b7502-07f2-4652-95bd-692557553cdb,7e6ed025-dbdb-446a-b6de-6ea964042972,05e06b15-ceb0-4623-a9c9-98ad6ec4ef49,0db96bcc-ca00-41b3-9cc5-32ea93d27c12,475f62e3-13dd-48a4-a01c-508cb306d7ca",https://pyspedas.readthedocs.io,"2dc72a39-f07b-41cd-a57e-5e00d3a98448,ca51f084-1a32-458e-8ca9-5c1c49a0b227,ba7b6ccf-3c5d-409e-aaac-55e4110c8066,4e9099cf-0072-4807-8a5d-f4d03a06f09f,6b85306a-52cc-458a-be04-5c7d82442038,6480ff1c-f70f-4b8b-a70a-327bcc158f99,52d87dcc-8113-4f4f-9ff4-83cbd2f11bba,ed7e1c95-acef-423b-82bf-43ad6c78f333,52af0f1d-3ca9-4362-b10e-f4ae4d69eddc,a0b26285-8ffa-48e5-b0a9-18c8661340f7,7ffc59a8-b2ab-41fd-8cfa-8ca72bb58d1a","bbfd3b11-634d-4d28-8644-c12600811b6d,ab231ba2-0ccf-4cb3-b77a-94f1aee06296,fa1963cd-6a16-49e8-abae-a8db46658b40,c2883e1a-c97e-4dd0-a9ed-7dad7293bb3e,31039da9-c899-438c-ab18-da9733541f12,c459a631-8b02-4cc1-b546-c3ee0c7e19b9,102561e0-8fd0-4084-b4a5-f7e0f36eda03,40f6b676-efcd-4081-b495-41af7370a073,7c439c97-4f6f-436f-be9a-dbb99341124b","bbfd3b11-634d-4d28-8644-c12600811b6d,fa1963cd-6a16-49e8-abae-a8db46658b40,7c439c97-4f6f-436f-be9a-dbb99341124b",25b5bc68-71f8-44d8-8216-009adffb2fc3,,,29d7a7e6-bc1c-44eb-b0ff-bb460ae348ee,"d59c6796-a938-4b20-8ce5-3f9382d41eac,387d9dcb-827f-4e0c-887f-3d10d51284f5,bc97966b-f24c-4952-bc8b-b917594247e1",eef6c156-35b4-433f-8d6d-2c3b5005347d,"1deefae3-ade4-414e-b586-7b015772ec14,d99a68c9-4fde-417c-8c00-8f7a56c6eaa3,1810173f-7493-429d-a279-ab30822f1ba1,c8168919-8394-4690-96c1-f686edbaaba5,5424f843-b398-4bc0-bd43-d26371959315,515dae73-68bc-4030-8008-20c9eef5a01c,9d76b632-af2e-4300-bffb-dadf0bf4fbf5,ceb2430a-fc5b-4425-aa58-d5de2836a0ee,ab8390b8-312d-4c69-b1bd-54993d31dbe4,757ff86d-708f-4f2d-8782-71ab39af4ab9,1a7d7021-eaa6-4c0a-a144-e47cafa7b3ec,c7b4385f-af5a-4e71-9879-43b11e356cf1,a93f49d5-6203-4f64-8d77-18c74a53f7a8,efeb129a-3fbc-4117-8799-abc003aa4219","a34c3b78-fac0-45c2-94c4-da38e7f364de,a41c721a-1ef3-4d95-8892-81e53bd183d9,d5da21d4-3bd2-4a0d-8915-9e6af47c53de,e6975d71-2a58-4656-883d-c7d7f1b5bac3,db94b20c-8649-4aa1-af5c-2f3b7be1f047,158dfa57-4adf-4b97-8c3e-ca5face9b71a,c1251819-ceb2-4e79-a3b9-de161ef85627,2a391fb5-43e2-46c4-8515-1c7b6017b6ac,f3a530ef-a3e1-4e9a-b7fc-587f21fd0250,56765abf-02a4-4104-99d0-96ad61a95823,7ac1911c-a4e4-4263-a188-f72b2232d928,35c7eac7-4a89-422f-8119-a7d489e8da55,117d3245-f2e3-42a4-a199-824f2d4d54dd,6af4e4ff-ca94-4e88-a825-53c43b2b9d10,732d6095-85fe-4b0c-a45e-af2a3b797680,1d4fdf94-a85a-448e-be83-c5dfa24d45dd,3be5059d-b41a-411f-8011-062c103b91f2,a3c32918-fcfe-4670-823d-4679ed5ed6ae,e8a76664-634c-4698-9535-b1f234842baf,f4f0731f-fbb1-49d7-8cc4-e8b1b63037de,61701154-2e95-47c4-b101-38508a224a95,ded41705-3a2e-4124-ada8-441b9c2e3c1c,c8de4ad3-1e94-421f-a3f8-8823f174b3f1,a5e307ab-2e31-455c-a29c-4d5b99580a9a,a0958e6d-62f3-452b-b282-113b08403a58,ac090fad-af67-46bf-8e8a-122f4d432f95,caffa93f-c1bf-41b9-a24d-4eca6c41646d,a06141be-91d4-4b51-b597-7dab3213178a,50b5b1b8-a55d-4ec0-b110-177c6ca4c84d,615d7079-6f78-48d7-9f5b-7d1f2e9244cf,f16c99d6-9693-4b36-8251-fda5b06acacd,29d44742-2730-40c8-b1df-3f5826593339,e0e47e8f-eb01-4a48-b02f-cb288a3ad43a,7df2cea1-ddd0-44ab-95b5-9df4435597b5,96087f22-4a57-4b73-a13e-153bc7b6a523,18314bac-3133-41b8-bd62-a3c0c929dd3e,817fb6c6-4a49-4a30-b9c2-31edec30dcf2,641d7ce2-271e-4984-8004-fee81fd78fbb,48822c03-ef13-4a69-936f-edb06d4dea15,bcc881d3-86d1-4776-a5fc-2af976de0f07,57b83f14-84cc-4bd2-9c79-359fa3399d25,527db8f6-dddd-4e7a-8f84-f081f09fe924,467425d2-4e22-4151-ad17-bc97e3c0d8bd,3a5fea24-1496-4efd-86c5-8445c8cf0597,4d6a1fcb-4a48-4bb8-ac16-e47941708b4f,676235ec-7cc6-420a-9aa3-3c6f817d14f9,f1951c41-caf3-4c18-9cfe-4b013bd56a38,173a0a3b-1fe4-45c3-9f3e-f8557765603c,c0cd3f2a-24f3-4ff2-9c28-ee03de6212d0,da460356-759d-4e35-9b12-f9154027ecd7,5da972d8-3b26-4d16-bad1-41d06ddf20a9,9ef246ca-94e3-439e-8cb5-99e6fb432bc2,89ac1236-d27e-48d4-bed0-9dd239b93856,7dbf8b44-ce6d-4e1b-8513-ed5796f00e01,a0bcc826-5d43-47fa-84b9-08c3bb65b8ef,b2c75140-07b4-45be-ada7-0f5e0bec0033,00306798-badf-492d-86a0-06dc929cc690,cff2bf61-81e0-4f96-bb6b-ac5521a98f3a,c79fdbb6-60b9-40eb-b08e-ab3e4870dfaa,dbfc52db-2a28-44e7-8515-6bc5c8db9ac5,e0e82ae3-c718-4a0a-a802-3886b0782894,1b15b720-159a-46af-a09f-68ecfc6c7e36,6d7d46b4-a174-4d49-b070-295ba41b4e1d,d7b30d6c-b700-4372-8be3-2623ce607af9,da6087fe-fa8d-4253-b3da-ed76f7332796,c97fd741-40fd-4835-b490-1cf48ee277dd,0d6202ec-dc77-4707-b2d9-d903d3467503","3c46eb2f-7072-40ea-b0ac-ab654bfd6fee,3a3324f5-47cc-4f73-9607-1ed6976377b8,bcf339e5-5c91-42e6-bdbe-7d41d2454a70,afbf803c-b6f1-48bd-bc3c-9a84f5f45a80,b3745379-4991-4a97-b632-e267c34746d7,2b91c7ef-3605-4169-aaf4-d5472c1cce37","3c83bf56-6b18-445a-ab05-aaec755d3d9e,4139ec71-ce86-4902-a231-8c7c5098508a,3a3324f5-47cc-4f73-9607-1ed6976377b8",a4e07475-572f-48db-b2e7-5d59ea194465,"6df8b4d4-8874-48f1-9d28-adff1f97b35b,9c84fc24-d881-4694-bfa4-eb0e66217949,483628fd-437f-41f5-a74e-a4c6ca480883",https://github.com/spedas/pyspedas,,"82801102-0270-4fbc-ae73-24afeda2d299,7d073440-38e0-4f33-9e88-4d3ed2f9ed7e,754b7219-9dc1-4d74-9918-c5f1c0947192,73b7fe8c-ee03-46eb-83d8-0ce77956245a,5e6ea23a-9318-4ad7-bb98-197591c4312c"
9de35b9b-704e-4cf3-b580-fff54b9ede15,da38c24f-c972-4506-90bc-6ca75e9260ef,2021-11-17,ee990b81-8115-4ab4-8a7f-68a4d0bb345d,74b3ece2-dc52-4e1a-b5fa-8bfc8cd12014,"48a695d5-dd48-4090-bcfe-ec236546019e,1ea1de5b-3388-4aa4-8465-2f7f366804b3,d4667602-876a-4724-ac05-6804e1d040c9,52a551fa-ebba-4879-afc0-935517170246,f3ec5f96-8082-4994-9121-53e2190b0f57,0912e11d-48b4-41e4-8ed6-0cb4717d620c,a95e3651-206a-4e54-877e-3683ced89673,356c4ae3-29e7-4d07-8735-289b9cbbc95e,3d0e0cf3-30e1-44b3-b381-0ee68d745848,3dc1463c-fa92-487e-ab89-e2925521027b,ca3c6bf2-d0ce-4e56-a8f1-3b4b09ee8dc5,c9a59b7e-af0a-4320-a3a7-ee5572320a16,cb71c5d2-ea3b-45e9-b2e8-91998292cfd5,02b9cca5-b25e-4f47-b6db-e1988316aef0,2e0ec05f-a145-4c75-bf70-9a37a7cb5fa1,c0b5c2e3-9a17-4070-b15e-30fdd3e3ddd2,8e6b7fbe-25bf-4248-899f-197c990e2ca6,0fa3eeb8-ca70-484d-9205-d03be0d29223,50ead696-acf3-4219-af4c-da1edf521f16,ae1d0d74-af91-41ee-9d35-1834e551ccf1","317d38cf-96d9-4ba3-93cd-4ab1aafd1d9c,47765cc9-78d2-40e2-b19b-2957fb904d31,7e18bdee-4686-4ba8-b3c3-eef1e7fbc02e,28732268-536a-4d86-9753-bf56de745218,c1ff2740-f6a0-436b-a345-89a9fe2424f2,86c66725-423e-4f23-b146-51eb8e59c117,828c4a41-6753-4682-a5a6-8f6fb9c9fa92",PyThea,9d20ae73-c1bb-4600-9867-f6e579ee3a12,https://doi.org/10.5281/zenodo.5713659,765707a2-0ecb-42a9-9f14-8fdffe0a4eeb,"PyThea is an open-source software package that can be used to reconstruct the 3D structure of Coronal Mass Ejections (CMEs) and shock waves and determine their kinematics using remote-sensing observations. The tool implements the Graduated Cylindrical Shell (GCS) model that can be used to reconstruct CMEs and two geometrical models, namely a spheroid and ellipsoid model to reconstruct shock waves. It also implements remote-sensing observations from multiple viewpoints such as the Solar and Heliospheric Observatory (SoHO), Solar Terrestrial Relations Observatory (STEREO), and Parker Solar Probe. Imaging data from the Solar Dynamics Observatory (SDO) and Solar Orbiter are also supported.",PyThea is an open-source Python package that reconstructs the 3D structure of coronal mass ejections and shock waves and determines their kinematics from multi-viewpoint remote-sensing observations.,"ab45d6f4-403d-4528-9246-d2139db5bc72,75fcec59-681d-48be-95ee-b2454aab57b4,078c2195-93b7-4811-b103-ea857710faf7,1f890d25-4f74-4166-b2e5-76d3367bb5d6,d21c5d29-21ba-4288-bec0-8c077ac15aec,e9bb1c0d-d4c7-4be7-be51-e3f8328be466,9852ca3f-b8fc-4665-a990-465072ec4379,6e1dbfec-913f-4d9b-9a3f-e8a2b7f82540,d8c3ac85-6e38-4ec9-baa6-a037b9b16d18,1dacbe62-8d60-4a7e-a1d8-ea0feba270b0,4ed73ccc-e12a-4009-aa2c-e40ea4c0c84a,cfa01ea5-1be6-40fc-b8f0-96c1a866c7e0,76c9ed80-50ea-41fb-9e17-c488430fd00f,402bf733-9d89-4602-b9ee-6e530d1b2836,a85c510d-76d1-4c75-9b81-7ae13a36dd30,5ec2f6e7-b28e-4a24-952c-0f24f6bce1b4,24ce2de6-0be7-448f-b5cd-b7f5b21a056c,ff3b7502-07f2-4652-95bd-692557553cdb,1ca1fc54-e093-4328-ae77-6d6726270bad,05e06b15-ceb0-4623-a9c9-98ad6ec4ef49,475f62e3-13dd-48a4-a01c-508cb306d7ca,0db96bcc-ca00-41b3-9cc5-32ea93d27c12",https://www.pythea.org/en/latest/,"6b85306a-52cc-458a-be04-5c7d82442038,6480ff1c-f70f-4b8b-a70a-327bcc158f99,ed7e1c95-acef-423b-82bf-43ad6c78f333,2b69ca1c-3268-42ea-ab90-607b8600a014","bbfd3b11-634d-4d28-8644-c12600811b6d,b82cd96d-8243-41d9-b015-03436704cdbf,102561e0-8fd0-4084-b4a5-f7e0f36eda03",102561e0-8fd0-4084-b4a5-f7e0f36eda03,25b5bc68-71f8-44d8-8216-009adffb2fc3,"33eb4856-f67c-498a-b2b3-dd1b2d0b3df4,479843ab-6208-4836-9b2e-bd21b0a94182",,29d7a7e6-bc1c-44eb-b0ff-bb460ae348ee,"d59c6796-a938-4b20-8ce5-3f9382d41eac,387d9dcb-827f-4e0c-887f-3d10d51284f5,1948d1db-6e7d-4733-ae68-15fa57b8238b,bc97966b-f24c-4952-bc8b-b917594247e1",0e565a36-a0dd-44aa-84b5-e19fbfdeefd8,"a93f49d5-6203-4f64-8d77-18c74a53f7a8,bd3cc8f7-af8f-45be-88c3-494f3a7512ad,757ff86d-708f-4f2d-8782-71ab39af4ab9","745ebe69-08e8-4075-a6f5-d368c1c5ddf0,b5c68956-cc9e-4b7e-85f4-0bc5312205e4,737c48fe-9cb7-43ac-a4b1-b7e8f4ab6b74,24c866be-7e3b-4f71-958a-ecf9260b07e2,c8de4ad3-1e94-421f-a3f8-8823f174b3f1,4d6a1fcb-4a48-4bb8-ac16-e47941708b4f,c0cd3f2a-24f3-4ff2-9c28-ee03de6212d0,644614e2-c3d6-4741-a921-b74be24d693a,00231ac0-f821-43f8-871f-4f3b7e50fd34,bca84a17-1bf6-426c-8404-cc80ae987ead,cec9a378-2a97-4b96-b361-63cec170ce48,89ac1236-d27e-48d4-bed0-9dd239b93856",af4cf289-8ac7-4f83-9cd2-9195b17961c6,"6adbc9ed-08bd-4401-b1eb-cbff28736f9e,c16d2f32-a431-4ac8-8863-f667fa851438,50bc64f8-e667-4dce-82ef-82f9ae9ff551,26b66268-73c5-4169-be1f-cec0b5fe3e33","8e3350ef-76e3-4a63-93f6-8cecfad3b9b4,a4e07475-572f-48db-b2e7-5d59ea194465","295eb333-38f3-456f-a05a-4cda6a5abf1e,54188328-6bdf-45dd-b831-f51aa4008361,1b450570-2ce6-4876-981a-4ead37fd5e51",https://github.com/AthKouloumvakos/PyThea,https://raw.githubusercontent.com/AthKouloumvakos/PyThea/master/docs/logo/pythea_logo.png,"82801102-0270-4fbc-ae73-24afeda2d299,e85b749e-5788-425a-8952-8fc9a329216b,754b7219-9dc1-4d74-9918-c5f1c0947192"
20aeb28e-66c8-4695-a722-89a7f807c795,"b36db5d9-bb03-41a8-a606-da018371d891,da38c24f-c972-4506-90bc-6ca75e9260ef",2009-12-29,974802bb-aabb-4985-9e95-6463c41146c8,08ab7612-7a68-41ee-bb8e-65b277bc2fc3,,,python-magnetosphere,1bb8c0a8-e807-4639-a657-dccf38f4bd7d,,,"The magnetosphere package is a collection of useful libraries for Earth and Space scientists, providing three main modules. The igrf module offers methods based on the International Geomagnetic Reference Field (IGRF) version 11, including functions to calculate the geomagnetic dipole moment, L-shell and geomagnetic field intensity, Earth's magnetic field vector components, and the smallest magnetic field strength on a field line through field-line tracing. The cxform module provides coordinate transformation capabilities, allowing users to transform Cartesian coordinates between various coordinate systems commonly used in space physics, including geocentric (GEI, J2000, GEO, MAG), magnetospheric (GSE, GSM, SM), and heliospheric (HEE, HAE, HEEQ, GSEQ, RTN) coordinate systems. The rigidity module calculates cosmic ray cutoff rigidity at various altitudes, determining the minimum particle momentum required for cosmic rays to penetrate Earth's magnetosphere at a given location. The IGRF wrapper and rigidity module were developed by David Parunakian at the Skobeltsyn Institute of Nuclear Physics, while the coordinate transformation functionality is based on CXFORM, an IDL/C library originally written by Ed Santiago at LANL and maintained by Ryan Boller at NASA/GSFC.","Python package providing IGRF magnetic field calculations, cosmic ray cutoff rigidity analysis, and coordinate transformations for space physics applications.","ab45d6f4-403d-4528-9246-d2139db5bc72,ff3b7502-07f2-4652-95bd-692557553cdb,d21c5d29-21ba-4288-bec0-8c077ac15aec",https://github.com/dpq/python-magnetosphere/blob/master/README,,,,"25b5bc68-71f8-44d8-8216-009adffb2fc3,2e6c3834-d2fc-42f5-9528-b7fe7081845a",,,,"d59c6796-a938-4b20-8ce5-3f9382d41eac,387d9dcb-827f-4e0c-887f-3d10d51284f5,bce9a3d4-389b-46d5-ba60-a1df3eaf6547,bc97966b-f24c-4952-bc8b-b917594247e1",0e565a36-a0dd-44aa-84b5-e19fbfdeefd8,"1deefae3-ade4-414e-b586-7b015772ec14,515dae73-68bc-4030-8008-20c9eef5a01c,757ff86d-708f-4f2d-8782-71ab39af4ab9","56765abf-02a4-4104-99d0-96ad61a95823,21991143-0622-4f5f-a416-95bbc102bd42,71671520-b0b5-4f09-b4b3-62cc4ce68cec,a0359da0-9355-4217-b653-1e485c7658ea,d67d2052-c84d-4212-a291-dc1630f3215e,454eb6e3-dc16-4d6b-8300-a7db856bd0a2,fcef540a-15b3-4025-9b76-c8220cf6df46,c8de4ad3-1e94-421f-a3f8-8823f174b3f1,caffa93f-c1bf-41b9-a24d-4eca6c41646d,b8099afe-1fe3-485d-a8fa-f5288b2a47ae,e0e47e8f-eb01-4a48-b02f-cb288a3ad43a,b2c75140-07b4-45be-ada7-0f5e0bec0033",,,,,https://github.com/dpq/python-magnetosphere,,
d9a43a8e-0ad0-448f-8915-d9bb66d9e508,da38c24f-c972-4506-90bc-6ca75e9260ef,2018-06-25,ee990b81-8115-4ab4-8a7f-68a4d0bb345d,"dd77b0be-c31d-4319-a8d4-1ee118c9dbc7,aaa64689-9f80-4707-99fa-9ecf9384a05f",,,PyZenodo,1f2d02af-2123-475d-bdbb-a513a31d7c65,https://doi.org/10.5281/zenodo.3239431,,"PyZenodo, distributed as the `pyzenodo3` Python package, is a pure Python wrapper for the Zenodo REST API. It provides a Python 3 interface for interacting with Zenodo records, including functionality to search Zenodo by query, GitHub repository, or DOI; retrieve record/version metadata; prepare Zenodo metadata from `.ini` files; and upload files to Zenodo depositions. The package includes a `--use-sandbox` flag to avoid cluttering Zenodo with test uploads during development. PyZenodo is useful for researchers who need to programmatically deposit datasets or inspect Zenodo records as part of their data management workflows.","Pure Python wrapper for the Zenodo REST API that enables programmatic record search, metadata retrieval, and file upload.","d21c5d29-21ba-4288-bec0-8c077ac15aec,e9bb1c0d-d4c7-4be7-be51-e3f8328be466",https://github.com/space-physics/pyzenodo3,ed7e1c95-acef-423b-82bf-43ad6c78f333,7c439c97-4f6f-436f-be9a-dbb99341124b,"102561e0-8fd0-4084-b4a5-f7e0f36eda03,7c439c97-4f6f-436f-be9a-dbb99341124b",25b5bc68-71f8-44d8-8216-009adffb2fc3,,,,"d59c6796-a938-4b20-8ce5-3f9382d41eac,387d9dcb-827f-4e0c-887f-3d10d51284f5,1948d1db-6e7d-4733-ae68-15fa57b8238b,bc97966b-f24c-4952-bc8b-b917594247e1",,"1deefae3-ade4-414e-b586-7b015772ec14,515dae73-68bc-4030-8008-20c9eef5a01c,a93f49d5-6203-4f64-8d77-18c74a53f7a8","bbd193e0-c22a-4c1d-a787-3efaa787c893,5fb17ea3-b3a7-4c76-b772-177c5074a510,e0e47e8f-eb01-4a48-b02f-cb288a3ad43a,06430940-3033-489d-9e86-f798d492ff54,bca84a17-1bf6-426c-8404-cc80ae987ead,0db63d22-841f-42b0-a116-28714069344f","cca8cebb-11c7-4ce9-a81e-bcf4dd72f12a,e52617d4-1942-4e75-9b21-1117926379ce,996c401b-65b0-4808-95ae-609622f42fa8",,,,https://github.com/space-physics/pyzenodo3,,
e126690a-c368-4677-892e-116126ea8c8a,"1af99bfc-2061-4583-9cf3-33df280a7ea8,da38c24f-c972-4506-90bc-6ca75e9260ef",2015-06-02,ee990b81-8115-4ab4-8a7f-68a4d0bb345d,dd77b0be-c31d-4319-a8d4-1ee118c9dbc7,,,ReesAurora,6a683ab1-a983-43aa-ab13-955ed11f67ec,https://doi.org/10.5281/zenodo.595438,,"Rees-Sergienko-Ivanov model of excitation rates, relevant to auroral optical emissions. This physics-based model simulates auroral electron precipitation and ionization processes in Earth's ionosphere. The model is designed for electron energies in the range of 100-10,000 eV and uses the MSISE-00 atmospheric model to generate O, O2, and N2 densities. It calculates the ionization profiles and volume emission rates as a function of altitude resulting from primary electron precipitation on the neutral atmospheric background. The model is based on work by Gustavsson and Brandstrom (AIDA_TOOLS) and implements the approach described in Sergienko and Ivanov (1993).","Rees-Sergienko-Ivanov model of auroral excitation rates and ionization profiles for electron precipitation in Earth's ionosphere (100-10,000 eV range).","ff3b7502-07f2-4652-95bd-692557553cdb,05e06b15-ceb0-4623-a9c9-98ad6ec4ef49,475f62e3-13dd-48a4-a01c-508cb306d7ca,d21c5d29-21ba-4288-bec0-8c077ac15aec,4ed73ccc-e12a-4009-aa2c-e40ea4c0c84a,d8c3ac85-6e38-4ec9-baa6-a037b9b16d18,76c9ed80-50ea-41fb-9e17-c488430fd00f,402bf733-9d89-4602-b9ee-6e530d1b2836,a85c510d-76d1-4c75-9b81-7ae13a36dd30",https://github.com/space-physics/reesaurora,,c2883e1a-c97e-4dd0-a9ed-7dad7293bb3e,c2883e1a-c97e-4dd0-a9ed-7dad7293bb3e,25b5bc68-71f8-44d8-8216-009adffb2fc3,"2ec3bc76-e2ee-4d40-9c7f-245bf5f807ea,0c33517c-6226-4023-8eaa-29f528e01bb4",,,"d59c6796-a938-4b20-8ce5-3f9382d41eac,387d9dcb-827f-4e0c-887f-3d10d51284f5,1948d1db-6e7d-4733-ae68-15fa57b8238b,bc97966b-f24c-4952-bc8b-b917594247e1",,1deefae3-ade4-414e-b586-7b015772ec14,"7b964481-b454-48dc-9ea6-79bf5b1e5f92,158dfa57-4adf-4b97-8c3e-ca5face9b71a,e4a41949-ea68-44e0-97f5-b5defb0bd7eb,d2bc892c-45d4-4357-8b33-68ccf9b08440,349385c0-fde6-4f5c-8d5b-032c34157624,a06141be-91d4-4b51-b597-7dab3213178a,bbd193e0-c22a-4c1d-a787-3efaa787c893,a2db8b31-bcfb-4670-87c6-a0583a47ece4","3bf4e95a-a19f-42a2-a390-6427c7c05606,a9948db3-b004-4501-b0a5-13933aa92f47,6a29ffe1-b902-42d0-ab3b-86ac0ae7bc7e","15b2b5c4-74ab-4302-bca8-ec89ec347850,75274f40-edc0-4391-a3da-324d7469d212,585072f1-a1cf-4f4e-94ac-f18f56388660,4139ec71-ce86-4902-a231-8c7c5098508a,19d9586a-52ab-4136-923f-b5ef6710293e",,,https://github.com/space-physics/reesaurora,,
ec808735-972e-41e7-8549-a96d93881e26,da38c24f-c972-4506-90bc-6ca75e9260ef,2022-12-02,ee990b81-8115-4ab4-8a7f-68a4d0bb345d,"0142a50e-03fd-4949-93fc-2e08feee0c12,ab09132c-4a4c-42af-87ff-292f937bd79a,f5f21e0b-7ffe-478f-a45b-e79ef6f4d9f6,5543956f-39bf-41cf-8fe6-4ab41d39ee7b,78ff69d9-bf68-4060-bf18-ec33407566ae,56a5e659-736c-4e6e-8fa9-4601633eaeac",,96167296-ee92-4657-aea6-d19a582887d4,regularizePSF,c798e46f-d362-4432-9398-048d0361f7b3,https://doi.org/10.5281/zenodo.7392170,617c644e-3577-4774-80a4-d04a9e8e1eef,"A Python package for manipulating and correcting variable point spread functions. The package implements a technique for regularizing spatially-varying PSFs in astronomical imaging data. It allows users to correct images observed with slowly varying PSFs and transform them to have a target PSF, improving image quality and enabling more accurate scientific analysis. The technique uses Fourier-domain methods and includes tools for star detection, PSF modeling from stellar cutouts, and visualization utilities.",A Python package for manipulating and correcting various point spread functions.,"d21c5d29-21ba-4288-bec0-8c077ac15aec,4ed73ccc-e12a-4009-aa2c-e40ea4c0c84a,9852ca3f-b8fc-4665-a990-465072ec4379,6e1dbfec-913f-4d9b-9a3f-e8a2b7f82540,d8c3ac85-6e38-4ec9-baa6-a037b9b16d18,76c9ed80-50ea-41fb-9e17-c488430fd00f,402bf733-9d89-4602-b9ee-6e530d1b2836,ff3b7502-07f2-4652-95bd-692557553cdb,f7b38a8f-3117-49a5-89b2-a66930c7ca4b,e886b84a-8504-4387-866b-560f26ed847e",https://regularizepsf.readthedocs.io/,,"b82cd96d-8243-41d9-b015-03436704cdbf,c2883e1a-c97e-4dd0-a9ed-7dad7293bb3e","b82cd96d-8243-41d9-b015-03436704cdbf,c2883e1a-c97e-4dd0-a9ed-7dad7293bb3e",25b5bc68-71f8-44d8-8216-009adffb2fc3,617c644e-3577-4774-80a4-d04a9e8e1eef,,29d7a7e6-bc1c-44eb-b0ff-bb460ae348ee,"d59c6796-a938-4b20-8ce5-3f9382d41eac,387d9dcb-827f-4e0c-887f-3d10d51284f5,1948d1db-6e7d-4733-ae68-15fa57b8238b,bc97966b-f24c-4952-bc8b-b917594247e1",563dce4b-b082-4496-aa0c-174abd23aa39,a93f49d5-6203-4f64-8d77-18c74a53f7a8,"973ce4a6-0802-4670-8b20-0f1056b2c273,e0410248-2b43-4409-9866-f22870ead9b5,846623f5-14dd-40dd-8cc4-91d8c9ee3340,c6ecaebb-d59a-4e35-a55a-c762268f4494,bf78ea45-9c53-42ab-96b1-db056b12c2c9,35c7eac7-4a89-422f-8119-a7d489e8da55,93bb8b49-d2d7-40f4-a5e4-967df20e6171,c210a733-c77f-409f-9999-f20441eb3e40,52853e5a-c8ba-4ce8-9875-8120bee89742,9df024d6-d208-4e63-9d4e-00deeb71802e,a9a4116e-3e4f-4cb7-8497-eba59e49fbbb,0cd449b1-882e-4c73-95e4-38409d5b2ef3,53595745-bdd9-4a84-9d41-a3b0f8bf83ff,46c19dcd-c9c5-418d-be0d-b30db4b8ce2e,89ac1236-d27e-48d4-bed0-9dd239b93856","175c0df4-eb7f-4c4e-9577-89a2093b9c92,2f00ccab-7678-45fe-b484-a503fa550243",effeecf3-6017-4522-93fd-bc390125afb4,a4e07475-572f-48db-b2e7-5d59ea194465,03ab3ee8-fbc6-4a4e-a2da-da87a6c2d5ab,https://github.com/punch-mission/regularizepsf,,
063b5195-7e46-4b16-a45c-25393fb8675f,"648cfb34-470e-47b6-a1ba-b543e90e21ac,f6635932-7453-4b3b-9322-9c1b18147056,da38c24f-c972-4506-90bc-6ca75e9260ef",2016-01-08,4e21003d-f26f-4877-b31e-6d96ac0baf66,"8808102f-baf1-4b61-8b11-115c298b1bcf,5b4d14ea-012b-4db9-956a-fd3a77277af3,7c2caad1-b39d-48e9-89e3-438b590a6316,bf68e7ca-b8e2-4f98-b789-3d2f7a93262c",,"de3a4ff9-b8da-40e8-9651-7fb4dee89f33,720f7a0b-fd58-47bf-93c7-c5c5105f7d5b,efaf0382-a404-4432-8a85-9c0b86a2e9d3,28732268-536a-4d86-9753-bf56de745218",RHybrid,06dd5cad-7b47-44c3-9713-968b4506ac8c,,2fd22572-1267-444e-998a-cc42fdf24973,"RHybrid (paRallel Hybrid) is a parallel C++/MPI kinetic plasma simulation model platform for the solar wind and plasma interactions of celestial bodies. The RHybrid code is originally developed at the Finnish Meteorological Institute. The RHybrid code is distributed under the GPL v3 open source license by the Finnish Meteorological Institute.

RHybrid implements the quasi-neutral hybrid approach: positively charged ions are modelled explicitly as kinetic macroparticles moving under the Lorentz force, while electrons are treated as a charge-neutralizing fluid. Because the ion velocity distributions are not prescribed in advance but evolve self-consistently, and because any number of ion populations with different masses and charges can be followed at once, the model resolves the ion finite-Larmor-radius and multi-species effects that shape the plasma interactions of planets, moons, comets and exoplanets.

The code is compiled as a simulation module of the Corsair parallel simulation platform and builds on the ParGrid parallel grid, the VLSV parallel file format and the Zoltan library, which partitions the domain and balances computational load between MPI processing elements. Simulations are configured from ASCII run configuration files that define the Cartesian grid, the intrinsic magnetic field (dipole, quadrupole, line-dipole and hemispheric profiles, with optional mirror dipoles), resistivity profiles, gravity, the Hall and electron pressure terms of the electric field, and any number of uniform, solar wind, flow, ionospheric and exospheric ion populations with Chamberlain, exponential, power-law or published body-specific neutral profiles. Example configurations are provided for Mars, Venus, Mercury, a comet, a localized magnetic anomaly, and idealized 1D, 2D and periodic test setups.

Output consists of VLSV state files holding the electromagnetic fields and per-population plasma moments (number density, bulk velocity and temperature, ion charge density and current, electron velocity and pressure term), optional macroparticle data, reduced and cell-strided state files, ASCII main, field and per-population log files including particle and energy escape rates, and ASCII records from configurable virtual detectors placed at coordinates read from a file. Bundled Python and shell tools post-process this output using the Analysator library: 2D pseudocolor slices and MP4 movies, log-file plots, point time series, interpolation along a spacecraft trajectory, derived variables, test particle tracing, and conversion of VLSV files to VTK XML. SLURM batch scripts are included for running both the model and the post-processing on HPC systems.

RHybrid has been applied to the solar wind interactions of Mars, Venus, Mercury, the Moon, comets and exoplanets, and to Earth's dayside magnetopause, and is used to interpret in situ particle and magnetic field observations from missions including MAVEN, Mars Express, Venus Express, Solar Orbiter and BepiColombo.","RHybrid (paRallel Hybrid) is a parallel C++/MPI ion-kinetic hybrid plasma simulation platform for the solar wind and plasma interactions of planets, moons, comets and exoplanets.","ff3b7502-07f2-4652-95bd-692557553cdb,25f0a6a8-ec49-4827-8d6f-b4524c237475,475f62e3-13dd-48a4-a01c-508cb306d7ca,d21c5d29-21ba-4288-bec0-8c077ac15aec,416ec91f-b16f-4a11-8ee5-151133b9dabb,1dacbe62-8d60-4a7e-a1d8-ea0feba270b0,758dab69-cb35-477f-86c0-ed52606e335b,06bdcf26-0423-45d4-8cd0-71a1dd49dfa3,cfa01ea5-1be6-40fc-b8f0-96c1a866c7e0,4ed73ccc-e12a-4009-aa2c-e40ea4c0c84a,d8c3ac85-6e38-4ec9-baa6-a037b9b16d18,76c9ed80-50ea-41fb-9e17-c488430fd00f,402bf733-9d89-4602-b9ee-6e530d1b2836,9ba5be4d-a4db-4145-80cc-9c006d68a219,e808c21d-338f-411a-838f-be0ce95700b5,a85c510d-76d1-4c75-9b81-7ae13a36dd30,0e94fdda-aba0-468e-87c6-f8943010c7f1,5ec2f6e7-b28e-4a24-952c-0f24f6bce1b4,27c3e41e-8134-42d2-92f3-b444682fc369,6ec2b9b4-0793-4c08-91c1-2bb2dce44a7a",https://github.com/fmihpc/rhybrid,,"bbfd3b11-634d-4d28-8644-c12600811b6d,7c439c97-4f6f-436f-be9a-dbb99341124b","bbfd3b11-634d-4d28-8644-c12600811b6d,7c439c97-4f6f-436f-be9a-dbb99341124b","777b21b2-8113-4126-bd7b-41566c66022e,2e6c3834-d2fc-42f5-9528-b7fe7081845a","d12cba81-8b04-4c46-95db-e36c346fd7d7,67b913ce-b47c-415e-b9e2-4c14d3b6d2d4,915a897f-ed9d-4967-bf37-56ded8263662,d22092ff-4dbc-4942-b513-c5c17157ee8c,2bbeae74-201f-4f20-b3a4-c0985c21c205,c2d92c55-7fa2-430c-94b9-5cdf67befe35,ba079e63-9dcc-466e-bbb5-1262f32a2a1e,e5860002-1324-473a-a8c7-1f9fc6b152f6,ba7b6fa1-98e9-45a1-aa2f-8368b205437f,a4384f48-7d57-4ad8-986b-5a8ab8acd105,f0167dee-5130-45a3-8cbb-a35facaa27d5,7a607f5b-9dde-46dd-8f70-f2c6dad92658,edf9f7cb-ce3f-47a0-b517-825ab950c607",,29d7a7e6-bc1c-44eb-b0ff-bb460ae348ee,d59c6796-a938-4b20-8ce5-3f9382d41eac,0e565a36-a0dd-44aa-84b5-e19fbfdeefd8,"757ff86d-708f-4f2d-8782-71ab39af4ab9,efeb129a-3fbc-4117-8799-abc003aa4219,1a7d7021-eaa6-4c0a-a144-e47cafa7b3ec,c7b4385f-af5a-4e71-9879-43b11e356cf1,515dae73-68bc-4030-8008-20c9eef5a01c","6ce493f1-6018-470c-88d4-afe08a23cadd,20b129fe-4cd5-4ef2-97af-68388d41077c,45c2b1d5-369b-4545-9930-da80961d42b8,b2ff7b6c-c893-45b6-97d9-567068c7700b,598924f9-f2e5-4daf-90df-569ce2190c89,6feff9a7-d075-4f44-8d9b-633538a957b7,2156adbd-e836-4499-a585-bd623db3ee21,ed0c36d3-240f-477a-96b2-b32db7462083,e0e47e8f-eb01-4a48-b02f-cb288a3ad43a,da4818d3-1894-4f67-bd44-e1a299f4a9ca,56034b51-b478-42ad-868c-01201608f8ed,7d7c940d-b068-453c-89d0-6da71dc94cbb,193337a3-92a6-4e86-bc07-d9e58346e874,a2db8b31-bcfb-4670-87c6-a0583a47ece4,a3345da5-77ac-49e9-9acb-698f3fcc5560,291883aa-cb27-4618-972e-64e59631a187,467425d2-4e22-4151-ad17-bc97e3c0d8bd,812975f7-d2a5-4b4f-b8c4-eb5c9a418c72,00231ac0-f821-43f8-871f-4f3b7e50fd34,7bc60317-69e4-456b-bf9e-c197ffc183ef,7dbf8b44-ce6d-4e1b-8513-ed5796f00e01,b2c75140-07b4-45be-ada7-0f5e0bec0033,8f27b913-c9c6-4f4c-a07c-e5585fa7fb88,cff2bf61-81e0-4f96-bb6b-ac5521a98f3a,57c3f026-f558-4c74-865c-b033c5dafe94,ffa1df32-041c-47ab-8f4f-15fc7b6e7c3a",cbbaaea1-e368-457a-a7c0-ca778bdfd999,"12b2555f-e53c-4d65-8cf0-4a7dbc98f6d5,3ea45641-a908-4483-9e6e-f4941cea8e69,f30b4226-cedb-43d2-93bf-f72b35cb8c37,d10b1fbd-b454-4625-bc8e-88acabe8ea0b,f063dd65-cdd5-4180-a68c-6a056054101b",4b222312-4d70-4dbd-b2bf-4b9c5fddf368,44ae23c1-6496-4902-b550-9a228665310b,https://github.com/fmihpc/rhybrid,,73b7fe8c-ee03-46eb-83d8-0ce77956245a
d6fa3131-3ab1-48c9-bd8b-31c0461a9fb5,"dde8f37b-2532-479f-8927-e9dd12d726a8,e7b6f70a-487f-4038-a41d-ad7e39e06fb6,da38c24f-c972-4506-90bc-6ca75e9260ef",2022-11-03,ee990b81-8115-4ab4-8a7f-68a4d0bb345d,"52da8ed1-f691-46f3-9827-6800e0e0bfd7,dd77b0be-c31d-4319-a8d4-1ee118c9dbc7,ff3dedf4-eef8-4023-ad4a-a6b4bc8cdecc,9a3c53c1-e376-40de-89ac-503be6c1fb7b,dfb6b6ed-8e16-4225-88be-a5c0616acfa5",,,sami2py,a1ae344f-0bcc-40a2-afeb-8b1804a8a17c,https://doi.org/10.5281/zenodo.2875799,,"Sami2py is a python module that runs the SAMI2 model, archives the output, and loads the resulting modeled values. SAMI2 is a model developed by the Naval Research Laboratory to simulate the motions of plasma in a 2D ionospheric environment along a dipole magnetic field. SAMI2 solves for the chemical and dynamical evolution of seven ion species in this environment (H+, He+, N+, O+, N2+, NO+, and O2+). The implementation used here includes several added options to the original release of SAMI2, including the ability to scale the neutral atmosphere in which the ions form through direct modification of the exospheric neutral temperature for extreme solar minimum conditions, and the ability to input custom ExB drifts as a Fourier series.","Python wrapper to run, read, and plot the SAMI2 ionospheric model.","76c9ed80-50ea-41fb-9e17-c488430fd00f,ff3b7502-07f2-4652-95bd-692557553cdb,d21c5d29-21ba-4288-bec0-8c077ac15aec,758dab69-cb35-477f-86c0-ed52606e335b,e9bb1c0d-d4c7-4be7-be51-e3f8328be466,a85c510d-76d1-4c75-9b81-7ae13a36dd30,475f62e3-13dd-48a4-a01c-508cb306d7ca,d8c3ac85-6e38-4ec9-baa6-a037b9b16d18,85ebe5aa-8a3b-4c91-b2a6-78ca6d3aab90",http://sami2py.readthedocs.io/,,bbfd3b11-634d-4d28-8644-c12600811b6d,"40f6b676-efcd-4081-b495-41af7370a073,7c439c97-4f6f-436f-be9a-dbb99341124b",25b5bc68-71f8-44d8-8216-009adffb2fc3,"ee56c8d9-23d6-42c9-86fa-15132600fd94,86a5ca3a-269b-4046-9094-ee635fd6fd92,3c2a1678-5c36-4201-82e7-877d7db6b1d9",,,"d59c6796-a938-4b20-8ce5-3f9382d41eac,387d9dcb-827f-4e0c-887f-3d10d51284f5,bc97966b-f24c-4952-bc8b-b917594247e1",d7f050b7-b557-445d-a0c5-1d89918a915e,1deefae3-ade4-414e-b586-7b015772ec14,"a06141be-91d4-4b51-b597-7dab3213178a,8abdaeaa-9590-466b-8c90-dee3beeefc11,26280f9f-9c08-4b72-acd2-fe27eea943bf,4d6a1fcb-4a48-4bb8-ac16-e47941708b4f,ce4fbe62-bf60-4924-88c6-e3413fc872eb",,,,,https://github.com/sami2py/sami2py,,
fd58b98f-87d6-441b-bec8-aa79752f3c5e,da38c24f-c972-4506-90bc-6ca75e9260ef,2024-10-08,ee990b81-8115-4ab4-8a7f-68a4d0bb345d,"a8a9a142-cc76-4c71-88da-21f792c2d849,f1091b36-ab29-4673-a98c-59d995dd74ad,c3a4ae2a-061f-45a7-a0e5-987313eccc5f",,,sammi-cdf,2cec4a09-a878-4fdb-8a64-71051305dede,https://doi.org/10.5281/zenodo.14887800,,"A Python package to support metadata attribute management for Space Weather data processing pipelines. SAMMI (Shared Attribute and Metadata Management Interface) represents metadata requirements as layered YAML schemas: its `CdfAttributeManager` loads and merges global (file-level) and variable (measurement-level) schema layers in latest-priority order, then generates validated dictionaries of global and variable attributes that a pipeline embeds in its CDF data products. The bundled default schemas cover the attributes required for ISTP compliance, with additional layers for the CF, ACDD, and NASA GES-DISC metadata conventions; a mission extends or overrides them by adding its own layers rather than by editing the package. SAMMI also generates templates of the required attributes and per-attribute documentation, and its `CDFValidator` submits an existing CDF file to the SPDF ISTP validation service and returns the parsed list of compliance errors. Because SAMMI manages metadata only — writing the data file itself is left to the pipeline's CDF library — it can be adopted incrementally by any pipeline that produces CDF products. SAMMI is a SWxSOC project and can be used together with other SWxSOC packages or standalone; it is used in production by the SWxSOC core package and by the IMAP Science Operations Center's processing pipeline.",A Python package to support metadata attribute management for Space Weather data processing pipelines.,"d21c5d29-21ba-4288-bec0-8c077ac15aec,d8c3ac85-6e38-4ec9-baa6-a037b9b16d18,555161bf-13d6-4909-b2d5-6c87d584de24,d4136ce2-345a-4011-beaa-456eda820556",https://sammi-cdf.readthedocs.io,ed7e1c95-acef-423b-82bf-43ad6c78f333,"ab231ba2-0ccf-4cb3-b77a-94f1aee06296,c459a631-8b02-4cc1-b546-c3ee0c7e19b9,7c439c97-4f6f-436f-be9a-dbb99341124b","ab231ba2-0ccf-4cb3-b77a-94f1aee06296,c459a631-8b02-4cc1-b546-c3ee0c7e19b9",25b5bc68-71f8-44d8-8216-009adffb2fc3,"8cbf3be8-1669-4890-bae3-aaa91232e454,6c7b57ca-9bf2-41dc-9336-021cff82dc7e",,29d7a7e6-bc1c-44eb-b0ff-bb460ae348ee,"d59c6796-a938-4b20-8ce5-3f9382d41eac,387d9dcb-827f-4e0c-887f-3d10d51284f5,bc97966b-f24c-4952-bc8b-b917594247e1",11d25161-df7f-4f14-ac45-e687330b3251,,"5ecb60e4-74d0-4d1f-9052-984200bcc3b6,2a391fb5-43e2-46c4-8515-1c7b6017b6ac,fe03dc9e-3b25-47d0-bb6a-50f88f8548de,c888202b-7141-45ec-955f-4b7fa5729643,279396a8-c91d-45be-a530-c42b11050c0d,c8de4ad3-1e94-421f-a3f8-8823f174b3f1,50b5b1b8-a55d-4ec0-b110-177c6ca4c84d,17cc1190-514d-4a82-8483-2c3137e34ba9,bec83a8d-f4e5-4dae-8279-4aada5479d52,41bac1bc-25db-4de6-9a8d-22deb140be91,cff2bf61-81e0-4f96-bb6b-ac5521a98f3a,45a9794b-80c0-4dbd-88f4-115015aa921f,2d6ce044-2ef5-4cce-899f-4e50ad24cd79,c40db589-b006-48dc-97b8-8d190d9c1a51","ac8893f4-7a48-4e54-a66a-7bb24b738830,6f561b6a-6bc4-4fdf-87ff-ec1497bce635","6f561b6a-6bc4-4fdf-87ff-ec1497bce635,0fdac5ed-6fee-41b0-bde4-73cfa247b65d",,,https://github.com/swxsoc/sammi,https://raw.githubusercontent.com/swxsoc/sammi/e764c4c84d5e511799ffc47d446a76f17501b8a2/docs/logo/sammi_logo.png,
982c8a07-8ad1-400c-8842-2fb10ad69c21,da38c24f-c972-4506-90bc-6ca75e9260ef,2023-01-24,ee990b81-8115-4ab4-8a7f-68a4d0bb345d,28511e7e-ff94-4d46-ae25-22ce08add7ee,,,SAVIC,b3bcd985-3eb4-4a75-8625-3a2170ae3322,https://doi.org/10.5281/zenodo.8170235,,"SAVIC (Stability Analysis Vitalizing Instability Classification) is a Python package for predicting, quantifying and classifying ion-driven plasma instabilities in the solar wind. The software uses Machine Learning algorithms to decrease computational power requirements by several orders of magnitude compared to traditional dispersion solvers, providing instability properties for a given velocity distribution function (VDF) practically instantaneously. SAVIC combines three components: SAVIC-P (predictor of VDF stability), SAVIC-Q (regressors that quantify parameters of the most unstable mode), and SAVIC-C (classifiers that recognize the type of instability predicted for the given VDF). The software makes plasma stability analysis tools accessible to the entire community through a user-friendly environment.","ML-based Python package for predicting, quantifying and classifying ion-driven plasma instabilities in the solar wind, making stability analysis accessible to the community.","ff3b7502-07f2-4652-95bd-692557553cdb,d21c5d29-21ba-4288-bec0-8c077ac15aec,162d0da5-6fac-433b-b4dd-22a721788975,4ed73ccc-e12a-4009-aa2c-e40ea4c0c84a,62d9ee10-eb34-4270-9da6-a7025828f286,f180354f-b0ad-49db-bdd9-4304733943f2",https://savic.readthedocs.io/en/latest/,ed7e1c95-acef-423b-82bf-43ad6c78f333,c2883e1a-c97e-4dd0-a9ed-7dad7293bb3e,"fa1963cd-6a16-49e8-abae-a8db46658b40,c2883e1a-c97e-4dd0-a9ed-7dad7293bb3e",25b5bc68-71f8-44d8-8216-009adffb2fc3,dfe90b0f-565a-42d3-8807-b252ac730c74,,,1948d1db-6e7d-4733-ae68-15fa57b8238b,,"757ff86d-708f-4f2d-8782-71ab39af4ab9,a93f49d5-6203-4f64-8d77-18c74a53f7a8","a5e307ab-2e31-455c-a29c-4d5b99580a9a,788c1684-ee6d-40b5-a595-2147ce51c68a,ac4323d7-c0de-4c9a-8731-2ce1c606b2be,eb419021-3293-49de-b6b8-8b025ea160c1,68a3fdc1-db80-429d-955d-9a7ea0257917,812975f7-d2a5-4b4f-b8c4-eb5c9a418c72,7dbf8b44-ce6d-4e1b-8513-ed5796f00e01,75d7fe6a-4881-49e2-a6ec-1c2115feacaa",,,,,https://github.com/MihailoMartinovic/SAVIC,,
21326fa6-355c-4e2e-8c34-90a91eda0eb6,da38c24f-c972-4506-90bc-6ca75e9260ef,2018-03-16,974802bb-aabb-4985-9e95-6463c41146c8,dd77b0be-c31d-4319-a8d4-1ee118c9dbc7,,bd09f69a-64f8-485b-a5b7-a97dc896a090,Scanning Doppler Interferometer,ac3e707d-1171-45cc-982d-475f354d3653,,,"Load, parse, and plot Scanning Doppler Interferometer data from PI Mark Conde's instruments. This software package loads and plots scanning Doppler interferometer data, particularly focused on atmospheric wind measurements. The package supports reading both ASCII text files and IDL .sav files containing wind data (zonal, meridional, and vertical components with associated uncertainties) from Scanning Doppler Interferometer observations. The data is aligned geographically at the station location and includes time series measurements of wind speeds in meters per second.","Load and plot scanning Doppler interferometer data from PI Mark Conde's instruments, with focus on atmospheric wind measurements.","d21c5d29-21ba-4288-bec0-8c077ac15aec,d8c3ac85-6e38-4ec9-baa6-a037b9b16d18,cfa01ea5-1be6-40fc-b8f0-96c1a866c7e0,76c9ed80-50ea-41fb-9e17-c488430fd00f,a85c510d-76d1-4c75-9b81-7ae13a36dd30",https://github.com/space-physics/scanning-doppler-interferometer,6480ff1c-f70f-4b8b-a70a-327bcc158f99,"bbfd3b11-634d-4d28-8644-c12600811b6d,31039da9-c899-438c-ab18-da9733541f12",,25b5bc68-71f8-44d8-8216-009adffb2fc3,,,,1948d1db-6e7d-4733-ae68-15fa57b8238b,e30aeeb6-77d6-4994-a80c-320aa1222eab,1deefae3-ade4-414e-b586-7b015772ec14,"516292f8-0a07-4fb2-b8fe-3b6684a26d1f,a06141be-91d4-4b51-b597-7dab3213178a,eecc728b-21f3-4594-85f3-27c19f1fc832",,,,,https://github.com/space-physics/scanning-doppler-interferometer,,
c47c5638-d426-4868-ae04-bc993ab0c2e1,"e7b6f70a-487f-4038-a41d-ad7e39e06fb6,693b0fb4-4349-4a75-a951-6a6a190bc9a6,1af99bfc-2061-4583-9cf3-33df280a7ea8,da38c24f-c972-4506-90bc-6ca75e9260ef",2017-02-08,ee990b81-8115-4ab4-8a7f-68a4d0bb345d,dd77b0be-c31d-4319-a8d4-1ee118c9dbc7,,,ScienceDates,6202052a-43a8-48b3-807c-62504c42f6ac,https://doi.org/10.5281/zenodo.598255,,"Date & time conversions used in the sciences. The assumption is that datetimes are timezone-naive, as this is required in Numpy and other scientific libraries for numpy.datetime64. This library provides conversions between datetime objects and various scientific time formats including year/day-of-year (yyyyddd), decimal year, UTC seconds, and local solar time. It supports Python, with additional examples provided for Julia, Matlab/GNU Octave, and Fortran.",Date conversions used in the sciences.,"d21c5d29-21ba-4288-bec0-8c077ac15aec,cfa01ea5-1be6-40fc-b8f0-96c1a866c7e0,76c9ed80-50ea-41fb-9e17-c488430fd00f,a85c510d-76d1-4c75-9b81-7ae13a36dd30",https://github.com/geospace-code/sciencedates,,,,25b5bc68-71f8-44d8-8216-009adffb2fc3,,,,"d59c6796-a938-4b20-8ce5-3f9382d41eac,387d9dcb-827f-4e0c-887f-3d10d51284f5,1948d1db-6e7d-4733-ae68-15fa57b8238b,bc97966b-f24c-4952-bc8b-b917594247e1",,"a93f49d5-6203-4f64-8d77-18c74a53f7a8,515dae73-68bc-4030-8008-20c9eef5a01c,1deefae3-ade4-414e-b586-7b015772ec14","626c9361-b1dc-48ac-94d3-c716d053ec12,4e7115af-1b81-4ca7-b261-7940dd651ec8,000a211b-15df-4d6b-b679-daaf781b99bb,04e9fd40-f52d-4d9a-9bbd-639ae7b80e6a,bbd193e0-c22a-4c1d-a787-3efaa787c893,62a8dc50-3578-45ed-b5e3-b000f0f15ca8,e0e47e8f-eb01-4a48-b02f-cb288a3ad43a,7d626d0e-652a-4820-810f-c2a585d7d804,4d6a1fcb-4a48-4bb8-ac16-e47941708b4f,bca84a17-1bf6-426c-8404-cc80ae987ead,bbb0aaf9-89a9-4ec5-ab86-a4279e999347","acfdd22c-a6e0-4038-bbbc-a49c7154af60,585072f1-a1cf-4f4e-94ac-f18f56388660","15b2b5c4-74ab-4302-bca8-ec89ec347850,585072f1-a1cf-4f4e-94ac-f18f56388660,4139ec71-ce86-4902-a231-8c7c5098508a,42cd22d6-5a80-479e-ad18-7e8afc0c1afd",,,https://github.com/geospace-code/sciencedates,,
1b5fd49d-9131-46ee-b56a-70efbb1effe5,"77ac5f09-8feb-4d56-b97e-4c7a91361990,da38c24f-c972-4506-90bc-6ca75e9260ef",2018-12-15,ee990b81-8115-4ab4-8a7f-68a4d0bb345d,"34f94fb2-6cec-4c4f-8890-e5539c1f2226,376c816e-3eea-4ecd-b7bc-4fb3d7412002,77a38114-57a0-4489-b36b-e12cdd163923,d866fbe3-3385-4489-bb26-f7b0e61143cc,a417742f-8f4e-46ee-b076-bf37e1eaa02e",,,SciQLop,d8cfad53-b464-496a-8fc1-195f6e29c89e,https://doi.org/10.5281/zenodo.7379012,,"SciQLop (SCIentific Qt application for Learning from Observations of Plasmas) is a powerful and user-friendly tool designed for the visualization and analysis of in-situ space plasma data. Using SciQLop, users can access tens of thousands of products from major data archives worldwide, explore multivariate time series effortlessly with lightning-fast and transparent downloads, visualize custom products with simple Python code executed on-the-fly, easily label time intervals and make or edit catalogs of events graphically, and analyze data in Jupyter notebooks. SciQLop aims to be the right tool for exploring, labeling, and analyzing huge amounts of space physics data, and is also ideal for teaching space physics and in situ spacecraft data handling to students. More recent releases add opt-in real-time collaborative catalog editing, a signal-processing toolbox that operates directly on retrieved variables, per-project workspaces with isolated Python environments, and community plugins installable from a built-in App Store.",An ergonomic and efficient application to browse and label in situ plasma measurements from multi-mission satellite data.,"76c9ed80-50ea-41fb-9e17-c488430fd00f,d21c5d29-21ba-4288-bec0-8c077ac15aec,e9bb1c0d-d4c7-4be7-be51-e3f8328be466,a85c510d-76d1-4c75-9b81-7ae13a36dd30,5ec2f6e7-b28e-4a24-952c-0f24f6bce1b4,cfa01ea5-1be6-40fc-b8f0-96c1a866c7e0,402bf733-9d89-4602-b9ee-6e530d1b2836,29cb514d-8259-4df4-833f-4e6631cd65e1,4ed73ccc-e12a-4009-aa2c-e40ea4c0c84a,1dacbe62-8d60-4a7e-a1d8-ea0feba270b0,d8c3ac85-6e38-4ec9-baa6-a037b9b16d18,0691c3a9-a02f-4de3-9a1c-965782ddbef9",https://github.com/SciQLop/SciQLop/blob/main/README.md,"1bb94c8d-04ce-4f5c-b969-71daf6f8f649,2dc72a39-f07b-41cd-a57e-5e00d3a98448,6b85306a-52cc-458a-be04-5c7d82442038,ed7e1c95-acef-423b-82bf-43ad6c78f333,5be2f587-e3d9-4309-ad50-2019d9df35af","bbfd3b11-634d-4d28-8644-c12600811b6d,ab231ba2-0ccf-4cb3-b77a-94f1aee06296,fa1963cd-6a16-49e8-abae-a8db46658b40,c459a631-8b02-4cc1-b546-c3ee0c7e19b9",7c439c97-4f6f-436f-be9a-dbb99341124b,"addea8d3-582b-42c8-9144-cf59d80280f0,25b5bc68-71f8-44d8-8216-009adffb2fc3,2e6c3834-d2fc-42f5-9528-b7fe7081845a","40c63bc5-c952-45c9-b45c-afc38367fa91,c68cce95-8b9f-4b4a-8cf5-aae97093ac63,bb0bcd93-4711-4ea2-8f61-91225cc47952,e5ab8d38-bbdf-4645-84fa-4c6d6ee98679,723f3d63-8b84-43ab-b9d8-7cef3344e9d6",,29d7a7e6-bc1c-44eb-b0ff-bb460ae348ee,"d59c6796-a938-4b20-8ce5-3f9382d41eac,387d9dcb-827f-4e0c-887f-3d10d51284f5,bc97966b-f24c-4952-bc8b-b917594247e1",0e565a36-a0dd-44aa-84b5-e19fbfdeefd8,"515dae73-68bc-4030-8008-20c9eef5a01c,757ff86d-708f-4f2d-8782-71ab39af4ab9,c7b4385f-af5a-4e71-9879-43b11e356cf1","45051bdc-8e6a-446d-bbda-3cd23771cee3,6ce493f1-6018-470c-88d4-afe08a23cadd,5fbb1468-d89a-4e8e-a13f-74909229cf93,c1251819-ceb2-4e79-a3b9-de161ef85627,414b2ec1-970a-4e71-9c1e-3558d2eb6cd2,b43adce8-73c1-4753-9832-edb3c2b7e466,35c7eac7-4a89-422f-8119-a7d489e8da55,a7a5a0f3-fe98-4804-940d-8de3ab725e90,dae5d30f-2d46-4178-979f-bb8686f17272,df192e2e-7ff1-4c25-b4b9-0019c6b5faab,a5e307ab-2e31-455c-a29c-4d5b99580a9a,e0b1ae35-0794-430f-a89d-ace7f4e68d7f,f55269cb-ac4c-4b21-a4df-723eb43e932f,8b09573f-8aba-45f5-91b5-881d1895815b,e2931f65-9469-48ec-9976-ba7fd84215c0,ac4323d7-c0de-4c9a-8731-2ce1c606b2be,6f15480d-e2e4-4d35-8dd8-90f7fa64bb05,e0e47e8f-eb01-4a48-b02f-cb288a3ad43a,1bb6ca8f-8a69-4bb8-ac4e-a7ac7f5ffd4e,c06b69f5-304f-46cd-b567-a3a26bba6ad4,193337a3-92a6-4e86-bc07-d9e58346e874,467425d2-4e22-4151-ad17-bc97e3c0d8bd,812975f7-d2a5-4b4f-b8c4-eb5c9a418c72,52853e5a-c8ba-4ce8-9875-8120bee89742,e5800464-5e79-452c-ae05-32a31154525f,4d6a1fcb-4a48-4bb8-ac16-e47941708b4f,6ce2b383-b1ec-4b71-9eb8-b4f59b5bedbe,4524d9d1-83da-4c8c-8fe0-915c5f57f274,b5aa09a9-9577-4221-b67e-1070d2b4c569,a724b5fe-6a88-46a0-89b4-c5feace3d1c4,c50937ea-5a41-4812-8003-9042badf0c3c,1f629abd-fc09-4079-a895-d77de362d60c,b2c75140-07b4-45be-ada7-0f5e0bec0033,c79fdbb6-60b9-40eb-b08e-ab3e4870dfaa,191d033f-64ad-4945-8d6b-a162ae9161c9,61dec726-3ed1-42fd-b66d-2037dacb8ab5,ed75de78-084d-4f30-b861-a56324c4f5e1,9345919f-6744-4105-b4d4-fee8859f095b","03fa9f29-1623-4818-8092-4d6757d6848a,25fb0403-e4e0-4961-b8ba-9467b400e4ba,3df90d8e-aa8a-4ac1-92e0-cf67266daf5d,bdd36ca3-d71a-405d-8e65-70ddc6f1d1b8,55cb9394-0171-4507-a191-c2df7531985e","1a728651-6cb1-4d88-b846-0700de3e9775,03fa9f29-1623-4818-8092-4d6757d6848a,3df90d8e-aa8a-4ac1-92e0-cf67266daf5d,bdd36ca3-d71a-405d-8e65-70ddc6f1d1b8,55cb9394-0171-4507-a191-c2df7531985e","cf31bdf7-1fa2-4f13-9a2b-a8d5e94384c1,2e0a0336-fa43-4e30-8703-045a399491e6",,https://github.com/SciQLop/SciQLop,https://raw.githubusercontent.com/SciQLop/SciQLop/main/SciQLop/resources/icons/SciQLop.png,
6b9189ab-3bdf-4b2c-9d95-2a5b93e72f69,da38c24f-c972-4506-90bc-6ca75e9260ef,2022-02-06,974802bb-aabb-4985-9e95-6463c41146c8,93622cf0-4bce-4036-9f6a-f4fc47ee1a62,,,SkyWinder,4d19151d-d0dc-4b3d-8131-0aff0d0c682b,,,"SkyWinder is an open-source Python package useful for instrument control, telemetry, and image analysis. It is adapted from software that successfully managed flight control, telemetry, preliminary image analysis, and data visualization for a balloon-borne mission and it has broad uses for mid- and upper-atmosphere science instrumentation including aurora, cloud, and airglow imagers. SkyWinder will save future aeronomy experiments significant time and money, and lowers the barrier to entry in analyzing data hosted in public available repositories.

Our software consists of two distinct parts: the flight and analysis modules. The SkyWinder flight package includes modular distributed flight control including telemetry and subsystem coordination for running mobile aeronomy experiments such as balloon-borne payloads, airplanes, sounding rockets, and suborbital reusable launch vehicles (sRLVs), as well as isolated semi-autonomous ground instruments. The SkyWinder analysis software provides functionality more broadly useful in neutral upper atmosphere dynamics, such as pointing reconstruction, image projection, preliminary image processing, and various image analysis techniques.","An open-source Python package for instrument control, telemetry, and image analysis for mid- and upper-atmosphere science instrumentation including aurora, cloud, and airglow imagers.",,,,"bbfd3b11-634d-4d28-8644-c12600811b6d,7c439c97-4f6f-436f-be9a-dbb99341124b","bbfd3b11-634d-4d28-8644-c12600811b6d,7c439c97-4f6f-436f-be9a-dbb99341124b",25b5bc68-71f8-44d8-8216-009adffb2fc3,,,,"d59c6796-a938-4b20-8ce5-3f9382d41eac,387d9dcb-827f-4e0c-887f-3d10d51284f5",d7f050b7-b557-445d-a0c5-1d89918a915e,1deefae3-ade4-414e-b586-7b015772ec14,"b545900b-03ff-4ce4-9b1c-38ccfde1d10d,2033f602-c828-46f5-8b11-b0b7c82e04ab,158dfa57-4adf-4b97-8c3e-ca5face9b71a,2feb19da-ac99-4318-978a-ca6cc75868ff,27a4ac6f-2585-45fb-9724-f319bf968173,85f0af6b-4960-4865-b91a-32b99df28d81,b429ef22-474f-4467-852a-18f2d209b3ec,c210a733-c77f-409f-9999-f20441eb3e40,0fadecab-0e19-46cf-9a51-d43beff733df,26280f9f-9c08-4b72-acd2-fe27eea943bf,d72737b0-220f-41d8-a4ff-9b94a97c2d95,e304e99c-a1e8-4b31-b12b-a07e8e703ea9,cee755e9-ca0c-4074-bcce-f457b5121b49,c2262f18-b5e2-48b8-8682-f9cf5a087d31,b95cabe0-b5f4-4fd0-895f-2a335f560048",,,a4e07475-572f-48db-b2e7-5d59ea194465,,https://github.com/PolarMesosphericClouds/SkyWinder,,
181726f7-b361-4d04-8235-15729283791d,da38c24f-c972-4506-90bc-6ca75e9260ef,2021-06-16,974802bb-aabb-4985-9e95-6463c41146c8,"0cb453e6-fd34-4e1a-b819-2c20a2671849,b8efa25e-6853-4dd6-9faf-a64f218a94a1",,,Solar-Forcing,,,,"Solar-Forcing is a Python package for generating solar forcing datasets for the Community Earth System Model (CESM). It produces two kinds of forcing input. The first is medium-energy electron precipitation forcing: it retrieves the GFZ Potsdam Kp/ap/Ap/sunspot-number/F10.7 index file, derives a daily ap series, evaluates the van de Kamp et al. (2016) empirical radiation-belt electron precipitation model over a 30–1000 keV logarithmic energy grid and a configurable range of L-shells, and converts the resulting top-of-atmosphere energy spectra into atmospheric ionization pair production rates (IPR, and the mass-normalized IPRM) using the Fang et al. (2010) parameterization of monoenergetic electron impact ionization applied to a bundled NRLMSIS 2.0 background atmosphere spanning 50–150 km. The second is solar spectral irradiance forcing: it retrieves the NRL2 daily spectral and total solar irradiance record from LASP LISIRD and reshapes it into the variable names, time-bounds convention, date and datesec fields, units and global attributes that CESM expects. Results are returned as xarray Datasets that can be written to netCDF. The precipitation calculation assumes the flux is isotropic within a nominal bounce loss cone (80 degrees by default) and maps L-shell to geomagnetic latitude with a centered-dipole relation.","Python package that generates solar forcing inputs for CESM: radiation-belt electron precipitation ionization rates driven by the Ap index, and NRL2 solar spectral irradiance files from LASP.","ab45d6f4-403d-4528-9246-d2139db5bc72,89b29179-7fba-456e-b4ed-5ff5b548be18,d21c5d29-21ba-4288-bec0-8c077ac15aec,4ed73ccc-e12a-4009-aa2c-e40ea4c0c84a,e9bb1c0d-d4c7-4be7-be51-e3f8328be466,cebf9575-00b1-45bd-a386-fcbef4f589f3,d8c3ac85-6e38-4ec9-baa6-a037b9b16d18,cfa01ea5-1be6-40fc-b8f0-96c1a866c7e0,76c9ed80-50ea-41fb-9e17-c488430fd00f,402bf733-9d89-4602-b9ee-6e530d1b2836,a85c510d-76d1-4c75-9b81-7ae13a36dd30,ff3b7502-07f2-4652-95bd-692557553cdb,05e06b15-ceb0-4623-a9c9-98ad6ec4ef49,475f62e3-13dd-48a4-a01c-508cb306d7ca",https://github.com/NCAR/solar-forcing,"ca51f084-1a32-458e-8ca9-5c1c49a0b227,ba7b6ccf-3c5d-409e-aaac-55e4110c8066,6b85306a-52cc-458a-be04-5c7d82442038","bbfd3b11-634d-4d28-8644-c12600811b6d,40f6b676-efcd-4081-b495-41af7370a073",40f6b676-efcd-4081-b495-41af7370a073,25b5bc68-71f8-44d8-8216-009adffb2fc3,"786a9ec6-6c5c-4070-b5f9-fb273eaf4339,9054db12-147c-48f4-a4dd-a06c7bb96959,9d292334-2ec9-4e55-a18a-c40f9c394f9a",04e41539-725f-48eb-b7c3-7ce7f369a42c,800cff06-0547-4047-9dfc-b5059cb52c61,1948d1db-6e7d-4733-ae68-15fa57b8238b,eef6c156-35b4-433f-8d6d-2c3b5005347d,"1deefae3-ade4-414e-b586-7b015772ec14,1810173f-7493-429d-a279-ab30822f1ba1,c8168919-8394-4690-96c1-f686edbaaba5,e9772970-d2a5-4617-97c9-43906ee43bc0,ab8390b8-312d-4c69-b1bd-54993d31dbe4,a93f49d5-6203-4f64-8d77-18c74a53f7a8","62ca6e94-1143-487f-b82e-87351a31c5ac,31703528-a493-471a-9880-2c67b2355c5a,d2bc892c-45d4-4357-8b33-68ccf9b08440,277172bc-295b-4d0f-a8b8-b4d959cba0bb,3be5059d-b41a-411f-8011-062c103b91f2,a06141be-91d4-4b51-b597-7dab3213178a,6aac037e-3f53-4ba0-b2b0-47ffd6126864,6a7dd3a8-a1bb-4db2-8372-67140f439da5,8a2ca3c4-a9eb-4839-8c9c-3579783374b3,644614e2-c3d6-4741-a921-b74be24d693a,ccafa92e-2e7b-4299-8aa7-ae8c575a482e,cff2bf61-81e0-4f96-bb6b-ac5521a98f3a,ac7f6b94-db19-4b56-9cea-8df0981fd0a5,ac3716e9-e86e-480c-aa7a-ac90b8e53e16",3825a2e9-a580-4108-8ab0-68cf437b2a2a,"0735dbd9-c415-4710-b722-099a19bdf201,08983323-aed4-457f-9d81-7c4c5bb10511",,,https://github.com/NCAR/solar-forcing,,7d073440-38e0-4f33-9e88-4d3ed2f9ed7e
c9f100c2-e502-4a61-94d5-87ae0f4d3646,da38c24f-c972-4506-90bc-6ca75e9260ef,2022-03-14,ee990b81-8115-4ab4-8a7f-68a4d0bb345d,"f30bcf6d-d1bd-42a6-844a-82eab8ae2dd2,e49f3487-71e0-446e-ac76-930a15d96eff,a3bf3a23-4e6a-4d60-af08-287b1954425d,b7541ba3-a976-45d4-b411-42ab6ce9c3f8,81a1f63e-9702-4ac4-96ae-e8ed82ed41fb,893160e8-07e5-440a-9fb8-e3d1867f1ae8","d7c94b3e-92b0-4185-926d-51a929b16b64,e0e8483e-c811-44f7-820f-9cd9cec4c3a6,242babd2-9ea2-429d-9201-ae3a5a7c3290,8ddb5932-6179-42e1-af26-28a961aa0dad,327da9d0-abef-4d97-8c1b-e502e01e26b4,e05e43ad-08a1-491b-9790-b1100fe8f6ec,f74ab95b-711f-4072-9121-02fdb8f5b7ac,520b6292-7734-494e-b0d9-b0d67320ff36","808418c6-173a-459b-8497-abfc26520cb1,bc8034dd-43ef-4a21-a763-59c1e239f995,d092d05b-4472-4b75-b52e-86e0935a8b12,de3a4ff9-b8da-40e8-9651-7fb4dee89f33,8258f255-c2ab-49cc-9425-8c15a8a7e610,20ab4e9c-8e28-46c4-bf8e-b1024382fc4c,4a9e1a36-e029-4939-996f-fc5173f3a61b,70d1426a-bff7-41c9-9905-76837fefc198,c5f6dfb3-c4dc-4beb-bcb9-1c6ddf05619f,bab0b5f0-ddeb-4266-9b0b-6e499728c007,99c89941-1c82-4d7d-885c-65aa06b43cbb,034bc1d1-08b3-4f7e-a661-1299c867b40c,720f7a0b-fd58-47bf-93c7-c5c5105f7d5b,efaf0382-a404-4432-8a85-9c0b86a2e9d3,e7c4ff23-4b21-4961-bb83-b34500c95f8a,a5ba3fae-0497-44ec-8eb9-f5df364570c4,317d38cf-96d9-4ba3-93cd-4ab1aafd1d9c,2247445a-4c6a-4ee3-ab3c-73fee6ae471f,47765cc9-78d2-40e2-b19b-2957fb904d31,7e18bdee-4686-4ba8-b3c3-eef1e7fbc02e,3ced1565-888f-4200-b743-b3bf2e8c0cfd,86c66725-423e-4f23-b146-51eb8e59c117,828c4a41-6753-4682-a5a6-8f6fb9c9fa92",solarmach,65057c0e-e468-4fef-9b96-0a52b11c7096,https://doi.org/10.5281/zenodo.7016783,89d85fbf-cdb1-4d38-85d7-f1adfa9adf37,"solarmach is the Python package for Solar-MACH, a multi-spacecraft heliospheric configuration and magnetic-connectivity tool. It obtains spacecraft ephemerides from JPL Horizons, can retrieve measured solar-wind speeds for selected missions through Speasy, computes Parker-spiral backmapping in Carrington or Stonyhurst coordinates, and produces tabular, 2D polar, interactive 3D, and optional PFSS field-line results driven by GONG maps. When a measured solar-wind speed cannot be obtained, it uses a configurable default value.",Python package of the multi-spacecraft longitudinal configuration plotter Solar-MACH,"ab45d6f4-403d-4528-9246-d2139db5bc72,078c2195-93b7-4811-b103-ea857710faf7,75fcec59-681d-48be-95ee-b2454aab57b4,d21c5d29-21ba-4288-bec0-8c077ac15aec,4ed73ccc-e12a-4009-aa2c-e40ea4c0c84a,e9bb1c0d-d4c7-4be7-be51-e3f8328be466,1dacbe62-8d60-4a7e-a1d8-ea0feba270b0,e1c9ec4f-63c6-40bc-b9ab-de70189bd83a,6e1dbfec-913f-4d9b-9a3f-e8a2b7f82540,d8c3ac85-6e38-4ec9-baa6-a037b9b16d18,76c9ed80-50ea-41fb-9e17-c488430fd00f,402bf733-9d89-4602-b9ee-6e530d1b2836,e808c21d-338f-411a-838f-be0ce95700b5,a85c510d-76d1-4c75-9b81-7ae13a36dd30,0e94fdda-aba0-468e-87c6-f8943010c7f1,5ec2f6e7-b28e-4a24-952c-0f24f6bce1b4,24ce2de6-0be7-448f-b5cd-b7f5b21a056c,ff3b7502-07f2-4652-95bd-692557553cdb,7e6ed025-dbdb-446a-b6de-6ea964042972,05e06b15-ceb0-4623-a9c9-98ad6ec4ef49,0db96bcc-ca00-41b3-9cc5-32ea93d27c12,475f62e3-13dd-48a4-a01c-508cb306d7ca",https://solarmach.readthedocs.io,"1bb94c8d-04ce-4f5c-b969-71daf6f8f649,2dc72a39-f07b-41cd-a57e-5e00d3a98448,6480ff1c-f70f-4b8b-a70a-327bcc158f99,ed7e1c95-acef-423b-82bf-43ad6c78f333","b82cd96d-8243-41d9-b015-03436704cdbf,7c439c97-4f6f-436f-be9a-dbb99341124b",7c439c97-4f6f-436f-be9a-dbb99341124b,25b5bc68-71f8-44d8-8216-009adffb2fc3,,,29d7a7e6-bc1c-44eb-b0ff-bb460ae348ee,1948d1db-6e7d-4733-ae68-15fa57b8238b,d7f050b7-b557-445d-a0c5-1d89918a915e,"757ff86d-708f-4f2d-8782-71ab39af4ab9,a93f49d5-6203-4f64-8d77-18c74a53f7a8,bd3cc8f7-af8f-45be-88c3-494f3a7512ad,c3a9604e-be8e-4d21-a275-a9912768e290,efeb129a-3fbc-4117-8799-abc003aa4219","354168d2-6268-432f-a091-7f4ab72fbef2,1d4fdf94-a85a-448e-be83-c5dfa24d45dd,716a5218-1f39-4243-b3b5-af6b3faa6f33,c8de4ad3-1e94-421f-a3f8-8823f174b3f1,a5e307ab-2e31-455c-a29c-4d5b99580a9a,35ae66b3-cfe9-4946-8a10-6fd4bdae13ad,fa3a80d8-9776-4c84-9c02-f240f1a080dd,bb5cf735-df9b-46d7-a2a3-a92116d13039,39d135b7-8061-43fc-8a07-ce643283b875,bca84a17-1bf6-426c-8404-cc80ae987ead,7dbf8b44-ce6d-4e1b-8513-ed5796f00e01,b2c75140-07b4-45be-ada7-0f5e0bec0033,cff2bf61-81e0-4f96-bb6b-ac5521a98f3a","7d3ea725-7c64-4445-8a31-352052c4212e,7f070b61-a167-4d6a-bb69-459495f3b11d","175c0df4-eb7f-4c4e-9577-89a2093b9c92,8073cc20-0e89-43c3-bb02-ffd9443d4986,f8c27460-5676-4aba-a322-115f8efcb3b8,2844e9c1-dedb-402f-bbb1-b63cb821c8e8",8e3350ef-76e3-4a63-93f6-8cecfad3b9b4,"1b450570-2ce6-4876-981a-4ead37fd5e51,bc69efa0-7ec8-48e5-9d20-740a57ef12fe",https://github.com/jgieseler/solarmach,,"e85b749e-5788-425a-8952-8fc9a329216b,73b7fe8c-ee03-46eb-83d8-0ce77956245a"
f2cb2434-7d2e-4d87-8b97-6546d4931b29,"dde8f37b-2532-479f-8927-e9dd12d726a8,e7b6f70a-487f-4038-a41d-ad7e39e06fb6,f6635932-7453-4b3b-9322-9c1b18147056",2023-07-21,974802bb-aabb-4985-9e95-6463c41146c8,"89cd879b-51e0-4596-83b0-24033301b16b,135e92e4-98e6-4133-8e98-ba0b051910ef,2b269689-bf8c-4b7b-adc0-69537b6b2b3e,d21cc6a1-62ba-4a68-9121-565a71ddb66a",,"17eff18f-c9ee-464a-8206-66db9d74a745,9fcc9501-321d-4ccd-af95-e01a9b57059e,ede0bca0-eec8-447d-bad4-bd0b5519dbc7,520109f0-cab2-43b2-95c8-208dae9da18d,7a486701-640f-4d8e-8c5a-6188ed8bbc62",SolarProtons,,,,"SolarProtons produces atmospheric ionization rates caused by solar proton events, for use as particle forcing in the Whole Atmosphere Community Climate Model (WACCM) and in CMIP6 chemistry-climate simulations. It combines an NCAR Command Language script that drives the workflow with a Fortran program, go_proton, that performs the ionization calculation.

The workflow downloads NOAA five-minute GOES solar particle and electron flux text files, converts them to netCDF, averages them to hourly and daily resolution, and concatenates them into yearly files. A built-in lookup table selects which GOES spacecraft supplied the primary proton flux for a given date: GOES-7, GOES-8, GOES-10 and GOES-11 for dates before 14 April 2010, and NOAA's own primary/secondary tagging thereafter. The hourly flux files are then passed to go_proton, which fits the six integral proton channels (greater than 1, 5, 10, 30, 50 and 100 MeV) with exponential spectral forms over three energy bands (1-10, 10-50 and 50-300 MeV), builds a differential spectrum on a 60-point logarithmic energy grid from 1 to 300 MeV, and integrates proton energy deposition over 35 pitch angles through a 59-level model atmosphere spanning 0 to 116 km. Ion pair production rates follow from the deposited energy assuming 35 eV per ion pair. The pitch angle distribution is assumed isotropic and the geomagnetic cutoff is set to zero, so the rates represent polar cap conditions.

Output is written as netCDF in three selectable layouts: WACCM4 (Prod, in ion pairs per cubic centimetre per second, on a reversed pressure axis with date and datesec), WACCM6 (as WACCM4 but in ion pairs per gram per second and with a CF time axis and time bounds), and CMIP6 (iprp, ""Ion pair production rate by solar protons"", in g^-1 s^-1 on pressure levels in hPa with Gregorian calendar year, month and day variables). The energy deposition scheme is the one first described by Jackman et al. (1980), the same scheme underlying the CMIP6 solar proton forcing recommendation.

The GOES data available from the archive the scripts target run from 13 June 1998 to 9 March 2020, which bounds the period for which ionization rates can be produced; a companion script, spe_pad.ncl, pads an output file forward with zero ionization rates when a model run needs to extend beyond that period. The Fortran must be compiled before the scripts are run. A Makefile and a helper script are provided, with settings for the Intel, PGI, GNU, g95 and IBM XL Fortran compilers, and the build links against netCDF.","SolarProtons computes atmospheric ion pair production rates from GOES solar proton flux measurements and writes solar proton event forcing files for WACCM4, WACCM6 and CMIP6.","d21c5d29-21ba-4288-bec0-8c077ac15aec,4ed73ccc-e12a-4009-aa2c-e40ea4c0c84a,e9bb1c0d-d4c7-4be7-be51-e3f8328be466,1dacbe62-8d60-4a7e-a1d8-ea0feba270b0,cebf9575-00b1-45bd-a386-fcbef4f589f3,758dab69-cb35-477f-86c0-ed52606e335b,d8c3ac85-6e38-4ec9-baa6-a037b9b16d18,cfa01ea5-1be6-40fc-b8f0-96c1a866c7e0,ff3b7502-07f2-4652-95bd-692557553cdb,7e6ed025-dbdb-446a-b6de-6ea964042972,475f62e3-13dd-48a4-a01c-508cb306d7ca",https://github.com/NCAR/SolarProtons/blob/main/README.md,"6b85306a-52cc-458a-be04-5c7d82442038,6480ff1c-f70f-4b8b-a70a-327bcc158f99","bbfd3b11-634d-4d28-8644-c12600811b6d,40f6b676-efcd-4081-b495-41af7370a073",40f6b676-efcd-4081-b495-41af7370a073,"777b21b2-8113-4126-bd7b-41566c66022e,2e6c3834-d2fc-42f5-9528-b7fe7081845a","91a4847e-cba9-49fd-9b0b-a35a5cb94e61,40fcc75b-3c2f-4f69-8520-23776f371c43",d59a403d-f761-43b9-95cd-ba5135108d10,c8723cab-e273-44ba-98cf-9c24b392ca33,"d59c6796-a938-4b20-8ce5-3f9382d41eac,387d9dcb-827f-4e0c-887f-3d10d51284f5",,"a93f49d5-6203-4f64-8d77-18c74a53f7a8,1deefae3-ade4-414e-b586-7b015772ec14,e9772970-d2a5-4617-97c9-43906ee43bc0,ab8390b8-312d-4c69-b1bd-54993d31dbe4,c8168919-8394-4690-96c1-f686edbaaba5","70669681-1487-42a6-9f91-9fe27b123706,268adea2-1d0d-4c96-947a-7c07f31954d9,c99b4b77-b458-45b5-80bb-b858cb263a68,60f35e2b-3980-4ac9-92ba-e3ce14b7fc98,6aac037e-3f53-4ba0-b2b0-47ffd6126864,e41260ff-b3cb-406f-b96d-354c665741fc,671bb761-b08e-4d0d-a4cf-3e0032430db4,09eb4a1e-d0a4-48c1-b81e-2476deab2d85,ca048741-f07d-41ef-8efe-c9592795506f,73c97c54-ef46-481d-9f40-1d78d5dc4654,f2c8b82a-1e52-4087-b635-729f7a0ac87b,cff2bf61-81e0-4f96-bb6b-ac5521a98f3a,fc062896-5b9f-4360-aed3-6501c64a2eae,81d4a871-ad99-4953-b11b-30b0e1758e5e","bf3f9ac4-51d6-4fa9-bcd4-84a81dfca24e,0e4256a3-a149-4149-a62a-f9f9e78d0456","e02ca7a3-f7cf-47f2-9e30-dc4034a07512,7e9bdf79-f78d-46bf-a8c5-a1f9180694b8",,,https://github.com/NCAR/SolarProtons,,
54da66af-5ce4-4975-8560-258824988821,"b36db5d9-bb03-41a8-a606-da018371d891,8381adbf-4a23-4c0e-9896-b1445b0e82d5,59dfd56c-cbb7-42b7-ae25-998d75fa13ff",1998-10-01,f39019aa-9a3f-4aca-83c1-5d99e4bb36d6,"e401fe95-ab39-4d61-9cf8-3ce1108dbda2,1bdb8ab1-0095-41fd-99b1-b51d084604da,549a0d09-9617-4616-bb8c-04a80fc4a39b,f411f27e-f184-40a4-910a-ee57bccf61ea,ecfbe21a-6530-4caa-8e13-d2f27809911b,68ad6489-59ee-4275-9159-d7d4975e22d8,66e27c1a-8456-4fea-8f97-96d9b1a3fe98","48a695d5-dd48-4090-bcfe-ec236546019e,a8fe0427-c157-4afe-963b-ca485fb25112,eb30a2e8-e6d3-4962-8301-26f86e7a65b7,cd3f51eb-b3ec-4777-8227-c0a9e209b66f,95b8a3d7-1ecf-4032-a875-68b5d4e34cff,1ea1de5b-3388-4aa4-8465-2f7f366804b3,960069ce-6889-418d-a5f2-2ea21607a29b,0f883d0e-64df-4b35-b0a2-966e01e91c05,a49fc34b-132b-4192-bb85-818605c69d3c,d2206b64-3302-4d8d-83b3-2bf0732db796,242babd2-9ea2-429d-9201-ae3a5a7c3290,24a0e171-e130-47c5-85f5-717bdfedece4,3d0e0cf3-30e1-44b3-b381-0ee68d745848,8e5dd980-9066-4320-88df-9a75ec8caa80,e7982918-062e-4acb-aeb2-d94c5d808af1,de82275b-ffef-4343-9f3a-bf49adeed201,8ddb5932-6179-42e1-af26-28a961aa0dad,327da9d0-abef-4d97-8c1b-e502e01e26b4,88a3636c-5a7b-4ca8-b636-3b98b69bff2d,b5678e19-06ee-4504-ac04-2b948a168843,cb71c5d2-ea3b-45e9-b2e8-91998292cfd5,35e28ed4-701c-4659-b7b0-3fff51a01e2a,f8489169-91ac-4a7f-8ebe-133c03fb4036,5c2795ea-35d2-4493-a4e3-071443c01d88,b5413844-c337-4bb2-a688-5d88146d41e9,c08ebe32-7d23-4438-bbc1-25f090c885f0,3aab0f49-3bf1-4e42-b5de-bab309c370bf,effe254e-7829-4755-bab8-fd66d9ec0059,ee304a41-d0e5-4cd3-bccd-e9dea9f632eb,a97424f0-8d1f-4400-960c-e0b5c752b096,1c7defc6-4a36-4a33-a76c-8d0047d91b5e,9e3d1533-9151-4c62-b061-ad0fddbd57e7,5191de4b-7374-423e-bc17-423e6f884c3c,3c3d5cfd-bded-42b2-b598-8c483b27a48d,af4cf014-3da7-47d9-b64c-4ac4bf5d2f5e,c0b5c2e3-9a17-4070-b15e-30fdd3e3ddd2,7c219161-225a-4313-b02a-dfd804c7065a,4c117f2e-31ee-4cd9-a6b8-199ae2523e5b,50ead696-acf3-4219-af4c-da1edf521f16,0bd64607-89b5-4a2f-8402-d92005b1aeaa,03ae2098-9bb4-4c3d-bd8b-d2efbcaba387,8becf826-ecd3-4bcf-9c3f-f61cfd7230fd,ae1d0d74-af91-41ee-9d35-1834e551ccf1,ad039937-9762-4e07-a0d8-2157d07a1857,7ac7d79b-1bae-433b-8d54-f678620114c3,18543442-7460-4a1b-882d-087972977cf3,c35c7154-0c82-4dad-8f15-9ba3fa85167a","85a81e8d-515c-45b8-bce9-6050f867bc69,714d0a08-c0ea-4df1-97b4-61ddf73a3215,4b2fa1f7-4acf-4ecc-8e50-08d35ed80a10,1bda2f03-7cd3-4df5-93ae-fe5af2910ba6,421a2eba-4e75-4a0b-b4f6-2d95c9b03179,c4651478-d573-492e-a216-06a058045664,abe07a48-9d90-4927-bd5b-063cb405a4a9,88da8b2f-b231-49ac-afcb-4343df72a182,b4aabcec-cfb0-4565-a0a9-91e0b0d4ebe0,0c059247-7f13-4f9a-9a78-14bf2ecbd8ae,96d56fb4-b130-432e-ab2b-11f1fd18901d,a1aafba0-f946-4c32-9d34-294ce80b456b,56383136-2c06-45d7-a13c-0e1c7ebc583d,b01ad0bc-33d6-44fe-b9a2-f9d23ec13f70,e28f14bb-9ead-46f9-8995-7b3c1376829d,7d01a313-d65a-4019-9de4-e3183811dee5,317d38cf-96d9-4ba3-93cd-4ab1aafd1d9c,e204f22d-3b79-4879-81b9-35d28afd3318,96167296-ee92-4657-aea6-d19a582887d4,a2d621b8-a00e-454d-a571-733436d290c9,47765cc9-78d2-40e2-b19b-2957fb904d31,7e18bdee-4686-4ba8-b3c3-eef1e7fbc02e,28732268-536a-4d86-9753-bf56de745218,86c66725-423e-4f23-b146-51eb8e59c117,828c4a41-6753-4682-a5a6-8f6fb9c9fa92,1d3827b6-d478-428d-acb6-2a5def01536c",SolarSoft,d6470d5f-b06b-4738-81af-ee955543b3fe,https://ascl.net/1208.013,bda91a53-a466-4050-9106-3909fe204b15,"The SolarSoft system is a set of integrated software libraries, data bases, and system utilities which provide a common programming and data analysis environment for Solar Physics. The SolarSoftWare (SSW) system is built from Yohkoh, SOHO, SDAC and Astronomy libraries and draws upon contributions from many members of those projects. It is primarily an IDL based system, although some instrument teams integrate executables written in other languages. The SSW environment provides a consistent look and feel at widely distributed co-investigator institutions to facilitate data exchange and to stimulate coordinated analysis. Commonalities and overlap in solar data and analysis goals are exploited to permit application of fundamental utilities to the data from many different solar instruments. The use of common libraries, utilities, techniques and interfaces minimzies the learning curve for investigators who are analyzing new solar data sets, correlating results from multiple experiments or performing research away from their home institution.
Some of the primary goals of the SSW are...

Provide a large reuse SW library
The software library represents an evolutionary system tracing back to SMM, through Yohkoh and SOHO, TRACE, and eventually will incorporate SXI, HESSI, and other solar observatories. Many common ""solar physics"" , file i/o, system, IDL structure manipulation, data display, etc. tasks have already been addressed by others (many others in some cases!)
Very small sample of existing SSW capabilities...
Time series analysis, time conversions, UTPLOT (millennium safe)
Spectral fitting
Image and Image cube (movies) display
IDL data manipulation (structure, string, array, mathematics...)
File I/O (generic binary, ascii), FITS
Solar (limb fitting, grid overlay, coordinate tranformations...)
WWW related (html conversion, file conversions, FORM handling, movie making,...)
WWW Client<->SolarSoft IDL server interface permits execution of SSW/IDL utilities over the Web
Examples include SXT dynamic WWW movie maker and WWW GOES X-Ray light curve display

WWW index which allows searching for SSW routines by category and/or string pattern is available.
Provide a system which is largely hardware-system and site independent
Installation and setup utilities simplify tranportation to systems. Fundamental shared software is written in hardware-independent and site-configuration independent form. The SSW setup utilities support local configuration files to get sites up and running
Promote the use of certain standards which facilitate coordinated data analysis
Through use of suggested standards, many powerful routines are immediately available for the analysis of new data sets.
The SSWsuggested Keywords and Tags descibes pointing and time standards.
Application for overlay, alignment, scaling, rotation, etc of any SSW instruments via Dominic Zarro's Mapping software
Promote an evolutionary environment
Feedback and contributions from the many SSW institutes and users are strongly encouraged. Utilties to simplify remote SSW upgrades and accept user contribution are designed to make the system evolutionary instead of stagnant and divergent.
Provide access to supporting ancillary data bases
Access to supporting data sets from ground-based and satellite-based solar observatories are provided in consistent formats to facilitate coordinated analysis
Provide a file-format independent analysis environment
To accomodate the largest number of solar data sets, file I/O is isolated and analysis applications are designed to operate on objects which are independent of file type.
Provide integrated access to other IDL packages
When IDL libraries are identified which provide a useful extension to SSW capabilities, we will attempt to integrate them into the SSW system. For example, the Chianti Package, K. Dere et al. is now fully integrated into the SSW distribution and analysis environment for UV/EUV emission line analysis.","The SolarSoft system is a set of integrated software libraries, data bases, and system utilities which provide a common programming and data analysis environment for Solar Physics.","ab45d6f4-403d-4528-9246-d2139db5bc72,75fcec59-681d-48be-95ee-b2454aab57b4,078c2195-93b7-4811-b103-ea857710faf7,1f890d25-4f74-4166-b2e5-76d3367bb5d6,d21c5d29-21ba-4288-bec0-8c077ac15aec,4ed73ccc-e12a-4009-aa2c-e40ea4c0c84a,9852ca3f-b8fc-4665-a990-465072ec4379,e9bb1c0d-d4c7-4be7-be51-e3f8328be466,1dacbe62-8d60-4a7e-a1d8-ea0feba270b0,cebf9575-00b1-45bd-a386-fcbef4f589f3,758dab69-cb35-477f-86c0-ed52606e335b,6e1dbfec-913f-4d9b-9a3f-e8a2b7f82540,d8c3ac85-6e38-4ec9-baa6-a037b9b16d18,0691c3a9-a02f-4de3-9a1c-965782ddbef9,cfa01ea5-1be6-40fc-b8f0-96c1a866c7e0,8fc506b2-4e32-4ee3-88b9-8ace51d980e3,76c9ed80-50ea-41fb-9e17-c488430fd00f,402bf733-9d89-4602-b9ee-6e530d1b2836,e808c21d-338f-411a-838f-be0ce95700b5,a85c510d-76d1-4c75-9b81-7ae13a36dd30,0e94fdda-aba0-468e-87c6-f8943010c7f1,5ec2f6e7-b28e-4a24-952c-0f24f6bce1b4,29cb514d-8259-4df4-833f-4e6631cd65e1,24ce2de6-0be7-448f-b5cd-b7f5b21a056c,555161bf-13d6-4909-b2d5-6c87d584de24,2f488d8c-dd92-4deb-bad8-7377d1d12b48,841774c2-77c6-4111-af03-b5c2ac3d8bba,d4136ce2-345a-4011-beaa-456eda820556,ff3b7502-07f2-4652-95bd-692557553cdb,05e06b15-ceb0-4623-a9c9-98ad6ec4ef49,0db96bcc-ca00-41b3-9cc5-32ea93d27c12,1ca1fc54-e093-4328-ae77-6d6726270bad,f7b38a8f-3117-49a5-89b2-a66930c7ca4b,27c3e41e-8134-42d2-92f3-b444682fc369,a52b9772-b059-4c7f-9102-c50ccd0864fd,11a33e3a-d00e-489d-9e15-a33c3b93b0b8",https://www.lmsal.com/solarsoft/ssw_concepts.html,"ca51f084-1a32-458e-8ca9-5c1c49a0b227,6b85306a-52cc-458a-be04-5c7d82442038,6480ff1c-f70f-4b8b-a70a-327bcc158f99,2b69ca1c-3268-42ea-ab90-607b8600a014,7ffc59a8-b2ab-41fd-8cfa-8ca72bb58d1a","bbfd3b11-634d-4d28-8644-c12600811b6d,fa1963cd-6a16-49e8-abae-a8db46658b40,b82cd96d-8243-41d9-b015-03436704cdbf,31039da9-c899-438c-ab18-da9733541f12,102561e0-8fd0-4084-b4a5-f7e0f36eda03,40f6b676-efcd-4081-b495-41af7370a073,7c439c97-4f6f-436f-be9a-dbb99341124b","bbfd3b11-634d-4d28-8644-c12600811b6d,fa1963cd-6a16-49e8-abae-a8db46658b40,b82cd96d-8243-41d9-b015-03436704cdbf,31039da9-c899-438c-ab18-da9733541f12,102561e0-8fd0-4084-b4a5-f7e0f36eda03,7c439c97-4f6f-436f-be9a-dbb99341124b","ee4efb46-e3f3-45d8-8179-4f2a289d356b,2a619c02-16ec-4b91-b788-6f3f0b8e10c9,2e6c3834-d2fc-42f5-9528-b7fe7081845a","4f67523f-ad49-45ab-84b7-a7b4283b86f6,14a8e109-61db-4510-9bea-542b7a028b72,b33c815d-eadb-4062-aa94-04fbdf72f0c6,df67ea74-0777-434e-acbc-bc6dba1e7ce4",,29d7a7e6-bc1c-44eb-b0ff-bb460ae348ee,"d59c6796-a938-4b20-8ce5-3f9382d41eac,387d9dcb-827f-4e0c-887f-3d10d51284f5,92c6542d-4389-4c94-98a5-c32e68a0bbe9,bce9a3d4-389b-46d5-ba60-a1df3eaf6547,bc97966b-f24c-4952-bc8b-b917594247e1",e30aeeb6-77d6-4994-a80c-320aa1222eab,"a93f49d5-6203-4f64-8d77-18c74a53f7a8,c3a9604e-be8e-4d21-a275-a9912768e290,b75d78e6-234d-4bb6-bd52-7de23b537029,bd3cc8f7-af8f-45be-88c3-494f3a7512ad,efeb129a-3fbc-4117-8799-abc003aa4219,757ff86d-708f-4f2d-8782-71ab39af4ab9","41d35a73-8c20-4ae0-ac82-d813255a617f,745ebe69-08e8-4075-a6f5-d368c1c5ddf0,b43adce8-73c1-4753-9832-edb3c2b7e466,35c7eac7-4a89-422f-8119-a7d489e8da55,c0725224-4344-40b8-aa1a-25d7d4925312,93bb8b49-d2d7-40f4-a5e4-967df20e6171,c8de4ad3-1e94-421f-a3f8-8823f174b3f1,edc90521-144a-4b02-86d6-a6f70a3e7c3e,c210a733-c77f-409f-9999-f20441eb3e40,eb8669e1-42a1-401f-9d7f-de5bd66bc460,42f3b9b7-42aa-4b73-8ea2-2594c93d2618,a724b5fe-6a88-46a0-89b4-c5feace3d1c4,cec9a378-2a97-4b96-b361-63cec170ce48,89ac1236-d27e-48d4-bed0-9dd239b93856,94074979-2312-4c5f-8f34-a36f04851df9,0a20ea22-d50b-4cb2-802b-733f9611c720,06d0229d-e8b8-4605-8380-af5837b0035f,1b15b720-159a-46af-a09f-68ecfc6c7e36","55a9044d-77cc-47e2-ad3f-68cc6e270468,d7b254b4-3ea3-4be5-b44e-ea745f1766f3","a6990c78-ec90-4e93-b43a-1014347b5365,2844e9c1-dedb-402f-bbb1-b63cb821c8e8",a4e07475-572f-48db-b2e7-5d59ea194465,76582921-b278-49bc-82ed-971c627a0795,https://www.lmsal.com/solarsoft/,,"754b7219-9dc1-4d74-9918-c5f1c0947192,e85b749e-5788-425a-8952-8fc9a329216b,82801102-0270-4fbc-ae73-24afeda2d299,5e6ea23a-9318-4ad7-bb98-197591c4312c,73b7fe8c-ee03-46eb-83d8-0ce77956245a,e14b60b4-c841-4658-9bac-f9298a442562,7d073440-38e0-4f33-9e88-4d3ed2f9ed7e"
06813bb3-7c73-425d-b9fe-6b4e80add160,da38c24f-c972-4506-90bc-6ca75e9260ef,2022-01-12,ee990b81-8115-4ab4-8a7f-68a4d0bb345d,"f30bcf6d-d1bd-42a6-844a-82eab8ae2dd2,b7541ba3-a976-45d4-b411-42ab6ce9c3f8","70585dc1-9834-4ee6-9999-3fff4495cd20,35f1bd86-cb66-4648-afa4-210f3b983702,3fc5de9f-1888-4c2c-be3b-e19c2df19c62,fc014c72-0082-435d-9e5c-75143f60925d",28732268-536a-4d86-9753-bf56de745218,solo-epd-loader,bbf72217-754f-4abe-81de-9079a7a057be,https://doi.org/10.5281/zenodo.7100450,5436337e-4003-4b28-8cf8-90ddf19a4781,"Data loader (and downloader) for Solar Orbiter/EPD energetic charged particle sensors EPT, HET, and STEP. Supports level 2, 3, and low latency data provided by ESA's Solar Orbiter Archive. It reads EPD CDF files into pandas DataFrames with fluxes, uncertainties, energy-channel metadata, and, for supported level 3 products, pitch-angle distributions and RTN/HCI spacecraft context. It can retrieve missing files from SOAR, combine energy channels and STEP pixels, resample time series, calculate STEP electron fluxes, and correct EPT electron fluxes for ion contamination. Only standard rates products are supported; SIS, burst, and high-cadence products are not included.","Data loader (and downloader) for Solar Orbiter/EPD energetic charged particle sensors EPT, HET, and STEP. Supports level 2, 3, and low latency data provided by ESA's Solar Orbiter Archive.","d21c5d29-21ba-4288-bec0-8c077ac15aec,4ed73ccc-e12a-4009-aa2c-e40ea4c0c84a,9852ca3f-b8fc-4665-a990-465072ec4379,e9bb1c0d-d4c7-4be7-be51-e3f8328be466,1dacbe62-8d60-4a7e-a1d8-ea0feba270b0,cebf9575-00b1-45bd-a386-fcbef4f589f3,8a197010-e950-47eb-a917-1e549d5411c1,d8c3ac85-6e38-4ec9-baa6-a037b9b16d18,cfa01ea5-1be6-40fc-b8f0-96c1a866c7e0",https://github.com/jgieseler/solo-epd-loader#readme,"6480ff1c-f70f-4b8b-a70a-327bcc158f99,5268144e-ca16-4f83-838f-c08baa4b7583",ab231ba2-0ccf-4cb3-b77a-94f1aee06296,,25b5bc68-71f8-44d8-8216-009adffb2fc3,"c7ec3483-6ef1-4760-9482-da0da7b9504b,653c6dcf-fb00-44c7-b80e-3fcb8962cb33","0c0638ac-872e-421c-ad09-7480fe53ea39,84bfbe54-0581-4cb0-95f8-b2545c3a101f",29d7a7e6-bc1c-44eb-b0ff-bb460ae348ee,1948d1db-6e7d-4733-ae68-15fa57b8238b,d7f050b7-b557-445d-a0c5-1d89918a915e,"757ff86d-708f-4f2d-8782-71ab39af4ab9,a93f49d5-6203-4f64-8d77-18c74a53f7a8","277172bc-295b-4d0f-a8b8-b4d959cba0bb,1d4fdf94-a85a-448e-be83-c5dfa24d45dd,c8de4ad3-1e94-421f-a3f8-8823f174b3f1,a5e307ab-2e31-455c-a29c-4d5b99580a9a,73c97c54-ef46-481d-9f40-1d78d5dc4654,9aac2895-9937-4773-95c2-e2bcbc20a25f,b2c75140-07b4-45be-ada7-0f5e0bec0033,cff2bf61-81e0-4f96-bb6b-ac5521a98f3a","5848c1bf-25d0-4cf7-ab8c-472de8dd9567,2844e9c1-dedb-402f-bbb1-b63cb821c8e8",9212c6ee-fdf7-4315-954c-35e205f3aa4c,8e3350ef-76e3-4a63-93f6-8cecfad3b9b4,1b450570-2ce6-4876-981a-4ead37fd5e51,https://github.com/jgieseler/solo-epd-loader,,
da5cb52c-1e0a-4c22-ab96-e05c210c0e60,da38c24f-c972-4506-90bc-6ca75e9260ef,2023-11-06,ee990b81-8115-4ab4-8a7f-68a4d0bb345d,"f5f21e0b-7ffe-478f-a45b-e79ef6f4d9f6,af625cbe-d550-4a9f-b7e9-b9d2d6aae9bc,c704232e-3366-4946-b808-60a127fb3c5e,ab09132c-4a4c-42af-87ff-292f937bd79a,24cb65e7-be66-4f5b-a668-09dedf5717d2,e50cf919-b482-4488-a9cd-0a9ac404b532,b8563229-44ab-4073-8e88-24bc02723a65,78ff69d9-bf68-4060-bf18-ec33407566ae,464b92f7-cfbb-424f-84e8-36200b14f78e","3d0e0cf3-30e1-44b3-b381-0ee68d745848,fbca7848-872e-4ee7-83cb-a0ed288a14cd,c0b5c2e3-9a17-4070-b15e-30fdd3e3ddd2,50ead696-acf3-4219-af4c-da1edf521f16","6bbcd11d-7315-488c-8bae-3e6bb9999b8f,96167296-ee92-4657-aea6-d19a582887d4,47765cc9-78d2-40e2-b19b-2957fb904d31,86c66725-423e-4f23-b146-51eb8e59c117,828c4a41-6753-4682-a5a6-8f6fb9c9fa92",solpolpy,4790874b-e8ae-4620-a7ee-3f321a061685,https://doi.org/10.5281/zenodo.10076326,52b9d9a7-30ec-49e7-8f4f-6bf02caccfab,"solpolpy is a solar polarization resolver based on Deforest et al. 2022. It converts between various polarization formats, e.g. from the native three triple version from observations (also known as the MZP convention) to polarization brightness (pB) and total brightness (B), Stokes I, Q and U, etc.",solpolpy is a solar polarization resolver.,"ab45d6f4-403d-4528-9246-d2139db5bc72,1f890d25-4f74-4166-b2e5-76d3367bb5d6,75fcec59-681d-48be-95ee-b2454aab57b4,d21c5d29-21ba-4288-bec0-8c077ac15aec,4ed73ccc-e12a-4009-aa2c-e40ea4c0c84a,9852ca3f-b8fc-4665-a990-465072ec4379,6e1dbfec-913f-4d9b-9a3f-e8a2b7f82540,d8c3ac85-6e38-4ec9-baa6-a037b9b16d18,91de6864-bad3-4365-ac0f-c9c5c89661f9,76c9ed80-50ea-41fb-9e17-c488430fd00f,402bf733-9d89-4602-b9ee-6e530d1b2836,8b47109e-5f73-4edc-8668-9c4f738684c6,555161bf-13d6-4909-b2d5-6c87d584de24,841774c2-77c6-4111-af03-b5c2ac3d8bba,d4136ce2-345a-4011-beaa-456eda820556",https://solpolpy.readthedocs.io/,6480ff1c-f70f-4b8b-a70a-327bcc158f99,b82cd96d-8243-41d9-b015-03436704cdbf,,25b5bc68-71f8-44d8-8216-009adffb2fc3,b99b7cf5-cbcd-4328-bbf0-beb71eb44187,,29d7a7e6-bc1c-44eb-b0ff-bb460ae348ee,1948d1db-6e7d-4733-ae68-15fa57b8238b,563dce4b-b082-4496-aa0c-174abd23aa39,"757ff86d-708f-4f2d-8782-71ab39af4ab9,a93f49d5-6203-4f64-8d77-18c74a53f7a8,bd3cc8f7-af8f-45be-88c3-494f3a7512ad","846623f5-14dd-40dd-8cc4-91d8c9ee3340,bf78ea45-9c53-42ab-96b1-db056b12c2c9,5a352041-e705-4f1c-a708-794b5aa651c2,745ebe69-08e8-4075-a6f5-d368c1c5ddf0,35c7eac7-4a89-422f-8119-a7d489e8da55,93bb8b49-d2d7-40f4-a5e4-967df20e6171,c8de4ad3-1e94-421f-a3f8-8823f174b3f1,c210a733-c77f-409f-9999-f20441eb3e40,45fbe45a-ce8b-4022-9e5e-ec1fdc1ca657,ae8f8482-20dc-498e-9fc0-11d721bbdc87,53595745-bdd9-4a84-9d41-a3b0f8bf83ff,4d6a1fcb-4a48-4bb8-ac16-e47941708b4f,bca84a17-1bf6-426c-8404-cc80ae987ead,cec9a378-2a97-4b96-b361-63cec170ce48,89ac1236-d27e-48d4-bed0-9dd239b93856",d0a9a3de-c6c0-469a-b1a9-b7fa1822f3dd,"f6329b6f-dc4e-4bdf-965e-94599428506c,26b66268-73c5-4169-be1f-cec0b5fe3e33,d0a9a3de-c6c0-469a-b1a9-b7fa1822f3dd",,,https://github.com/punch-mission/solpolpy,,e85b749e-5788-425a-8952-8fc9a329216b
596d3936-d754-4c02-b8ae-20f69d4ac16b,"f6635932-7453-4b3b-9322-9c1b18147056,da38c24f-c972-4506-90bc-6ca75e9260ef",2022-09-22,ee990b81-8115-4ab4-8a7f-68a4d0bb345d,"5e0c9bb5-59c1-4a88-ada9-3d54187e436f,bbd2089d-b373-4b2a-be74-3087974f6db3,4e17b0e8-2d53-47c4-88f8-aca8e9dd006a",,,Space Packet Parser,71e1f0c1-16c4-4d41-aae3-50ffbd6e1005,https://doi.org/10.5281/zenodo.7735001,,"The Space Packet Parser Python library is a generalized, configurable packet decoding library for CCSDS telemetry packets based on the XTCE standard for packet structure definitions. It supports complex and polymorphic packet structures, using the XTCE UML model to represent dynamic inheritance structures and conditionals based on previously parsed data fields. The core functionality of the library is the configuration of an XtcePacketDefinition object from a static XTCE XML document. The configured definition object can then iterate over binary data, parsing and yielding parsed Packet objects containing the decoded packet field values in a generator pattern. The binary data may originate from an in-memory binary object, a buffered file reader opened in binary mode, or a python socket object; in every case, a small buffer is used to read chunks of data to reduce memory footprint. The space_packet_parser library supports robust error handling, is capable of handling malformed packet structures, and can dynamically parse muxed APID packet streams. In addition to the low-level parsing API, the library provides built-in packet bytes generators for CCSDS, fixed-length, and UDP packet streams as well as support for user-written generators for other binary formats, on-the-fly polynomial and spline calibration of raw parameter values, enumerated and string parameter decoding, and optional creation of Xarray Datasets keyed by APID. It can also build XTCE packet definitions from Python objects and serialize them to XML, validate XTCE documents against the XTCE schema and for internal structural consistency, and provides a command line interface (spp) for describing XTCE documents, inspecting packet files, and validating definitions.","A generalized, configurable Python library for decoding CCSDS telemetry packets, including complex and polymorphic structures, from files, buffers, or sockets using XTCE packet structure definitions.","d21c5d29-21ba-4288-bec0-8c077ac15aec,9852ca3f-b8fc-4665-a990-465072ec4379,758dab69-cb35-477f-86c0-ed52606e335b,948d2160-3c88-4045-89f4-7b5bb11198c5,d8c3ac85-6e38-4ec9-baa6-a037b9b16d18,555161bf-13d6-4909-b2d5-6c87d584de24,3ea4461a-8565-4eb7-a614-e65fe8c96e98,d75e9971-7b83-40c6-a1d2-0a59d386c945,bb413141-8464-45bf-9fda-82cb836af87e",https://space-packet-parser.readthedocs.io,ed7e1c95-acef-423b-82bf-43ad6c78f333,7c439c97-4f6f-436f-be9a-dbb99341124b,7c439c97-4f6f-436f-be9a-dbb99341124b,"addea8d3-582b-42c8-9144-cf59d80280f0,25b5bc68-71f8-44d8-8216-009adffb2fc3,2e6c3834-d2fc-42f5-9528-b7fe7081845a",,,29d7a7e6-bc1c-44eb-b0ff-bb460ae348ee,"d59c6796-a938-4b20-8ce5-3f9382d41eac,387d9dcb-827f-4e0c-887f-3d10d51284f5,bc97966b-f24c-4952-bc8b-b917594247e1",d7f050b7-b557-445d-a0c5-1d89918a915e,"1deefae3-ade4-414e-b586-7b015772ec14,515dae73-68bc-4030-8008-20c9eef5a01c,757ff86d-708f-4f2d-8782-71ab39af4ab9,a93f49d5-6203-4f64-8d77-18c74a53f7a8","dbb4f161-e068-424c-8943-f35f053403a9,0f0cc0dd-9c0a-421e-925a-de40fd7c8f9b,65e77135-07a0-4124-969a-f585e2defaa6,87fc266a-8bab-4f9e-8eee-ce9afbea603e,86af0709-a4bf-4794-a073-454a0a423703,9c7d5d19-cec3-4336-812f-f1c3e862fb00,b5664eba-0b17-4541-af08-15a5e14cb641,c888202b-7141-45ec-955f-4b7fa5729643,6132506d-8415-415a-a962-8685564f1df3,a6c31435-2d69-4991-8073-efbdf4e6ccee,e68e8ad3-e443-447f-ae5f-7e39e4413aa3,c8de4ad3-1e94-421f-a3f8-8823f174b3f1,9af9b281-d7a5-4b00-bbe7-2f7e995695bf,ad76434e-2ad3-4932-b62c-ba0bc65ff078,b624b3b8-f7b0-451c-b4a2-ca68d5587687,112d4b1b-3877-4751-8362-f4b413a01e5d,4d6a1fcb-4a48-4bb8-ac16-e47941708b4f,644614e2-c3d6-4741-a921-b74be24d693a,a0bcc826-5d43-47fa-84b9-08c3bb65b8ef,4631c05e-f577-485e-abec-1694f57b5f77,2d235849-c4a8-4d4d-9404-a19d3251ce65,c2262f18-b5e2-48b8-8682-f9cf5a087d31,3c894e3f-e6f3-4a6b-9190-7aea7edad571,54187e47-8a68-4347-ae1a-6790d346ed8b",5fc21d6f-9569-4aa4-81f6-b7aa9e37f292,4139ec71-ce86-4902-a231-8c7c5098508a,,,https://github.com/lasp/space_packet_parser,https://raw.githubusercontent.com/lasp/space_packet_parser/main/docs/source/_static/logo-no-background.png,
7bd65217-fdbe-4945-a657-496a494fff48,"b36db5d9-bb03-41a8-a606-da018371d891,dde8f37b-2532-479f-8927-e9dd12d726a8,e7b6f70a-487f-4038-a41d-ad7e39e06fb6,da38c24f-c972-4506-90bc-6ca75e9260ef",2010-05-20,ee990b81-8115-4ab4-8a7f-68a4d0bb345d,"6fbd29df-80c1-40f8-b627-a652e7e03c67,d857c04b-fb2c-4538-ae33-0c566c27fe36,a0844705-37e7-4686-985f-33669cf005d8,925f4fe8-d6e1-4cf4-99d4-6f850f4d80c0,17c117c0-24a1-405e-ba74-f2fa64713533,e4c075b8-f0d3-4fef-a6f7-2314db13597b,f30bcf6d-d1bd-42a6-844a-82eab8ae2dd2,4579b32f-a1f5-4314-88f3-311119cf6b76,a06cc7e6-91f6-4eee-bcd2-39452aeea748,484bba5f-0f26-4faf-98f5-7fdc9ff9f62c,dd77b0be-c31d-4319-a8d4-1ee118c9dbc7,9b3579cb-d12b-4175-b92a-587b5c9eee72,a1385fa3-4238-4edd-8e2d-96a415f7097f,854681a1-c376-4926-af46-a877f4de8d61,37b1af20-3ebd-40c5-a8e1-d567c2aa0b4f,bac6bfa0-d1f3-477c-ab87-ee6e878119a7,cfc6ddd0-e643-4abb-a240-f21fd4214236,794da7fd-e2ca-4085-ad55-b00dfb29f0c2",,133e1589-91f2-435f-a3fe-236bc101b4ec,SpacePy,dcf367e6-a310-482b-a0b7-3eff3d258ea6,https://doi.org/10.5281/zenodo.3252523,096d6037-ae03-4797-a692-257677b13049,"SpacePy is a Python package for the space sciences that makes data analysis, modeling, and visualization easier. It supports obtaining OMNI and Qin-Denton data; reading and writing NASA CDF, HDF5, and JSON-headed ASCII; publication-quality plotting; superposed epoch, association, and bootstrap analyses; empirical plasmapause, magnetopause, Lmax, and radiation-belt models; coordinate and time conversion; IRBEM magnetic-field tracing and L-star calculations; IGRF; the LANLstar neural-network model; AE9/AP9 output; and PyBats analysis and visualization of SWMF, BATS-R-US, RAM-SCB, and GITM output.","Python tools for space-science data analysis, coordinate and time conversion, empirical modeling, scientific file I/O, and publication-quality visualization.","ab45d6f4-403d-4528-9246-d2139db5bc72,89b29179-7fba-456e-b4ed-5ff5b548be18,d21c5d29-21ba-4288-bec0-8c077ac15aec,4ed73ccc-e12a-4009-aa2c-e40ea4c0c84a,e9bb1c0d-d4c7-4be7-be51-e3f8328be466,1dacbe62-8d60-4a7e-a1d8-ea0feba270b0,cebf9575-00b1-45bd-a386-fcbef4f589f3,e1c9ec4f-63c6-40bc-b9ab-de70189bd83a,758dab69-cb35-477f-86c0-ed52606e335b,8a197010-e950-47eb-a917-1e549d5411c1,d8c3ac85-6e38-4ec9-baa6-a037b9b16d18,0691c3a9-a02f-4de3-9a1c-965782ddbef9,cfa01ea5-1be6-40fc-b8f0-96c1a866c7e0,76c9ed80-50ea-41fb-9e17-c488430fd00f,402bf733-9d89-4602-b9ee-6e530d1b2836,9ba5be4d-a4db-4145-80cc-9c006d68a219,a85c510d-76d1-4c75-9b81-7ae13a36dd30,5ec2f6e7-b28e-4a24-952c-0f24f6bce1b4,29cb514d-8259-4df4-833f-4e6631cd65e1,ff3b7502-07f2-4652-95bd-692557553cdb,7e6ed025-dbdb-446a-b6de-6ea964042972,05e06b15-ceb0-4623-a9c9-98ad6ec4ef49,0db96bcc-ca00-41b3-9cc5-32ea93d27c12,62d9ee10-eb34-4270-9da6-a7025828f286",https://spacepy.github.io/,"ca51f084-1a32-458e-8ca9-5c1c49a0b227,6b85306a-52cc-458a-be04-5c7d82442038,6480ff1c-f70f-4b8b-a70a-327bcc158f99,52d87dcc-8113-4f4f-9ff4-83cbd2f11bba,ed7e1c95-acef-423b-82bf-43ad6c78f333,7ffc59a8-b2ab-41fd-8cfa-8ca72bb58d1a","bbfd3b11-634d-4d28-8644-c12600811b6d,ab231ba2-0ccf-4cb3-b77a-94f1aee06296,fa1963cd-6a16-49e8-abae-a8db46658b40,c2883e1a-c97e-4dd0-a9ed-7dad7293bb3e,31039da9-c899-438c-ab18-da9733541f12,c459a631-8b02-4cc1-b546-c3ee0c7e19b9,102561e0-8fd0-4084-b4a5-f7e0f36eda03,40f6b676-efcd-4081-b495-41af7370a073,7c439c97-4f6f-436f-be9a-dbb99341124b","bbfd3b11-634d-4d28-8644-c12600811b6d,ab231ba2-0ccf-4cb3-b77a-94f1aee06296,c2883e1a-c97e-4dd0-a9ed-7dad7293bb3e,c459a631-8b02-4cc1-b546-c3ee0c7e19b9,102561e0-8fd0-4084-b4a5-f7e0f36eda03,7c439c97-4f6f-436f-be9a-dbb99341124b","addea8d3-582b-42c8-9144-cf59d80280f0,0de58f22-0f2d-463f-a800-c5ad1fcfb4bb,2e6c3834-d2fc-42f5-9528-b7fe7081845a","d3606a8c-fbb6-4ec1-aba8-6ebfe9f47090,7b098f49-a1f6-4dd9-b966-7202b08d919b,544f6eb1-0f4e-4f69-9a65-c8c8eb184445,61112105-d2a7-4633-bfdc-61eeb4232f70,b3e6c53c-6125-4f8b-91c6-dfe10866e928,ab35e8ce-a5d3-4964-acbe-8e1d468f8757,ea191ba5-0d50-4903-b18a-84ffc2e3effb,21a52e70-5847-4f6d-ac94-e0f0fa19174b,096d6037-ae03-4797-a692-257677b13049",,29d7a7e6-bc1c-44eb-b0ff-bb460ae348ee,"d59c6796-a938-4b20-8ce5-3f9382d41eac,387d9dcb-827f-4e0c-887f-3d10d51284f5,bc97966b-f24c-4952-bc8b-b917594247e1",,"515dae73-68bc-4030-8008-20c9eef5a01c,1810173f-7493-429d-a279-ab30822f1ba1,ceb2430a-fc5b-4425-aa58-d5de2836a0ee,d99a68c9-4fde-417c-8c00-8f7a56c6eaa3,c8168919-8394-4690-96c1-f686edbaaba5,ab8390b8-312d-4c69-b1bd-54993d31dbe4,1deefae3-ade4-414e-b586-7b015772ec14,757ff86d-708f-4f2d-8782-71ab39af4ab9,efeb129a-3fbc-4117-8799-abc003aa4219,c7b4385f-af5a-4e71-9879-43b11e356cf1","bd40cb4e-f5ef-4a30-a7cc-e497b3345f96,5dfe7b96-275a-4402-a6e0-8690236a16ac,2a391fb5-43e2-46c4-8515-1c7b6017b6ac,354168d2-6268-432f-a091-7f4ab72fbef2,6d5fde02-72ca-4635-9dd4-a1876654edaf,b43adce8-73c1-4753-9832-edb3c2b7e466,35c7eac7-4a89-422f-8119-a7d489e8da55,bded9284-fd47-488c-8913-17375acacd5c,4063b9dd-1f3c-4682-9ebe-61754ef284d3,c8de4ad3-1e94-421f-a3f8-8823f174b3f1,a5e307ab-2e31-455c-a29c-4d5b99580a9a,caffa93f-c1bf-41b9-a24d-4eca6c41646d,a06141be-91d4-4b51-b597-7dab3213178a,d17a93da-de27-4b24-b606-2a8368c90185,e0e47e8f-eb01-4a48-b02f-cb288a3ad43a,4d7716a7-1ada-440b-b542-df98ed896833,34055ab4-4b88-4b4e-ade4-a800969d7ad0,467425d2-4e22-4151-ad17-bc97e3c0d8bd,52853e5a-c8ba-4ce8-9875-8120bee89742,4d6a1fcb-4a48-4bb8-ac16-e47941708b4f,6a7dd3a8-a1bb-4db2-8372-67140f439da5,2166bd4c-6910-48bb-8292-a6eefc53af50,20d35b2e-2997-48c2-a6e0-30320700bb0f,7bc60317-69e4-456b-bf9e-c197ffc183ef,7dbf8b44-ce6d-4e1b-8513-ed5796f00e01,a0bcc826-5d43-47fa-84b9-08c3bb65b8ef,cff2bf61-81e0-4f96-bb6b-ac5521a98f3a,683925f0-eaed-47dd-bd9d-fa55550bb4d7,bbb0aaf9-89a9-4ec5-ab86-a4279e999347,d7b30d6c-b700-4372-8be3-2623ce607af9","e3198f61-66f9-4a6c-9da5-78ff247bba89,90175d27-845c-45b7-bd19-add9e5827d18,4c9c2b49-6e86-4490-ab29-2f89359fe661,2844e9c1-dedb-402f-bbb1-b63cb821c8e8","244e1e6b-4a4d-439c-b881-4c22a9d0fd0b,2649aa29-a3cb-4f3b-80c6-f87dffcf876a,1ad58c6a-9217-440d-9e29-30f1112dae39","c84428f2-df59-4ecd-b725-25cf6ab57f72,a4e07475-572f-48db-b2e7-5d59ea194465,6ade9b08-e66f-4c97-a1e7-42274ec78bba",5e436c1c-8128-496d-84d7-c4d01f4e14a4,https://github.com/spacepy/spacepy,https://raw.githubusercontent.com/spacepy/spacepy/main/Doc/source/_static/spacepy_logo.jpg,"7d073440-38e0-4f33-9e88-4d3ed2f9ed7e,73b7fe8c-ee03-46eb-83d8-0ce77956245a"
e211347f-4b04-4765-a230-295f366390d1,"fe54d7d7-5ff3-4471-9b5b-c5f9e96da0c1,da38c24f-c972-4506-90bc-6ca75e9260ef",2022-02-10,ee990b81-8115-4ab4-8a7f-68a4d0bb345d,"6ae49248-8098-439a-ae7a-45a223357615,f561dae0-827b-42fb-be8a-6782e9b25f10,5d6003b0-165b-4c03-96a2-1ee59884ad47,417e27ed-b169-4831-8064-815f5fe7eab1,925f4fe8-d6e1-4cf4-99d4-6f850f4d80c0,6a2c6430-fe12-4d7c-9bd9-119c86da65be,6fbd29df-80c1-40f8-b627-a652e7e03c67,5117de57-ba82-4e60-ace1-9783273dba6f,d857c04b-fb2c-4538-ae33-0c566c27fe36,80ffd628-fa69-4e57-8eee-a8c63cdd4f79,5212d5a9-cfb7-45de-a302-37692fef700b,94db1b02-1168-4968-b24d-9e25f1e9b591,81e926c4-6015-41d1-9ce5-c0c2757ef731,1a016e73-f31f-4a4d-b8e8-c0f0bb45f723,0ad99f2f-b027-42dd-9329-2e2ac49572a4","8f0e066d-0e90-4ffb-ab3e-c50015ae9c1e,01237518-432c-4b1f-a47f-7da7351ca39e,763a6f44-d463-4920-b7ad-10a287c9957a","317d38cf-96d9-4ba3-93cd-4ab1aafd1d9c,ceeef0d2-cc36-45a8-bdfe-3a7f65916568",dbprocessing,7ad0b292-0c14-4df0-baf7-076616645060,https://doi.org/10.5281/zenodo.6047133,,"dbprocessing is a Python-based, database-driven process controller which automates the production of derived data products upon the arrival of new input data. Although originally written for Heliophysics data, it is intended to be flexible enough to manage most forms of digital time-series data.
Documentation is available at <https://spacepy.github.io/dbprocessing/>.",Automated processing controller for heliophysics data,"d21c5d29-21ba-4288-bec0-8c077ac15aec,d8c3ac85-6e38-4ec9-baa6-a037b9b16d18,76c9ed80-50ea-41fb-9e17-c488430fd00f,402bf733-9d89-4602-b9ee-6e530d1b2836,555161bf-13d6-4909-b2d5-6c87d584de24,8dc2735d-5b15-441c-99a3-5138ed6fcf8d,91828430-8646-47d7-8098-0a9724e26c23,3ea4461a-8565-4eb7-a614-e65fe8c96e98,967e8bdb-795d-4f4e-806a-c0eaad2ff22c,9bfba210-58d2-4257-b2ef-33a26fa5de6c,e74a2486-8871-4fe4-886f-ba49f6c1f852,a3f51d29-0e97-4173-92f1-a56335f32b2e,d4136ce2-345a-4011-beaa-456eda820556",https://spacepy.github.io/dbprocessing/,"6480ff1c-f70f-4b8b-a70a-327bcc158f99,ed7e1c95-acef-423b-82bf-43ad6c78f333","bbfd3b11-634d-4d28-8644-c12600811b6d,ab231ba2-0ccf-4cb3-b77a-94f1aee06296","bbfd3b11-634d-4d28-8644-c12600811b6d,7c439c97-4f6f-436f-be9a-dbb99341124b",25b5bc68-71f8-44d8-8216-009adffb2fc3,7f3847c6-f93b-41b3-95a0-739238bc78c8,,c8723cab-e273-44ba-98cf-9c24b392ca33,d59c6796-a938-4b20-8ce5-3f9382d41eac,d7f050b7-b557-445d-a0c5-1d89918a915e,"515dae73-68bc-4030-8008-20c9eef5a01c,1810173f-7493-429d-a279-ab30822f1ba1,757ff86d-708f-4f2d-8782-71ab39af4ab9","297d7c4c-6b7f-49b2-a413-f72f92ac7656,933cfc5f-58e8-40be-99f4-1312da10296e,c888202b-7141-45ec-955f-4b7fa5729643,c8de4ad3-1e94-421f-a3f8-8823f174b3f1,17cc1190-514d-4a82-8483-2c3137e34ba9,c49740b4-31a4-437b-9a2a-d4b020fba389,fcb2dba7-8e67-4d8e-b78a-f118fa7a9532,4d6a1fcb-4a48-4bb8-ac16-e47941708b4f,da6087fe-fa8d-4253-b3da-ed76f7332796",98e8ab00-10e2-448b-b9f2-e8cf43a32e08,4dcfbe4d-f017-4070-bb51-52880269d5ee,"c84428f2-df59-4ecd-b725-25cf6ab57f72,a4e07475-572f-48db-b2e7-5d59ea194465","ebc514ba-2487-42a6-b657-a7e959eabece,b0af9da1-5d54-4dd2-be9f-79e51b1e9d05,07dab8d4-4651-4f07-be32-5cc7a953b79e",https://github.com/spacepy/dbprocessing,,
6adc2c82-61b3-41b4-89ca-62862bfe9b9f,da38c24f-c972-4506-90bc-6ca75e9260ef,2019-12-07,ee990b81-8115-4ab4-8a7f-68a4d0bb345d,"d866fbe3-3385-4489-bb26-f7b0e61143cc,f229e47c-bf32-439d-a84b-41b4470da15e,376c816e-3eea-4ecd-b7bc-4fb3d7412002,a417742f-8f4e-46ee-b076-bf37e1eaa02e,77a38114-57a0-4489-b36b-e12cdd163923,34f94fb2-6cec-4c4f-8890-e5539c1f2226","f29e7249-c7d2-4806-9672-3cf11bc495ea,bfc76aa9-edf5-41c4-9428-819aee187ae3,f9721852-acc7-4166-bc71-965a94be9d43,9de10b5c-8e9d-405f-80ea-f26349988d1c,97b3c689-d261-4a4e-8be9-b7cc16c922bb,1b24721e-f789-419b-b622-8425b43c5aec,f163fc74-8807-485d-a3fc-f0cca15581c4,fe22f50a-a26e-4fff-8916-41a9799a19f0,f7ff5de2-6103-485b-aeb1-dbcace26baa7,4ceb4732-be97-4c91-90f9-3a069e474ef0,892dceb2-fe3d-471f-8d9e-348ab1a7e8a8,49e72ca0-f13b-4b51-9259-62d32e48ada8,9a2cb9ab-c53d-4e11-bd4f-fe432f8949b6,391c8fa2-75b6-4340-83d6-3d69fdc1a30c,c15a092e-ac40-4b62-81a9-b28e9f99841c,dd358c64-d8b3-49d7-8802-bdca2c4f637d,5878999d-bb54-4ced-855c-9ff4bf8dc292,abc0b9e1-7056-492c-9575-296080aa099f,520b6292-7734-494e-b0d9-b0d67320ff36","d092d05b-4472-4b75-b52e-86e0935a8b12,8258f255-c2ab-49cc-9425-8c15a8a7e610,b1ad4c50-3ac2-4f65-8803-10c60eda8b5a,c1123851-2590-4d26-b53c-7516e25565e8,5874fbfb-0c21-4a1f-8c2e-af5734bd7068,40cbc08b-e94f-4d5e-a10d-8721a0c9dcac,4a9e1a36-e029-4939-996f-fc5173f3a61b,70d1426a-bff7-41c9-9905-76837fefc198,c5f6dfb3-c4dc-4beb-bcb9-1c6ddf05619f,e49699f5-8ba7-4b37-a71c-42063554706e,720f7a0b-fd58-47bf-93c7-c5c5105f7d5b,133e1589-91f2-435f-a3fe-236bc101b4ec,317d38cf-96d9-4ba3-93cd-4ab1aafd1d9c,28732268-536a-4d86-9753-bf56de745218,2176b9eb-4809-435b-9a59-d163aa814691,ebde65ca-c333-44b2-876b-d9fd59c4e732",Speasy,dd69e589-b8f3-471f-ba95-d0c1d97ef2e6,https://doi.org/10.5281/zenodo.4118780,,"Speasy is a free and open-source Python package that makes it easy to find and load space physics data from a variety of data sources, whether it is online and public such as CDAWEB and AMDA, or any described archive, local or remote. This task, where any science project starts, would seem easy a priori but, considering the very diverse array of missions and instrument nowaday available, proves to be one of the major bottleneck, especially for students and newcomers. Speasy solves this problem by providing a single, easy-to-use interface to over 70 space missions and 65,000 products.","Space Physics made easy! A simple Python package to deal with main Space Physics WebServices (CDA, SSC, AMDA, CSA) providing easy access to over 70 space missions and 65,000 products.","76c9ed80-50ea-41fb-9e17-c488430fd00f,d21c5d29-21ba-4288-bec0-8c077ac15aec,758dab69-cb35-477f-86c0-ed52606e335b,e9bb1c0d-d4c7-4be7-be51-e3f8328be466,a85c510d-76d1-4c75-9b81-7ae13a36dd30,1f890d25-4f74-4166-b2e5-76d3367bb5d6,d8c3ac85-6e38-4ec9-baa6-a037b9b16d18,cfa01ea5-1be6-40fc-b8f0-96c1a866c7e0,402bf733-9d89-4602-b9ee-6e530d1b2836,4ed73ccc-e12a-4009-aa2c-e40ea4c0c84a,ab45d6f4-403d-4528-9246-d2139db5bc72,89b29179-7fba-456e-b4ed-5ff5b548be18,078c2195-93b7-4811-b103-ea857710faf7,c3303537-97d2-4aa3-b598-a7de40814d85,1dacbe62-8d60-4a7e-a1d8-ea0feba270b0,29cb514d-8259-4df4-833f-4e6631cd65e1",https://speasy.readthedocs.io/en/stable/,"1bb94c8d-04ce-4f5c-b969-71daf6f8f649,2dc72a39-f07b-41cd-a57e-5e00d3a98448,4e9099cf-0072-4807-8a5d-f4d03a06f09f,6b85306a-52cc-458a-be04-5c7d82442038,6480ff1c-f70f-4b8b-a70a-327bcc158f99,52d87dcc-8113-4f4f-9ff4-83cbd2f11bba,ed7e1c95-acef-423b-82bf-43ad6c78f333,5be2f587-e3d9-4309-ad50-2019d9df35af,5268144e-ca16-4f83-838f-c08baa4b7583","bbfd3b11-634d-4d28-8644-c12600811b6d,ab231ba2-0ccf-4cb3-b77a-94f1aee06296,fa1963cd-6a16-49e8-abae-a8db46658b40,c459a631-8b02-4cc1-b546-c3ee0c7e19b9,40f6b676-efcd-4081-b495-41af7370a073,7c439c97-4f6f-436f-be9a-dbb99341124b","bbfd3b11-634d-4d28-8644-c12600811b6d,ab231ba2-0ccf-4cb3-b77a-94f1aee06296,fa1963cd-6a16-49e8-abae-a8db46658b40,c459a631-8b02-4cc1-b546-c3ee0c7e19b9,40f6b676-efcd-4081-b495-41af7370a073,7c439c97-4f6f-436f-be9a-dbb99341124b",25b5bc68-71f8-44d8-8216-009adffb2fc3,723f3d63-8b84-43ab-b9d8-7cef3344e9d6,,29d7a7e6-bc1c-44eb-b0ff-bb460ae348ee,"d59c6796-a938-4b20-8ce5-3f9382d41eac,387d9dcb-827f-4e0c-887f-3d10d51284f5,1948d1db-6e7d-4733-ae68-15fa57b8238b,92c6542d-4389-4c94-98a5-c32e68a0bbe9,bc97966b-f24c-4952-bc8b-b917594247e1",eef6c156-35b4-433f-8d6d-2c3b5005347d,"515dae73-68bc-4030-8008-20c9eef5a01c,757ff86d-708f-4f2d-8782-71ab39af4ab9,c7b4385f-af5a-4e71-9879-43b11e356cf1","45051bdc-8e6a-446d-bbda-3cd23771cee3,bd40cb4e-f5ef-4a30-a7cc-e497b3345f96,c1251819-ceb2-4e79-a3b9-de161ef85627,2a391fb5-43e2-46c4-8515-1c7b6017b6ac,414b2ec1-970a-4e71-9c1e-3558d2eb6cd2,9fdb9926-280e-44b4-bf56-ae2fe0242d7a,d977eee4-5dc3-4e96-afb7-751151021148,6d5fde02-72ca-4635-9dd4-a1876654edaf,b43adce8-73c1-4753-9832-edb3c2b7e466,117d3245-f2e3-42a4-a199-824f2d4d54dd,e2beef79-8312-4db0-abf2-32440274f958,1d4fdf94-a85a-448e-be83-c5dfa24d45dd,ded41705-3a2e-4124-ada8-441b9c2e3c1c,a5e307ab-2e31-455c-a29c-4d5b99580a9a,e0e47e8f-eb01-4a48-b02f-cb288a3ad43a,5e590ebd-59ec-4e2c-895b-72580524514e,1bb6ca8f-8a69-4bb8-ac4e-a7ac7f5ffd4e,641d7ce2-271e-4984-8004-fee81fd78fbb,812975f7-d2a5-4b4f-b8c4-eb5c9a418c72,e5800464-5e79-452c-ae05-32a31154525f,dafb54de-1750-408c-b675-ded62c1ba58e,0226a986-1efc-41e4-9384-efd7b05ce4aa,b5aa09a9-9577-4221-b67e-1070d2b4c569,2c292171-063a-4496-bb9c-b1044bbc1ad9,b2c75140-07b4-45be-ada7-0f5e0bec0033,8f27b913-c9c6-4f4c-a07c-e5585fa7fb88,191d033f-64ad-4945-8d6b-a162ae9161c9,61dec726-3ed1-42fd-b66d-2037dacb8ab5,f3fc6956-bd7c-48ab-9a28-7a00e4d8eee7","08e8e32e-8ff3-4217-a81b-924b50c85086,fdc79a65-a170-47ec-b8b7-529d7debe7d9,459ea88b-fb93-4ba4-bae9-97dcd2e218aa,50e8c13e-6b14-4ff7-921a-e24aabc3b261,33e88af9-ffc2-41c7-8510-6618ad51a2da","fdc79a65-a170-47ec-b8b7-529d7debe7d9,175c0df4-eb7f-4c4e-9577-89a2093b9c92,33e88af9-ffc2-41c7-8510-6618ad51a2da",cf31bdf7-1fa2-4f13-9a2b-a8d5e94384c1,,https://github.com/SciQLop/speasy,https://raw.githubusercontent.com/SciQLop/speasy/main/logo/logo_speasy_400dpi.png,73b7fe8c-ee03-46eb-83d8-0ce77956245a
b8495e18-9a18-4e8f-8b88-85db6e74ec22,"b36db5d9-bb03-41a8-a606-da018371d891,8381adbf-4a23-4c0e-9896-b1445b0e82d5",2014-08-27,ee990b81-8115-4ab4-8a7f-68a4d0bb345d,"e96a9a04-5a81-4458-83a0-7b4ddd94c1bf,dcbea284-9ea0-4f44-9739-ccbe5fc26ea4,b434374c-df1e-4feb-baaa-5262d8dd19ad,d04b21a1-01ea-4616-b72b-5294accde02d,4e53ded9-d000-4c61-bacb-b4c85f1e9cad,d771942a-124c-4016-9e1a-bbc90578fac1,5b5a4313-8408-4334-a1c7-1eb8848f8053,5819efb0-3fb9-4e98-95f2-5b14c49d7f68,0ead8662-05dc-4b60-b1d6-de5c93fcbf85,9618af77-ecc1-420b-84b7-731e9e4d7000,54e74b2e-292f-4284-844c-430babadbb67,a4311539-b94a-437a-8ba3-484d2b02407a","4d319d7a-e29f-4835-ac5f-4cad6544f9fa,f29e7249-c7d2-4806-9672-3cf11bc495ea,d7c94b3e-92b0-4185-926d-51a929b16b64,2caaba1d-33c1-4a66-bcab-5c0b9fd2bb83,17c75324-b33d-40f5-908b-01bb05ec4d9d,6bf366e1-f307-48de-936d-faac9c0b92f0,519f32c1-f95c-4b27-b8ef-fdc0e3bb6cda,022325ee-0d0f-4c7e-8c2d-b525085cae00,12cce156-f05f-465c-a8f2-33c9929b2a20,657d6c2a-56a5-41a9-bcd2-d2dcb42bb258,95f086d3-4912-40a8-a99d-5e1ee009d36e,e0e8483e-c811-44f7-820f-9cd9cec4c3a6,e894b9f8-003b-483f-a616-80ee3650b8dd,7ea19a28-c946-47e1-ad3b-9c0f4f61aec3,1a7f7f70-bd4b-4c90-a042-c6728aef662b,c73e6d20-c59c-453d-9c01-43ed317a6363,fdd6bb93-b4c6-4831-856b-f015f48de4dd,e6eed38c-40f9-4cf7-ba54-3049ff76ea14,8fd144eb-b735-4d2f-a490-17ab1a0ebf2d,aa4baed7-b147-4157-acbd-13bd6d0692df,9ebc2dee-3c1d-4bcd-8918-8bafe44d2b1f,448c03de-3ac8-41b1-a842-4c796293e3ef,f8f14cf5-26e0-4bbd-8c52-e60b567b0f7c,cc6655f1-5a19-40e2-9d81-3db41d5088d8,e57baf3c-f19e-4a64-a388-467dce6c4cf1,7aa33105-136e-4554-9ee6-27e02b900523,637ef872-9069-4cfd-8161-95b83c2a7e60,ba640087-5036-4856-a74b-b04900978427,22dcee4c-1412-4569-aaff-0380376fe8d1,9e04fd5b-3a89-438d-be60-a68c5747513f,2afbd148-db53-43d5-9eb8-8504b0cc035d,25d849f4-367a-4e40-b7ae-2ea058ad2789,cff3e86a-43dd-443d-84bd-0c4393220aa9,d7014054-daae-496d-b220-3ecf668c2146,ca68552a-b637-4649-a410-c60d9a8f8e86,bf664eb3-5d6d-4c30-bd5a-7f4866a6d370,13b48703-adcf-41d5-99d3-b22a6294850f,3b08beca-b322-4544-9698-04c13d1a43ab,d4e07cc3-c28e-4f49-b82d-219d61d8674d,60f7cf35-1507-437b-9367-14fcf1b0907d,1848342a-308f-4d6f-8edc-2720aba93fd7,08f503f0-10e8-4ec9-b78d-dd1e5978bf16,cff48ca7-3910-4eee-aaf9-90534eab4624,58d8e024-1d03-4f18-b589-0b2e50d41e55,c7b7e4c3-71f5-4f1e-ae42-fcd5780722f3,6e599f96-1754-4d98-a40d-9b6547a0012f,80f62798-b233-471b-8029-9cd81af51421,5c705c3a-04fc-4cb6-b997-6ab6b5a197b5,be2e6941-5851-4ad7-b883-c5ed62f6fc40,c3af0431-bec3-4736-a1ee-73a88a8fe694,1d263460-6b1c-4610-b6ce-844bd7359ca1,4aa29777-2d93-4e1b-bba5-c4f90da9c5f3,fef3e08b-3986-4c1e-add6-871654d7687c,7ad2f04f-7ece-4d4c-99a9-a79f32371a74,37a65030-f5fb-4577-9fa0-9633239f33af,bf5f71c4-a737-4f57-b3ea-bcb39b27d9aa,96c3ff57-d5c6-4615-9f44-c71a1c01335c,7c5522e4-3946-4b66-8f4a-d3492a342751,64cc356b-6c45-4f8c-bd52-41c9582a22d0,f21327cd-a830-4b55-aa06-9cd254217f7b,8158c269-16e9-467e-bf75-7b73a5f66d60,ecf8809a-58ab-4209-bb51-a0d05d05959c,067cb4c1-c6c7-47c7-9057-28f96596d886,79ddc517-aa29-4330-8d02-6dfc55c6a328,cdaa2c5b-9f3a-407b-a7b3-60cddad8d679,aec5ce10-bccc-456a-bc05-528e21d42bb7,a3989712-da4a-42cd-818a-7c7cdc8aa542,7595cccd-cf48-4abc-8aff-eeb128f7d9f7,2e4ad538-a889-4bfb-9f7a-bdd8e65edac5,e1629fe9-abd4-4d7a-b9fb-9eaecef62652,6cd7afe5-234b-4713-a6a5-05cd2de53971,f607cbd6-86af-4675-ad30-a00050f90789,67a2929c-3558-42e3-9337-ee7d3ca5cfb1,bb8b11e6-9a5f-4645-8a36-5e9c8c5282cb,7ce3857f-0dc4-4a96-b207-cbd061bb562b,a99eaa85-40ec-4472-a878-4d16692c6ec9,2ee781cb-52e5-4817-99ec-31ef2856bb51,bd008241-ec22-44af-bae3-232de6e232c8,9b75019d-883e-4a40-aeae-6c1a3ccc05bc,d747039a-5d06-45d0-a944-8c85a007e180,8cda1c82-9e6d-4069-b750-f3cafe10f285,be837063-5ac1-43bd-bac3-058aa888af76,6c0acf0f-b60a-48c4-96aa-4a25e2bcbf33,d36f9f40-5ec9-4eb9-8ee4-6b60ccc9c5e7,b0b03778-2bd0-4160-818f-466044823da9,a30fba7a-527b-4618-97af-1e59fab242aa,745a05aa-2aef-4f1b-946d-ffebe9a3540d,213ca4d6-655c-4999-b83c-2ffb408fd343,74e4b992-a72e-4954-9423-4dcc683908bf,2934687b-7bee-4971-b5d9-cd2bb3c64054,e3ff2873-7f2e-4610-b1de-ca8f4ad358f4,60f3a02a-e6f8-4e03-b954-42993467b581,f949c389-d95b-47e6-abd6-1e994814245d,4e81ad3e-00f7-46ea-9eca-a70e378f643a,80e9e90c-060f-4436-9b75-bc0d19606ff4,dd78f1b4-0c38-488f-af5a-1ee93464f41e,fc23f5e1-3bf8-4cdc-b140-7fa6c24ed684,7f330409-66b8-439b-9dba-c8e878b6a20e,5afec4ca-2fc1-4902-a25f-41973326dd4e,53151ef0-db77-420d-b317-13a3b07955a3,9c72aab7-e6e6-4635-8c80-0674e9a939c1,3c1dec0a-82a4-44d0-b6bd-142ca7f30a89,91eb35bf-6af0-4bda-88b3-281ba426bb33,c1045471-7672-4de7-bbaa-ebdcecc586aa,ef241deb-c9d6-4851-8405-287c162156ad,9cc93ffa-4c9f-4229-ad74-665156e874da,f81cd6ad-cf5d-4c2c-9496-a880a334cb45,5e2569ad-5499-40f8-a531-0d60d7494f7e,4a3f51cd-8234-4a24-b252-f93a1f796cc7,c1de359f-b824-4dbb-9d8a-7090a2050da4,f7b8706b-0aa7-453e-b09a-a2d72c2e7d3b,f9721852-acc7-4166-bc71-965a94be9d43,97b3c689-d261-4a4e-8be9-b7cc16c922bb,bfc76aa9-edf5-41c4-9428-819aee187ae3,9de10b5c-8e9d-405f-80ea-f26349988d1c,fe22f50a-a26e-4fff-8916-41a9799a19f0,1b24721e-f789-419b-b622-8425b43c5aec,f163fc74-8807-485d-a3fc-f0cca15581c4,f7ff5de2-6103-485b-aeb1-dbcace26baa7,fd5f9cb1-1c7c-4846-ab5b-da2c159bdaf3,d9e58bcc-ba22-4af0-bc9a-03c85c345e43,1ccaf1c1-7931-44f4-b4a6-ecebfe2ebe02,0b492fde-c128-43d7-8b36-46158fd4f6ee,4ceb4732-be97-4c91-90f9-3a069e474ef0,892dceb2-fe3d-471f-8d9e-348ab1a7e8a8,9a2cb9ab-c53d-4e11-bd4f-fe432f8949b6,49e72ca0-f13b-4b51-9259-62d32e48ada8,dd358c64-d8b3-49d7-8802-bdca2c4f637d,5878999d-bb54-4ced-855c-9ff4bf8dc292,391c8fa2-75b6-4340-83d6-3d69fdc1a30c,c15a092e-ac40-4b62-81a9-b28e9f99841c,2cf65ed8-7804-4d89-89c3-89ccaffcf7b7,42bac13a-3975-466b-8185-ef996dfa4a8f,90969a68-d9e0-430e-af64-bbbe28454314,1b8e3e55-f9ff-403e-8806-4ef34a00616e,fb706f2a-0341-4396-b937-b145e3ce6c1f,257ede0d-bd4f-45f8-a4c9-12f94bfc7221,8b8152e3-0977-4c46-8f27-e77b85302564,a313046d-5cf7-4a9b-8a7d-b52f299c0bcd,015707d1-d7cb-420b-b7e3-9bed55563c94,aee1bbb9-31ec-4f90-aebf-cde77d4c1908,8ddb5932-6179-42e1-af26-28a961aa0dad,327da9d0-abef-4d97-8c1b-e502e01e26b4,cfeea6ed-0dec-4dee-a9f7-27e9fb1c5b0d,cc19f0d3-16c7-4e2d-8dbe-201ef25ebccf,b87348fa-9922-474c-98f0-53af26012798,c613b2af-ff93-4b02-b4a3-378fc27d5bfa,155e1b71-b3bb-4186-99ca-520e82ec0d0c,563b3569-ecf1-4985-a2fb-05376cff6593,6516c914-877d-4f26-bbdc-426ffaed7f88,ff042648-b415-48e2-acb2-7afa1fa6a89c,a2b22140-a254-4999-b5d6-556ff95ea8eb,bfc31ece-890e-4455-9e75-80d7cd960b0e,fd1b0d43-c7c6-4401-9a15-82985ddea773,dc46b6cd-2e53-4140-805e-c07021667fd8,086f3ec1-c296-4353-9b3f-9a49172bff0e,8f0e066d-0e90-4ffb-ab3e-c50015ae9c1e,9cd69408-81cf-4466-9811-3076495a0f17,c4b2aee6-fdf2-4846-87c7-e502f37ad2e3,2a999901-9f8c-446a-a6c1-7127de970667,149cb873-f09d-4898-a66c-4336fdbbd0fc,cd104a2f-ed6f-4e68-b493-4e82a5f1d327,ce3b9504-251f-40e9-b049-9a7470c5db1a,2c8841e8-6f20-4c5e-a315-25b93952095c,f74ab95b-711f-4072-9121-02fdb8f5b7ac,4c793e56-dfee-48c8-8673-c7e7d9622c30,01237518-432c-4b1f-a47f-7da7351ca39e,763a6f44-d463-4920-b7ad-10a287c9957a,50e8f776-215e-4a13-85c8-7bf231503060,9c720b53-6ee7-4275-bf53-4ef6141cd326,67fa3498-527c-4042-80a8-b9064dfbddeb,9df216a8-a730-48f1-a6ec-49ef584048ab,1591b281-8110-4275-85cf-450e013380fc,f8e9897d-8c90-44f6-80b1-55736fe4e3d3,8606420c-e0a9-4624-8a42-3f6885d0ba46,d27256ed-3f3d-48db-bcc6-66188b0425e5,3c6747cf-e07a-46d4-916e-288a3b2288b8,3975020e-b21d-4f60-a778-5f670e7c0fdd,0005ef6b-f236-4b4b-9dc3-95bbb46a7883,953b1318-6b36-45f6-b765-f9f3e88eeef6,12ffef89-94e9-4199-a180-5cf5d814396a,035c856e-767b-4c45-93d7-0caccbe9f813,9e3d1533-9151-4c62-b061-ad0fddbd57e7,1c7defc6-4a36-4a33-a76c-8d0047d91b5e,5191de4b-7374-423e-bc17-423e6f884c3c,f72f5436-6af6-4770-a683-74335137410d,d47fbf62-c85f-4fcc-bffc-7f883db8084b,2c8d9887-2166-4254-bb0a-822a3259f3e6,6771d963-3396-4323-82d1-da89ace8d7e0,3561fec7-314c-4f9b-b237-3ce9a2d7a52b,209144d2-5e66-4c13-bbab-422615000a7a,4af29bdc-0d1d-42cf-8727-98689a2af2f3,0821595b-f0eb-44a2-8485-1147daceba60,5f85b091-79c6-4010-96a2-c42bc1b3561a,071584a3-db0a-41fb-a162-c676f327226e,79ae06ee-4783-4717-b3fc-e2a53b509694,cc7e7006-c469-4a1b-9242-a7bce48ce57a,d30bb546-7267-4920-95bd-462ae88be0b8,6969b455-c72e-4abd-9c7f-4dad8ea53413,53801924-267e-4b53-9414-d3f514905217,67b40be1-0c03-417b-a5a5-e3e37e121f14,8260260c-5c72-449b-bc35-777f2260887b,0bbc90c5-6f3d-4448-ae5a-e92f48b5f0a9,af4cf014-3da7-47d9-b64c-4ac4bf5d2f5e,7c219161-225a-4313-b02a-dfd804c7065a,b2743299-ee4f-4c16-85ca-a6b25af36385,475a1032-6d05-4b11-a5c4-95f029284d0b,1f4db98b-3eac-42c8-a3c0-31bcb89a9a36,f2a290f4-7354-4b6e-af1e-4ade908903d8,4c117f2e-31ee-4cd9-a6b8-199ae2523e5b,0bd64607-89b5-4a2f-8402-d92005b1aeaa,904278e3-8d48-4bed-8761-2f836bf9aaf9,f8d608f1-ba37-4582-ab81-6c2a3f16a667,f4ce3e0c-5ee6-4c3e-b27a-8b266dfe04f9,42a66e74-3649-42f2-98d7-d77e939374a6,e580b140-fa28-48d2-8141-8661fccc480f,ecf60786-a637-4fec-a9a6-c01ad7030a13,7de307f1-2b8c-4d3f-9d29-0366fe6d3e7e,c82fdeba-70a6-4755-b2d2-17f7026c89da,9db2b3cb-2685-4a9b-8da4-3e02df82e2dd,c474acd6-c5bf-42d3-82f0-f1444bd18b6a,302b57bd-aced-48f9-81d5-d68ff252f667,17b5a366-2796-4515-8cf0-6442187dc2cd,53f315b2-c7e3-497f-b0cf-8358553f12e4,e18941d9-ac7b-441f-aa81-a9dfa79a9c7c,549e53a4-cabf-437d-b573-5e9625332a5d,ace471d4-7317-4476-a29b-bc0b18e69436,fc0ff5fd-78a8-430b-9d48-ab05b8b77cd2,374b52c9-a50a-4630-beea-ca7dffad9675,4a916d7c-74c2-4e16-81c8-12db6e72f14b,ef74c459-0b87-4776-ba7e-d70c0e09b3c8,5307d770-75a7-4215-88e6-be1987c64820,82fe8b24-dc16-4150-8809-55b8b6de99e5,05d237ad-eb6b-4963-a950-9fd87d73583b,56592867-1fea-4618-9ac1-6468ce02fbc6,e5318d57-fc5a-4759-85f7-103ad6515b91,edd9d890-51af-4364-badf-57716daefecf,d6e99a7a-1698-4c2a-8c98-ed95a91d168b,d6de6409-f5f4-4bd6-979b-fff6913dec0d,0669a36c-afcb-492a-9814-f9e2b91ef005,2c7efc7a-ba06-45a3-933a-4b340b7d2187,49a6bf1d-afa2-41cd-ada5-108cc3a45a2e,6eee8792-e625-4f35-b57c-86df34663610,1b67f5fa-c87a-4c17-bfca-4d578bc7f4db,6fdcc06d-0bac-4779-843b-4f45253b5839,3a8617bd-7f07-4aec-86a7-53edc5113e16,54b4545c-85ad-4ca3-a3e2-6833f2511bfe,778498b5-0566-4f54-9aa0-efee689d6a7a,652ce76a-68ee-4e3f-bc63-f47a090dc3e9,6f1fa94d-4f43-44ac-a7d8-99e5fe11bc91,87031932-979f-48e5-9a05-d7ff5443761a,30f2343f-527c-4b63-8f64-8257c89ceca9,9a73432e-30d3-4622-9e60-57bdaa645514,5779d177-10d3-47f8-a88c-50bf23347ef1,ac8cdd39-9680-4d14-8203-2962ec7dc718,7f75b534-6160-4433-849a-43f7751516ad,7789f190-2dc5-445d-b2ad-112655c8d322,4190f435-0344-4dc4-99a0-64c6c2ff11b7,b9915a97-7d77-4f2a-bd7a-94b227f8e0c4,7ce0e3ec-74a5-412e-acc5-410891184983,94d363e0-adc4-4a57-9c9f-5635b6ae9a09,b3fc721b-0f03-41ee-b781-eb7d24999515,b20662b3-4dea-480e-8741-c739c22ece9c,6da3dc96-9688-41ca-98a3-b3f1dbf2d275,740a6257-4d5b-4caf-be36-6863e63a6d9d,9dd0e008-05f2-4f3d-83d6-3d4dd753fe41,0dfe3536-3b46-44ec-8df9-c750faab4d94,a9be4e38-2923-49f3-97e4-157df3fe23b3,e620d3f8-3635-498f-9c99-5c47d0c97b83,a6ee1346-690d-488e-a77d-03ec53e670fe,ff0970cb-c9bb-4049-b9e5-53be71725b7c,f952444c-320f-4413-88de-f213ad375177,5b54006e-bc97-4112-a539-b4270efbf061,abc0b9e1-7056-492c-9575-296080aa099f,520b6292-7734-494e-b0d9-b0d67320ff36","9fcc9501-321d-4ccd-af95-e01a9b57059e,d442fec9-0cb9-4cbc-8582-274af45f9d64,ede0bca0-eec8-447d-bad4-bd0b5519dbc7,520109f0-cab2-43b2-95c8-208dae9da18d,714d0a08-c0ea-4df1-97b4-61ddf73a3215,a05cc869-0558-46ff-a54c-07be8a4a4974,d092d05b-4472-4b75-b52e-86e0935a8b12,2da1aefe-15fc-4aab-ba28-bd5f0d0aa125,d07193e6-efc7-4ca9-9525-a4572d04e768,e55f5d31-59a9-4dfc-93d0-00129472c5c8,4f16fa22-7330-42a9-b100-296161f72005,787a3ca5-97a7-428d-b22c-3e1fd07e93f7,b8cead19-aeb4-4406-bd54-2c4515f371bf,8258f255-c2ab-49cc-9425-8c15a8a7e610,b1ad4c50-3ac2-4f65-8803-10c60eda8b5a,d8d3eecd-c89f-453d-ae28-480bcb1005ce,4299d57b-e2f9-443d-a8d3-eacd2d6b8638,9b8b0e9a-a15e-4464-8601-3394b14b4ad0,b5de2221-acd8-4c49-810b-2483890cd747,5874fbfb-0c21-4a1f-8c2e-af5734bd7068,cb400197-676c-4242-9492-f611371947cd,7f7b9c7d-d7fd-4e5b-ba35-e68b531fa000,8a5f3f9d-f9b6-49f3-b604-9522c7f8109b,421a2eba-4e75-4a0b-b4f6-2d95c9b03179,c4651478-d573-492e-a216-06a058045664,abe07a48-9d90-4927-bd5b-063cb405a4a9,88da8b2f-b231-49ac-afcb-4343df72a182,b4aabcec-cfb0-4565-a0a9-91e0b0d4ebe0,7a486701-640f-4d8e-8c5a-6188ed8bbc62,9990d97e-a910-4731-9ab0-dbe49dbcaed6,59ec055d-482f-4047-a56d-254ec86a9f8c,986262f6-8991-4831-a0a6-3445a063c0d1,70d1426a-bff7-41c9-9905-76837fefc198,c5f6dfb3-c4dc-4beb-bcb9-1c6ddf05619f,db37af96-d820-4d54-9088-6359db9a145c,aa253089-d3c4-4d5c-a84e-58c9b1ac2758,e49699f5-8ba7-4b37-a71c-42063554706e,720f7a0b-fd58-47bf-93c7-c5c5105f7d5b,efaf0382-a404-4432-8a85-9c0b86a2e9d3,47ea3a68-32e6-4281-85af-7f1c685d2d35,01ebfcea-e143-46ab-8c73-4faa63a0cecf,dc4f3e43-5caa-45d7-92d9-0ee426ac218d,82f8ef4c-307f-4dc9-b7ba-09042b687ca0,133e1589-91f2-435f-a3fe-236bc101b4ec,317d38cf-96d9-4ba3-93cd-4ab1aafd1d9c,a08ff0b8-23ee-4ba6-82d4-5ecb46203501,af2d2f7a-38b6-4fe4-93fa-2f14c21c1421,47765cc9-78d2-40e2-b19b-2957fb904d31,c1ff2740-f6a0-436b-a345-89a9fe2424f2,46f96c49-c46c-47fa-9610-f546813e7abc,26339745-8c88-4046-a7ba-8197c9c51614,2176b9eb-4809-435b-9a59-d163aa814691,ceeef0d2-cc36-45a8-bdfe-3a7f65916568,122636dc-b785-4365-b4fd-03e90869f4e5",SPEDAS (Space Physics Environment Data Analysis System),d69e1b39-00ac-4851-8c28-31ddbb1dc0f8,https://doi.org/10.5281/zenodo.14919975,1f9bb11b-9128-44cf-a700-0f23eedc5b59,"SPEDAS (the Space Physics Environment Data Analysis System) is a set of tools, implemented in the IDL programming language, to locate, download, analyze, and visualize space-based and ground-based data sets of interest to heliophysics researchers.",SPEDAS (the Space Physics Environment Data Analysis System) is a set of IDL tools for working with heliophysics-related data sets.,"ab45d6f4-403d-4528-9246-d2139db5bc72,89b29179-7fba-456e-b4ed-5ff5b548be18,4a30e300-583d-47dc-bfb8-b0268c888710,c3303537-97d2-4aa3-b598-a7de40814d85,1f890d25-4f74-4166-b2e5-76d3367bb5d6,078c2195-93b7-4811-b103-ea857710faf7,d21c5d29-21ba-4288-bec0-8c077ac15aec,06bdcf26-0423-45d4-8cd0-71a1dd49dfa3,491665b2-0491-4982-9975-8e6a27105089,4ed73ccc-e12a-4009-aa2c-e40ea4c0c84a,9852ca3f-b8fc-4665-a990-465072ec4379,0bab13c3-3184-4b50-8c8c-a946028c48c9,e9bb1c0d-d4c7-4be7-be51-e3f8328be466,1dacbe62-8d60-4a7e-a1d8-ea0feba270b0,cebf9575-00b1-45bd-a386-fcbef4f589f3,e1c9ec4f-63c6-40bc-b9ab-de70189bd83a,758dab69-cb35-477f-86c0-ed52606e335b,6e1dbfec-913f-4d9b-9a3f-e8a2b7f82540,23f6e865-3668-4fa2-9aa9-92bbf9781f10,948d2160-3c88-4045-89f4-7b5bb11198c5,8a197010-e950-47eb-a917-1e549d5411c1,416ec91f-b16f-4a11-8ee5-151133b9dabb,d8c3ac85-6e38-4ec9-baa6-a037b9b16d18,0691c3a9-a02f-4de3-9a1c-965782ddbef9,cfa01ea5-1be6-40fc-b8f0-96c1a866c7e0,91de6864-bad3-4365-ac0f-c9c5c89661f9,8fc506b2-4e32-4ee3-88b9-8ace51d980e3,76c9ed80-50ea-41fb-9e17-c488430fd00f,402bf733-9d89-4602-b9ee-6e530d1b2836,9ba5be4d-a4db-4145-80cc-9c006d68a219,e808c21d-338f-411a-838f-be0ce95700b5,f92b9d24-16c1-4faa-9f43-9bb951d76380,a85c510d-76d1-4c75-9b81-7ae13a36dd30,8b47109e-5f73-4edc-8668-9c4f738684c6,0e94fdda-aba0-468e-87c6-f8943010c7f1,5ec2f6e7-b28e-4a24-952c-0f24f6bce1b4,8c0bddc9-a3dd-4877-bc63-57d58b354551,29cb514d-8259-4df4-833f-4e6631cd65e1,555161bf-13d6-4909-b2d5-6c87d584de24,2f488d8c-dd92-4deb-bad8-7377d1d12b48,841774c2-77c6-4111-af03-b5c2ac3d8bba,91828430-8646-47d7-8098-0a9724e26c23,3ea4461a-8565-4eb7-a614-e65fe8c96e98,bfcf5b70-01f3-49f2-9f68-6ce27a9d4491,814c5e15-5889-43e9-8ff2-f1317204c827,967e8bdb-795d-4f4e-806a-c0eaad2ff22c,9bfba210-58d2-4257-b2ef-33a26fa5de6c,e9afbb1e-0318-41c4-b5cd-c67739fe5fca,d75e9971-7b83-40c6-a1d2-0a59d386c945,d4136ce2-345a-4011-beaa-456eda820556,bb413141-8464-45bf-9fda-82cb836af87e,ff3b7502-07f2-4652-95bd-692557553cdb,05e06b15-ceb0-4623-a9c9-98ad6ec4ef49,0db96bcc-ca00-41b3-9cc5-32ea93d27c12,f7b38a8f-3117-49a5-89b2-a66930c7ca4b,401fe54d-5589-49e2-856a-05b137751442",https://spedas.org/wiki,"2dc72a39-f07b-41cd-a57e-5e00d3a98448,b63e4a91-ff8e-4b71-ae6e-aea0c2971579,ca51f084-1a32-458e-8ca9-5c1c49a0b227,ba7b6ccf-3c5d-409e-aaac-55e4110c8066,4e9099cf-0072-4807-8a5d-f4d03a06f09f,6b85306a-52cc-458a-be04-5c7d82442038,6480ff1c-f70f-4b8b-a70a-327bcc158f99,52d87dcc-8113-4f4f-9ff4-83cbd2f11bba,5be2f587-e3d9-4309-ad50-2019d9df35af,5268144e-ca16-4f83-838f-c08baa4b7583,7ffc59a8-b2ab-41fd-8cfa-8ca72bb58d1a","bbfd3b11-634d-4d28-8644-c12600811b6d,ab231ba2-0ccf-4cb3-b77a-94f1aee06296,fa1963cd-6a16-49e8-abae-a8db46658b40,b82cd96d-8243-41d9-b015-03436704cdbf,c2883e1a-c97e-4dd0-a9ed-7dad7293bb3e,31039da9-c899-438c-ab18-da9733541f12,c459a631-8b02-4cc1-b546-c3ee0c7e19b9,102561e0-8fd0-4084-b4a5-f7e0f36eda03,40f6b676-efcd-4081-b495-41af7370a073","bbfd3b11-634d-4d28-8644-c12600811b6d,ab231ba2-0ccf-4cb3-b77a-94f1aee06296,fa1963cd-6a16-49e8-abae-a8db46658b40,31039da9-c899-438c-ab18-da9733541f12,c459a631-8b02-4cc1-b546-c3ee0c7e19b9,40f6b676-efcd-4081-b495-41af7370a073,7c439c97-4f6f-436f-be9a-dbb99341124b","25b5bc68-71f8-44d8-8216-009adffb2fc3,2a619c02-16ec-4b91-b788-6f3f0b8e10c9,2e6c3834-d2fc-42f5-9528-b7fe7081845a",,"7c78071e-f669-467c-98ee-0fbab8dc53cb,5922afe7-d27b-4cd0-a9e0-c05f0669c76a,e2b159f9-6afa-4092-8366-f26f54a08646",29d7a7e6-bc1c-44eb-b0ff-bb460ae348ee,"d59c6796-a938-4b20-8ce5-3f9382d41eac,387d9dcb-827f-4e0c-887f-3d10d51284f5,bce9a3d4-389b-46d5-ba60-a1df3eaf6547,bc97966b-f24c-4952-bc8b-b917594247e1",eef6c156-35b4-433f-8d6d-2c3b5005347d,"515dae73-68bc-4030-8008-20c9eef5a01c,1810173f-7493-429d-a279-ab30822f1ba1,ceb2430a-fc5b-4425-aa58-d5de2836a0ee,9d76b632-af2e-4300-bffb-dadf0bf4fbf5,5424f843-b398-4bc0-bd43-d26371959315,d99a68c9-4fde-417c-8c00-8f7a56c6eaa3,c8168919-8394-4690-96c1-f686edbaaba5,ab8390b8-312d-4c69-b1bd-54993d31dbe4,1deefae3-ade4-414e-b586-7b015772ec14,e9772970-d2a5-4617-97c9-43906ee43bc0,efeb129a-3fbc-4117-8799-abc003aa4219,757ff86d-708f-4f2d-8782-71ab39af4ab9,a93f49d5-6203-4f64-8d77-18c74a53f7a8,c7b4385f-af5a-4e71-9879-43b11e356cf1,1a7d7021-eaa6-4c0a-a144-e47cafa7b3ec,10e1f7b3-86ee-4acd-b21d-4cee4e3dca9f,25239210-9726-44a6-8748-c045c8a2436a","055b35d6-bd7e-4ebe-842b-5e01524727e7,a34c3b78-fac0-45c2-94c4-da38e7f364de,6ed1e510-4598-4588-a1b1-08aeab8ba52e,d5da21d4-3bd2-4a0d-8915-9e6af47c53de,e6975d71-2a58-4656-883d-c7d7f1b5bac3,158dfa57-4adf-4b97-8c3e-ca5face9b71a,96685417-2bef-4fcc-9022-c3484290b84f,c1251819-ceb2-4e79-a3b9-de161ef85627,2a391fb5-43e2-46c4-8515-1c7b6017b6ac,f3a530ef-a3e1-4e9a-b7fc-587f21fd0250,354168d2-6268-432f-a091-7f4ab72fbef2,ea4413b0-97b7-49ca-97de-ab105127215a,b43adce8-73c1-4753-9832-edb3c2b7e466,a84d585b-c0a5-4d92-ae79-c593f7d6e0b6,a67ac777-7ec0-4c68-ae09-541af914a323,e2beef79-8312-4db0-abf2-32440274f958,da67a035-f62f-4cef-b988-588229414143,732d6095-85fe-4b0c-a45e-af2a3b797680,e2850c52-a266-474f-beb6-b24d6717a566,3fcb2d71-faba-4305-a537-e3510058e124,ef2d1318-5e37-4140-ae47-91df65990d65,a3c32918-fcfe-4670-823d-4679ed5ed6ae,e7dd6813-4a6b-4250-b2b8-2217a7eaf30a,f0ce09ec-4a54-4edd-86d0-2ffd30df77ca,f4f0731f-fbb1-49d7-8cc4-e8b1b63037de,61701154-2e95-47c4-b101-38508a224a95,df192e2e-7ff1-4c25-b4b9-0019c6b5faab,ded41705-3a2e-4124-ada8-441b9c2e3c1c,c8de4ad3-1e94-421f-a3f8-8823f174b3f1,a5e307ab-2e31-455c-a29c-4d5b99580a9a,d362a612-07f1-405d-9338-fb6a79bd2729,edc90521-144a-4b02-86d6-a6f70a3e7c3e,b429ef22-474f-4467-852a-18f2d209b3ec,433c87a4-82e2-4d6d-a333-fdca3114313c,8d152c79-d808-4e0e-ac83-b4aafc8d1c94,9bd6669a-d83a-4294-8dec-15c1be2b82d5,e2931f65-9469-48ec-9976-ba7fd84215c0,cf805a2a-6a80-4133-a1cf-9913b5f2afcc,e0e47e8f-eb01-4a48-b02f-cb288a3ad43a,96087f22-4a57-4b73-a13e-153bc7b6a523,a61b1be6-bc4f-467d-9ff6-e500d36c3fa6,18314bac-3133-41b8-bd62-a3c0c929dd3e,cbb2fe04-61e8-4921-b093-c108e8072e44,641d7ce2-271e-4984-8004-fee81fd78fbb,4d7716a7-1ada-440b-b542-df98ed896833,c49740b4-31a4-437b-9a2a-d4b020fba389,22570da9-86af-47ab-b2f5-b20f1d44cf04,527db8f6-dddd-4e7a-8f84-f081f09fe924,467425d2-4e22-4151-ad17-bc97e3c0d8bd,52853e5a-c8ba-4ce8-9875-8120bee89742,3a5fea24-1496-4efd-86c5-8445c8cf0597,5e645e55-fe32-48c2-8114-91d5762126c6,d07af06c-ad30-458a-bfbf-09d17aab4c52,6a7dd3a8-a1bb-4db2-8372-67140f439da5,173a0a3b-1fe4-45c3-9f3e-f8557765603c,9aac2895-9937-4773-95c2-e2bcbc20a25f,7dbf8b44-ce6d-4e1b-8513-ed5796f00e01,8d1bff6f-648b-442d-859a-35fba1c4069f,cff2bf61-81e0-4f96-bb6b-ac5521a98f3a,b4e50c00-fe91-46ab-9373-bd4c7f382085,9587b754-1224-42cd-b1c6-de0c29979782,f6eb2b1f-78e8-41ed-a490-c7e41f608b3f,38aeef08-ad46-454e-ab40-be56837ea724,e0e82ae3-c718-4a0a-a802-3886b0782894,d7b30d6c-b700-4372-8be3-2623ce607af9,da6087fe-fa8d-4253-b3da-ed76f7332796,c97fd741-40fd-4835-b490-1cf48ee277dd,2764681e-50d6-4936-b3de-7de964ea4a91","083194f8-9c91-4789-89c1-c79fc13a5f6b,9fa69852-1527-461e-b8a1-0a20e53a536f,e4e49cb3-7d15-4a67-aeda-8b6f5c372ae8,1828b40e-4ba9-4e8b-bf38-694862aa894e,f447c803-6e0a-41f2-930e-9f41d3b2e648,c1dca8c9-2591-4283-b0ad-9cbbf18a5dbc","244e1e6b-4a4d-439c-b881-4c22a9d0fd0b,3c83bf56-6b18-445a-ab05-aaec755d3d9e,1828b40e-4ba9-4e8b-bf38-694862aa894e",a4e07475-572f-48db-b2e7-5d59ea194465,"6df8b4d4-8874-48f1-9d28-adff1f97b35b,9c84fc24-d881-4694-bfa4-eb0e66217949,483628fd-437f-41f5-a74e-a4c6ca480883",https://spedas.org/downloads,,"7d073440-38e0-4f33-9e88-4d3ed2f9ed7e,73b7fe8c-ee03-46eb-83d8-0ce77956245a,5e6ea23a-9318-4ad7-bb98-197591c4312c"
d0dcf8b7-d032-481b-b80e-dea683cc1fa4,"b36db5d9-bb03-41a8-a606-da018371d891,f6635932-7453-4b3b-9322-9c1b18147056,da38c24f-c972-4506-90bc-6ca75e9260ef",2016-03-27,ee990b81-8115-4ab4-8a7f-68a4d0bb345d,"bd0fc15e-47cf-4852-b624-2e9ad068f1c6,99d4a4ed-f9f6-47b3-903d-62fd3707f45b,0778a0a5-4ea3-4ea3-b9c0-98907b2ae07e,69da4a2c-241b-44a3-82a6-5352e881497b,20701c05-4803-41b3-a443-82fb917c133c,a3bf3a23-4e6a-4d60-af08-287b1954425d,d6a98b0b-bb2c-49bc-b2a2-1a0769448da6,876cf80a-e8fa-43f9-8e93-af807fa305b6,c581ff5d-c990-41fe-8c7e-cb50f5ef12d9,e5f038e9-9140-451f-a62c-c7f1a68e42f1,69ab549b-1fcf-4ac5-bf0a-9ed63d045a67,f1e72476-c445-47dd-b4ab-40c4a05c615f,5e0c9bb5-59c1-4a88-ada9-3d54187e436f,0c696626-f666-4e6d-95cd-9e0e08910a66,e9e7e198-b639-4da4-8f50-7bc7f145e526,e8785156-b4a3-4d39-ba9c-75ee48cb2296,b88f9b93-61c1-4b2e-a5f5-3b8464b1b022,8cdc0ea7-2ffa-423d-8d21-ff847e833c15,9efa3c99-ee41-470e-ac5b-ba91d689d37a,d291fcdb-8fdd-4336-89e0-df89d1fadeb3,1dce5271-7140-450d-93ee-7314953e89a9",,,SpiceyPy,d6fc3974-eed2-4a66-a876-c45cead999bc,https://doi.org/10.5281/zenodo.593914,4cc46b6f-5f36-45ff-a337-162c0c97f778,"SpiceyPy is a python wrapper for the SPICE Toolkit. SPICE is an essential tool for scientists and engineers alike in the planetary science field for Solar System Geometry. Please visit the NAIF website for more details about SPICE.

IMPORTANT: The code is provided ""as is"", use at your own risk. However, the NAIF now distributes python ""lessons"" that use SpiceyPy as the python to spice interface.",SpiceyPy is a python wrapper for the SPICE Toolkit. SPICE is an essential tool for scientists and engineers alike in the planetary science field for Solar System Geometry.,"ab45d6f4-403d-4528-9246-d2139db5bc72,1f890d25-4f74-4166-b2e5-76d3367bb5d6,c3303537-97d2-4aa3-b598-a7de40814d85,078c2195-93b7-4811-b103-ea857710faf7,89b29179-7fba-456e-b4ed-5ff5b548be18,d21c5d29-21ba-4288-bec0-8c077ac15aec,4ed73ccc-e12a-4009-aa2c-e40ea4c0c84a,ff3b7502-07f2-4652-95bd-692557553cdb,475f62e3-13dd-48a4-a01c-508cb306d7ca,e886b84a-8504-4387-866b-560f26ed847e,555161bf-13d6-4909-b2d5-6c87d584de24,cbc530e0-6162-443b-a4ac-9578ecfd63b4",https://spiceypy.readthedocs.io,,"bbfd3b11-634d-4d28-8644-c12600811b6d,7c439c97-4f6f-436f-be9a-dbb99341124b","bbfd3b11-634d-4d28-8644-c12600811b6d,7c439c97-4f6f-436f-be9a-dbb99341124b","addea8d3-582b-42c8-9144-cf59d80280f0,0de58f22-0f2d-463f-a800-c5ad1fcfb4bb,ee4efb46-e3f3-45d8-8179-4f2a289d356b,2e6c3834-d2fc-42f5-9528-b7fe7081845a","c288ada3-b290-4f0f-89fe-ce16d56e1ab6,d09e4dac-2c92-4c6c-9bb7-21ebb71b8767,d90b2493-1096-4a5e-86a6-15debd37e4e0,670999ef-35da-4399-b690-aa76e6f22ca8",,29d7a7e6-bc1c-44eb-b0ff-bb460ae348ee,"d59c6796-a938-4b20-8ce5-3f9382d41eac,387d9dcb-827f-4e0c-887f-3d10d51284f5,92c6542d-4389-4c94-98a5-c32e68a0bbe9,bc97966b-f24c-4952-bc8b-b917594247e1",eef6c156-35b4-433f-8d6d-2c3b5005347d,"757ff86d-708f-4f2d-8782-71ab39af4ab9,a93f49d5-6203-4f64-8d77-18c74a53f7a8,515dae73-68bc-4030-8008-20c9eef5a01c,c8168919-8394-4690-96c1-f686edbaaba5,ab8390b8-312d-4c69-b1bd-54993d31dbe4","56765abf-02a4-4104-99d0-96ad61a95823,d99b93d6-ef4e-4f4f-89c2-eacbcbf2ad62,e2beef79-8312-4db0-abf2-32440274f958,e233ce92-6fc6-4d72-ae71-1dae63be3009,b60d7dac-3dd2-4ddb-9cd3-95106029bdc8,309be1e4-4112-4125-b248-b6a10c8cc9de,f178cb01-d745-4d02-9bef-a0e56c0eb343,817fb6c6-4a49-4a30-b9c2-31edec30dcf2,33dd35a7-1b9b-471a-b988-c8c3663bd2c7,72a78108-4cd0-41f5-bb9b-4215effd7521,291883aa-cb27-4618-972e-64e59631a187,dafb54de-1750-408c-b675-ded62c1ba58e,4d6a1fcb-4a48-4bb8-ac16-e47941708b4f,a0bcc826-5d43-47fa-84b9-08c3bb65b8ef,9587b754-1224-42cd-b1c6-de0c29979782,6ff00ac7-49cf-4b1d-ac93-fe3fbc513e58,bbb0aaf9-89a9-4ec5-ab86-a4279e999347,395474b4-3405-4b47-81e2-8b6b87b1b1d6,3428fbd7-17c1-4c7e-be9d-74dfb76b7805","dadd2072-4097-4eab-8c60-495397e57fb8,324e13f3-800b-4643-9671-3b52633ec0d9",,a4e07475-572f-48db-b2e7-5d59ea194465,531ef7c5-d8fe-43f2-8494-368d07c133b8,https://github.com/AndrewAnnex/SpiceyPy,,
ecd7fb7a-570b-4466-b0ea-8d4b60016036,da38c24f-c972-4506-90bc-6ca75e9260ef,2021-05-13,974802bb-aabb-4985-9e95-6463c41146c8,"75a5881d-2830-46d0-b598-81a5e6bacae0,aae7aca0-6258-463a-8ae9-54924d291117","242babd2-9ea2-429d-9201-ae3a5a7c3290,5c2795ea-35d2-4493-a4e3-071443c01d88","a1aafba0-f946-4c32-9d34-294ce80b456b,7e18bdee-4686-4ba8-b3c3-eef1e7fbc02e",stokespy,56e252cf-414c-4822-8d5d-c11c8884d28a,,,"StokesPy is an open-source Python package for the analysis and visualization of solar spectropolarimetric data and the inversion results derived from it. Built on the ndcube data model, it provides coordinate-aware containers for full Stokes (I, Q, U, V) profiles and for vector magnetograms of field strength, inclination and azimuth. Stokes maps and profiles can be extracted by physical wavelength or sky coordinate rather than by array index, with derived polarimetric quantities and plotting that includes interactive wavelength-slider views; loader functions build cubes directly from SDO/HMI and Hinode SOT/Spectro-Polarimeter data.","Python package for analyzing and visualizing solar spectropolarimetric data and inversion products, providing coordinate-aware Stokes and vector-magnetogram cubes built on the ndcube data model.","ab45d6f4-403d-4528-9246-d2139db5bc72,75fcec59-681d-48be-95ee-b2454aab57b4,d21c5d29-21ba-4288-bec0-8c077ac15aec,06bdcf26-0423-45d4-8cd0-71a1dd49dfa3,4ed73ccc-e12a-4009-aa2c-e40ea4c0c84a,e9bb1c0d-d4c7-4be7-be51-e3f8328be466,1dacbe62-8d60-4a7e-a1d8-ea0feba270b0,6e1dbfec-913f-4d9b-9a3f-e8a2b7f82540,d8c3ac85-6e38-4ec9-baa6-a037b9b16d18,91de6864-bad3-4365-ac0f-c9c5c89661f9,76c9ed80-50ea-41fb-9e17-c488430fd00f,402bf733-9d89-4602-b9ee-6e530d1b2836,9ba5be4d-a4db-4145-80cc-9c006d68a219,a85c510d-76d1-4c75-9b81-7ae13a36dd30",https://stokespy.readthedocs.io/en/latest/,6480ff1c-f70f-4b8b-a70a-327bcc158f99,b82cd96d-8243-41d9-b015-03436704cdbf,,25b5bc68-71f8-44d8-8216-009adffb2fc3,,"4cd76d5a-0820-43ed-909c-0fda51c81a05,2e7b8064-ac0e-4737-8315-ce8ecd657ff8",c8723cab-e273-44ba-98cf-9c24b392ca33,"d59c6796-a938-4b20-8ce5-3f9382d41eac,387d9dcb-827f-4e0c-887f-3d10d51284f5,bc97966b-f24c-4952-bc8b-b917594247e1",d7f050b7-b557-445d-a0c5-1d89918a915e,"c3a9604e-be8e-4d21-a275-a9912768e290,a93f49d5-6203-4f64-8d77-18c74a53f7a8","9f983a01-e9e6-41de-970f-8d431d79ce27,42f3b9b7-42aa-4b73-8ea2-2594c93d2618,993df0f8-8301-492c-b771-3e766e1ceb7c,45fbe45a-ce8b-4022-9e5e-ec1fdc1ca657,ae8f8482-20dc-498e-9fc0-11d721bbdc87,89ac1236-d27e-48d4-bed0-9dd239b93856,395e5586-9342-4c3a-bc29-1e0989c831a2,dfe10822-9839-4e49-af12-8229ffad552c,313abd4d-f5dc-44c5-84a4-74be5f0f7214",b77e4364-c996-4f3c-aea1-4193a52ff095,"c16d2f32-a431-4ac8-8863-f667fa851438,f6329b6f-dc4e-4bdf-965e-94599428506c,26b66268-73c5-4169-be1f-cec0b5fe3e33",a4e07475-572f-48db-b2e7-5d59ea194465,68a9b11e-313e-4950-a7aa-72b70fe039fd,https://github.com/NCAR/stokespy,,
110491fc-f060-4b9d-ab2c-bb0806824948,da38c24f-c972-4506-90bc-6ca75e9260ef,2017-11-01,ee990b81-8115-4ab4-8a7f-68a4d0bb345d,"cf8220c8-e01b-4aba-ab5c-4a1eff592485,6ae1e775-7e0b-4156-a246-7ea52fe37a50,d3f251f9-02cd-47de-9035-fe6b0ae9ac4a,5c104f22-267f-43d0-9809-e3b145a56372,f9a70c3e-0a85-4266-b588-02ce23dd2b9a,9bd994c7-abf7-4ec6-a03c-f28576730cab,de7c0779-16ad-4710-83fe-433ebcb2b5c7,b851fd8d-9d83-4421-822a-9c1f03e1b0cb,9b01dcea-622a-4a9b-b574-97d93e55ea93,0a671dcd-50a7-4e35-8992-2ef1546f8389,dd897bae-9576-43ba-95da-4e5f5f31b869,3ba35124-1b67-405d-8399-4d6ce89274f0,da4c6b94-f422-4ed7-9f75-d9ccd577ccdd,ff7de896-5252-477a-88f8-4ad5b89c7b3e,083cedc3-89ed-4029-b0ca-4e84cd4a2797,b4bcc825-3e6a-4492-907a-4d3da183a207,beba2566-9423-4a50-937d-334cfcf8b9b7,c5bf94e1-e59c-41e5-bec8-5ac68a9a81be,ee8f3933-5f0b-4573-8696-652b412f5adf",,,sunkit-image,839f52ab-5581-4a2c-b1e2-445b5fc0a9f4,https://doi.org/10.5281/zenodo.5715430,,"sunkit-image is an open-source toolbox for solar physics image processing. It is an experimental library for solar physics specific image processing routines. The package contains image processing algorithms that have been published in the literature, including Multi-scale Gaussian Normalization (MGN), radial gradient filters (FNRGF, NRGF, RHEF), Automated Swirl Detection Algorithm (ASDA), Sunspot Tracking And Recognition Algorithm (STARA), granule segmentation, loop/structure tracing, image coalignment routines, time lag cross-correlation analysis, and Wavelets Optimized Whitening (WOW).",An image processing toolbox for Solar Physics.,"cfa01ea5-1be6-40fc-b8f0-96c1a866c7e0,402bf733-9d89-4602-b9ee-6e530d1b2836,4ed73ccc-e12a-4009-aa2c-e40ea4c0c84a,8fc506b2-4e32-4ee3-88b9-8ace51d980e3,6e1dbfec-913f-4d9b-9a3f-e8a2b7f82540",https://docs.sunpy.org/projects/sunkit-image,,b82cd96d-8243-41d9-b015-03436704cdbf,b82cd96d-8243-41d9-b015-03436704cdbf,25b5bc68-71f8-44d8-8216-009adffb2fc3,,,,"d59c6796-a938-4b20-8ce5-3f9382d41eac,387d9dcb-827f-4e0c-887f-3d10d51284f5,bc97966b-f24c-4952-bc8b-b917594247e1",e30aeeb6-77d6-4994-a80c-320aa1222eab,a93f49d5-6203-4f64-8d77-18c74a53f7a8,"35c7eac7-4a89-422f-8119-a7d489e8da55,4ed9e1dd-8486-4d85-8e0c-2ac4528772a0,644614e2-c3d6-4741-a921-b74be24d693a,bca84a17-1bf6-426c-8404-cc80ae987ead,89ac1236-d27e-48d4-bed0-9dd239b93856",26b66268-73c5-4169-be1f-cec0b5fe3e33,26b66268-73c5-4169-be1f-cec0b5fe3e33,,,https://github.com/sunpy/sunkit-image,,"e85b749e-5788-425a-8952-8fc9a329216b,754b7219-9dc1-4d74-9918-c5f1c0947192"
db2bcb8a-c799-4233-9699-dea23b975972,da38c24f-c972-4506-90bc-6ca75e9260ef,2020-04-02,ee990b81-8115-4ab4-8a7f-68a4d0bb345d,"2ca7fe23-88b3-4fc6-bee0-b47631ee462e,6ae1e775-7e0b-4156-a246-7ea52fe37a50,d3f251f9-02cd-47de-9035-fe6b0ae9ac4a,cef04c28-7cd5-4491-9378-565f2a75c5c8,9a0582e7-4973-4f6d-934c-b62cb061ed07,bf06b318-dc37-4d0b-bf48-448ae4f044c9,9216cf52-d2bb-46ba-857a-049d0a574f22,de7c0779-16ad-4710-83fe-433ebcb2b5c7,0a671dcd-50a7-4e35-8992-2ef1546f8389,74c0fad5-359f-4b65-a01c-04b588551012,dd897bae-9576-43ba-95da-4e5f5f31b869,c1231a09-dbd1-4be9-87c6-44387f12704f,fb9867a0-7a2d-4e1b-81a4-a8562389aef0,90ea7fa1-61f3-4be9-a723-d8a53c39343a,e1046dae-82c8-4d6c-93a4-b126f6fcfbf9,12a24cea-5e9a-46b8-9eb8-d284142cbf74,6bebbb69-28e3-4414-a540-d9706fcdcc97,083cedc3-89ed-4029-b0ca-4e84cd4a2797,66b64319-c80a-437f-b22e-671a60c06198,9e3f67c4-6bbd-415c-8d64-6b293808a2e1,10ca01cf-8659-4bd4-9e39-6a94a3eebb70,cfc6ddd0-e643-4abb-a240-f21fd4214236,480d01f6-c632-4b2f-9cbc-2378967e196a,beba2566-9423-4a50-937d-334cfcf8b9b7,e132e9d3-824a-49db-a649-3147764b127c","d6147642-003e-4524-a115-36c7dc1d7af0,3aab0f49-3bf1-4e42-b5de-bab309c370bf,b5413844-c337-4bb2-a688-5d88146d41e9,c08ebe32-7d23-4438-bbc1-25f090c885f0,effe254e-7829-4755-bab8-fd66d9ec0059,a97424f0-8d1f-4400-960c-e0b5c752b096,1c7defc6-4a36-4a33-a76c-8d0047d91b5e,9e3d1533-9151-4c62-b061-ad0fddbd57e7,5191de4b-7374-423e-bc17-423e6f884c3c,8becf826-ecd3-4bcf-9c3f-f61cfd7230fd","e99c51ca-2422-45bd-a0aa-65863b114c3f,88da8b2f-b231-49ac-afcb-4343df72a182,7a486701-640f-4d8e-8c5a-6188ed8bbc62,e204f22d-3b79-4879-81b9-35d28afd3318,a2d621b8-a00e-454d-a571-733436d290c9",sunkit-instruments,c26b138d-f0ec-452b-b113-cc9b8b07aab9,https://doi.org/10.5281/zenodo.6578605,,"sunkit-instruments is a SunPy-affiliated package for solar instrument-specific tools. Its purpose is not to be a repository for all tools for all instruments. Instead it is intended to perform three main roles: (1) Hold instrument tools that are so few they do not warrant their own package; (2) Hold tools for instruments with no instrument team or the instrument team does not currently support solar applications; (3) Act as an incubator for instrument-specific tools that can evolve into a separate instrument package, backed by an instrument team. The package currently provides tools for GOES-XRS, Fermi/GBM, PROBA2/LYRA, RHESSI, and GOES/SUVI instruments, including data processing, calibration, instrument response calculations, and visualization capabilities.",A SunPy-affiliated package for solar instrument-specific tools.,"d21c5d29-21ba-4288-bec0-8c077ac15aec,758dab69-cb35-477f-86c0-ed52606e335b,bfcf5b70-01f3-49f2-9f68-6ce27a9d4491,a85c510d-76d1-4c75-9b81-7ae13a36dd30,9852ca3f-b8fc-4665-a990-465072ec4379,814c5e15-5889-43e9-8ff2-f1317204c827",https://docs.sunpy.org/projects/sunkit-instruments,6480ff1c-f70f-4b8b-a70a-327bcc158f99,"b82cd96d-8243-41d9-b015-03436704cdbf,c2883e1a-c97e-4dd0-a9ed-7dad7293bb3e,40f6b676-efcd-4081-b495-41af7370a073",,25b5bc68-71f8-44d8-8216-009adffb2fc3,,,,"d59c6796-a938-4b20-8ce5-3f9382d41eac,387d9dcb-827f-4e0c-887f-3d10d51284f5,1948d1db-6e7d-4733-ae68-15fa57b8238b,bc97966b-f24c-4952-bc8b-b917594247e1",d7f050b7-b557-445d-a0c5-1d89918a915e,a93f49d5-6203-4f64-8d77-18c74a53f7a8,"bf78ea45-9c53-42ab-96b1-db056b12c2c9,f2ed22c9-604e-4685-a69a-0fc8160187da,9df2f7c1-7e70-4215-86bc-35fa4f03f8c4,f4f0731f-fbb1-49d7-8cc4-e8b1b63037de,0fadecab-0e19-46cf-9a51-d43beff733df,eb8669e1-42a1-401f-9d7f-de5bd66bc460,3e17c73a-9754-43f8-9450-f8acf8d45319,03bac30a-d541-42f6-afef-fc448d2964d1,bca84a17-1bf6-426c-8404-cc80ae987ead,0ea75da1-a7a5-4eed-a1fc-4a569b9ffe2b,4bacdcb5-ecd6-48b5-8c3b-79c8e99bfffd,98bade75-9f35-483d-a693-81f7e370c618",26b66268-73c5-4169-be1f-cec0b5fe3e33,26b66268-73c5-4169-be1f-cec0b5fe3e33,,,https://github.com/sunpy/sunkit-instruments,,"e14b60b4-c841-4658-9bac-f9298a442562,754b7219-9dc1-4d74-9918-c5f1c0947192,5e6ea23a-9318-4ad7-bb98-197591c4312c"
13b71402-f2cb-4aa3-9b17-639652e87ca8,"b36db5d9-bb03-41a8-a606-da018371d891,da38c24f-c972-4506-90bc-6ca75e9260ef",2011-08-06,ee990b81-8115-4ab4-8a7f-68a4d0bb345d,"51406b50-6c61-4c82-9dc4-977a06ce09cb,083cedc3-89ed-4029-b0ca-4e84cd4a2797,de7c0779-16ad-4710-83fe-433ebcb2b5c7,beba2566-9423-4a50-937d-334cfcf8b9b7,cfc6ddd0-e643-4abb-a240-f21fd4214236,9216cf52-d2bb-46ba-857a-049d0a574f22,dd897bae-9576-43ba-95da-4e5f5f31b869,c478c80b-b2f3-48ca-a3b3-825715f51fd8,74c0fad5-359f-4b65-a01c-04b588551012,c1231a09-dbd1-4be9-87c6-44387f12704f,2808221f-713c-43ad-ada5-c58795a88514,6ae1e775-7e0b-4156-a246-7ea52fe37a50,0a671dcd-50a7-4e35-8992-2ef1546f8389,9e3f67c4-6bbd-415c-8d64-6b293808a2e1,101b010c-c65a-4fc2-aed2-c7c30ffd2378,cef04c28-7cd5-4491-9378-565f2a75c5c8,3ceb4f3c-777c-4ae9-89cb-7e10e207f14f,a1aff984-5a0f-4379-a124-a6a12bc859bb,480d01f6-c632-4b2f-9cbc-2378967e196a,21467b38-49d0-43cb-8948-522058178f1b,7f4a313b-f7c9-47bf-abf9-98b14cda5ba7,10ca01cf-8659-4bd4-9e39-6a94a3eebb70,e1046dae-82c8-4d6c-93a4-b126f6fcfbf9,1eac3b2c-d048-4031-a327-fd2358a08ceb,2ca7fe23-88b3-4fc6-bee0-b47631ee462e,298edd89-46cb-46d1-a8ae-fa759b6c57a7,66b64319-c80a-437f-b22e-671a60c06198,0c220e50-2a23-4d7d-be4d-32ad07d07630,bf06b318-dc37-4d0b-bf48-448ae4f044c9,72f1be77-4be9-4dbc-8c63-78a3d46f37eb,379d55dc-9bbc-4aaf-b108-f0855fc758d5,fc90f9cc-aee0-4526-893a-06098ef861c5,0ddc59e9-4bc5-4000-bf00-eb2df0a2cffe,5e80d0d1-7b85-41da-aa28-29af079e8963,89cadf76-e6aa-4e05-908e-74e1e1d72eec,0ca4f2ff-b65c-4884-bc9e-329500ff9dc2,ed930cc5-0074-44ce-9ef4-f2682fde22f0,9b01dcea-622a-4a9b-b574-97d93e55ea93,3ba35124-1b67-405d-8399-4d6ce89274f0,ac6a7c89-8978-48da-bfe9-131acb5dc69c,8e81f290-c15e-4d31-9166-c87f573d15c9,c5bf94e1-e59c-41e5-bec8-5ac68a9a81be,ba5da7aa-2cfb-4caf-99ec-0321f66774e3,d3f251f9-02cd-47de-9035-fe6b0ae9ac4a,fb9867a0-7a2d-4e1b-81a4-a8562389aef0,51cf5a6d-2b14-4518-b894-84c5647a8b00,e624b69e-85d3-4d0c-a50c-aba517485911,a7d1f0ee-d047-450b-8cc5-f16d8cd85f9a,011623c5-bd7d-4848-9ba9-8d0bb24581f0,9a0582e7-4973-4f6d-934c-b62cb061ed07,1c971a51-4b51-4cd5-a5b6-01f8337cc3af,b4bcc825-3e6a-4492-907a-4d3da183a207,da979f7f-b51a-40ac-9633-9d3f40f8eb13,2a3d6002-7690-47a4-9491-e01f51eb61b0,94abf15b-80ad-45df-b99a-70625d3c6af0,6cdd104e-eb79-4eba-b30d-0a92ad4b6423,c77fd798-97b9-48e5-b3cf-ade23d6493ad,4aeafada-c3c0-47b0-be3c-c278df4dbede,42ab6784-6377-4c20-afe1-426a4a1b3f6c,8f0eafe2-c440-4a7e-98b7-f5e6fe7332ff,d44c7b58-de17-4d4e-84ff-f99c738f00fb,2c4c77fe-a1ba-4a54-aafa-699a0f821be4,e1de620b-45ea-462c-91a7-3e3d087167df,864b264a-9a19-47af-a85c-bcb3d99d3124,12a24cea-5e9a-46b8-9eb8-d284142cbf74,bfb636ab-4809-4fda-81a9-e1899da615d8,677710a6-1bb4-4f12-b3ed-3d3bfa01ab36,2efad427-197e-4532-aac7-c56a7b5d9b54,2b57fbc8-6e76-4585-8e30-a8c46bbbb664,3285706a-d2d4-40d7-81ee-f9fbd1772bdf,f30bcf6d-d1bd-42a6-844a-82eab8ae2dd2,f9a70c3e-0a85-4266-b588-02ce23dd2b9a,a3bf3a23-4e6a-4d60-af08-287b1954425d,45b967be-280a-4d5c-9b61-94f4e25ef161,20d2884c-c2e2-4808-abbc-c655bc81854b,bab8c4e2-01b8-44c2-83b3-a1ba18be79b6,c5f78e8a-cffc-47d5-9984-491494410b7a,722fbfd0-8c41-4c67-ad8a-5884619ae090,4c83c534-3d12-480f-aa88-c0fe2a6c6b52,7e5d2151-9b5c-41f6-97b5-df5349eac54b,0cf58664-a73e-4b89-990f-d552911af702,ea94a1aa-b80d-4d2f-9cbc-5f63b9e378eb,c5050d01-41b1-454d-83ad-542873399ec1,b625d336-1da6-4905-b32b-fa9f2f4456a2,b96141f9-e91a-4892-b5f2-324d77194782,0d577de6-f92a-4c62-9bef-1b356ab424ee,093c5955-7453-4558-906d-aacbbc90c145,5cd38bcc-109c-4eb6-b52e-83f2256afbd5,fab65a33-76ba-4b32-8559-ffde0da03a20,2f62e6a8-377c-4d81-864b-07a282b169b2,984412cb-de8a-4a16-bab8-f96bc1a25fc0,1be0259c-a32d-442e-a2cf-749a8e5e52a8,474498bf-305f-4d17-a023-fa547ff4ce02,69f2375e-5a4a-41f1-a701-0b8301b09307,5af7d1a3-55b3-46fd-932a-26d8d38c0752,cbcd4eb3-e11a-4544-a929-546c420c2cf9,37d3cab3-24a9-44c4-88a0-c394bb72423b,eee9c593-0df0-4db7-8ab8-2a0dfcf1f27f,fb348811-ed9f-4449-b3b3-af2786401b53,eefea7fd-e112-4cad-aefd-7f9f98ab3b87,eaab8e04-ef0e-47f9-bb11-41c4f5dcc4ca,58393c34-370f-44b0-a977-c5dec5fc8e2c,d88b5d3e-5374-46b2-953d-2d2d8561daff,37027c51-98dd-449e-aabf-614a50409eb7,d176d318-5b7d-4b5b-a72c-049a3c15ee22,5fd0f2d8-409b-4368-8497-1d9a8685ce7f,4a703560-ecf5-4ae8-a7e2-028076ec3708,9e6ce1cb-8bd4-4f9a-bbdd-361884aa442f,09687def-9fb7-4fc0-96c5-ec959994c9fc,cf5d7790-a902-47fe-87b3-bc0a5e6411cd,1ea4f866-889f-4c18-ac30-2a0e034c547c,0eb2bb9b-cf82-40d6-9f22-edf4f8ca86b2,378f668b-85e2-46e9-b03b-f5a9694baea1,ef38cac4-cb69-4d41-af63-8ba919cde2e1,dc4f7ca1-6772-46c4-8ae1-04437c3d17e9,2c31422d-505f-4e3c-a26f-ef56842b1a0c,fea9d1b6-1f5e-4922-9021-8b620d506193,2fee2aa4-3926-4434-8379-3ca7389f8804,7d13b2c7-d317-42d9-8a0d-d40072fe2cb9,09e36914-a9bb-48fe-a3f9-336cc0b80afe,4278013d-0002-413f-96c5-ab2f393ed0d2,1059b9a3-2188-4bad-b5e6-720c17add2ef,07c82375-96cb-4e1d-8a0b-ed4cfe29f77b,8987b137-c0bc-41ca-8838-c06328d11f2c,5d33f1c7-2932-4f9e-8f99-646ee42b2b0d,2454c5f5-e96a-4b2d-a45d-4bb79b9de81a,609ff412-7728-4cb3-b51e-4e33026ff8e8,881e4b66-a1f0-4db0-97fe-04c807cd69ee,8820e017-4cc6-4816-9f39-a3e5181f904b,ff7de896-5252-477a-88f8-4ad5b89c7b3e,1d578721-f86f-44fe-b199-2b1c17e0988b,e4fa38ad-d9be-491d-aa4f-ab8c602bf582,312ecd23-8956-4709-b8f3-8a333d51f8f3,e803d560-3358-44ce-8028-eda40a75681f,e7d18d68-4e90-465e-8e10-0e3b83c60661,9cce5810-9ab2-4ae5-8415-7995d8826d96,6f727f3a-bc06-4ffc-ae61-f485ebd5e04e,e132e9d3-824a-49db-a649-3147764b127c,49794b3b-7dc8-4331-8bb9-0f96017456ce,1da4919f-9e2a-44d6-bd38-aae776e8344f,406b8f52-9478-435d-a404-9f764bfd2c28,943b4a6b-c528-4719-8f27-c75aadb7c1d6,02e961ec-4609-4ea5-bf2b-90a47fb6f20d,5ca4916b-2464-4613-9d56-17b5211ff85b,6955e093-4b08-4401-b1a6-cf721295055e,c8b1c84d-5d50-444d-99fe-cdfd78476a55,5d6c1beb-6882-4977-8568-3d7fced6e26d,5543956f-39bf-41cf-8fe6-4ab41d39ee7b,142f6aab-15bf-4115-a37e-76953d37a4af,97b3938e-31bd-4d41-9b8e-6b8be5bbe652,bd090dd4-a1b2-4445-9f93-f68e9d324c16,d7b811fd-e7bc-47b9-acd2-9a8ed663dd26,862bcee2-c257-4b49-b7d1-71f73c029ea7,762d649c-4a7b-49fc-b00b-1178f14718a1,a3cb96dd-425f-4a62-9df4-38930f40a7ca,f24e8fa7-1fb1-4355-af19-7116d3be5a5e,a27a6239-3f2b-435c-bc84-5a4371340f85,d3a2d225-c380-4078-b8f7-d1e5d38d7e8f,f8f71b90-9862-4b1b-b774-5c1d449ad78a,6bebbb69-28e3-4414-a540-d9706fcdcc97,158318c3-43eb-4fa5-938a-b96286e6fd04,40d3b563-556a-4bcc-89c6-7402d5af067d,5cb30320-44e8-4578-92eb-c08ef1e38e48,594447b9-975c-4ccd-ad6d-86360e04903b,e9c9946e-e0a9-4c65-bbda-0ea73fb31d94,87bbed7f-285e-41c2-852a-aa7001bf4a5c,ec60c61e-d773-4b73-ae62-2cb44a75d929,1c571ccf-d3db-4a9c-93a0-0d5f1c830217,e8217bb3-f6d3-4975-a2bb-e20634d5f7ad,b84a21c1-6b9b-4462-97fd-b83484265930,eee28dd3-e518-42c8-ab4c-bc3bdaac41a2,acddd640-35dc-4e70-bfff-f3727326d369,21e5b374-c27e-4218-9d60-451de6cd83da,30e5c9a2-d541-4be1-b2b9-917eb0f68d55,229640d3-19aa-4213-9117-a43634c651a8,9826302b-0287-48ae-8d69-b0701313722d,b7539985-5142-405b-ba2b-3085774b7799,cf20aa4e-9077-4ea3-b646-fd23e7e72602,cc0386be-5dca-4b01-8840-a325d6360d03,1b89c0d8-910f-4caa-86fd-49277c0486ba,5a04cbb8-6a73-47d2-8094-bb4cba867127,6cafe591-0018-4df8-8fc9-a7e1299a3713,1b1a412d-3140-4bb7-822a-4c6149b9f8cd,e66796dd-85e8-4b14-ae3f-1f2c948e96ca,a870445d-e24e-418a-b43a-7423f00c72f8,2eb3146b-84a8-4782-93e0-f9d1f9622e26,b8563229-44ab-4073-8e88-24bc02723a65,0a87bef7-a343-4e78-8cbf-a68a9dbefa5b,b624eb37-c9b7-4b25-8f34-74b3959b89f5,d4259f5b-5cfd-4455-8184-cea714d8d8fe,bfa2c4ed-f5cc-48d1-93b4-a91a9a6b7f85,92c0080f-1951-4a22-a6ea-2a8a2ef0381b,3655a0ec-f956-4cc6-af5b-d6a6b19085d1,82615276-558a-4e76-856e-b7ecbfe75172,0e3d5eb3-2188-48e2-beda-cbb656401129,98dd4738-76a4-4bdb-bca9-e3dc7ebef0e7,9dfdd6b2-aa2e-4b86-a26d-ea29d946b991,b851fd8d-9d83-4421-822a-9c1f03e1b0cb,fd7c284e-da0c-4b24-a36c-eb975b12fb14,55f6778b-9e0e-48c9-980b-bb9049fab2f8,e0dfab56-e527-48e6-b525-e86863dded14,9376d2eb-271b-4231-b956-0ec54436fdcd,a873cf08-3da2-4039-916c-3bcc13fefdb7,0cd89d9a-42c0-4956-8412-938760251bf1,afca228c-46aa-42a2-9e63-fa9d0455020f,07e65f4b-c981-4408-81d4-4a3e5f874211,8247cb77-d6b3-46f0-bafb-efaa38b6e32e,cd2b2bab-14a5-45d2-90e8-fa7751a9d741,64abb887-2274-489b-9924-2edf69e14e5c,e9ddb14c-b566-4f4e-9cde-6359db8f751c,a75d6183-fe00-4b00-a6a3-ce4d52fe52e1,0c627641-eb5f-44be-aa9c-0cb5aaeaab58,b6947c2d-4bf7-4c00-8653-ed617eaa8870,416cbbab-8e0d-4f74-bc37-9ec1bceba723,c6b0eed2-1013-4dd2-a441-d0dc799341db,72dd0b19-36e6-4dff-b4c4-37f6e1e0b072,c048ce91-3977-407d-b4d5-8a788bd44478,8bf5c68b-3c6e-4696-99de-f50e5fa83a80,86cbd127-9eee-4dfb-ba78-32115ab8ac3f,5b0cdd2a-c355-4145-875d-a3dc7c5069a4,7ebcbe3c-82af-40e6-985c-bbf3d7e8d57a,1772cce4-923c-49c3-98a7-d43f12439ee6,de71012b-2f50-4143-82e8-d45ce6b44bdb,583a36cf-21a7-4639-b54f-6ba23e043c8a,fe8eee07-84fd-4009-9b91-a8daed612b0d,2563df70-29b3-4d20-9a30-545a167b6a41,6b9c0744-047d-443e-a06a-69d8e272a610,bf55088e-5461-4ca3-a827-7df717543afd,88bc4069-7790-490d-a4a8-6a4c2c23b51b,c7352fd3-d447-4964-b23b-45c7921ea04b,bafb8e18-e079-4890-9b97-4fcf0b77f90b,35242c52-d20b-41d3-bae1-ef853bc3a7ec,bd2c7362-5aea-4092-a1a5-68bd232f586e,9bf176e1-07ac-4e04-9cdc-ac37826c473d,89f96fcf-d4dc-44be-a3ed-a633589b7136,22d6b661-b2b1-4618-a794-1887a35f0d78,a9e3a41d-3216-4e8a-998f-b2e1d1a75862,a4fe6879-c2c2-4cb0-8851-2fb2cd772eba,05b3b114-ea84-41c7-92db-27ac30922bc1,822fcd2f-13de-4fad-9a93-bea37e2efad4,df91143d-57e5-4d94-acbc-c7d194209160,dda104f3-38b3-40c5-b03b-ce41b037a64c,cb0d4784-502b-4139-8f50-d198038fd66e,8c770ef1-adc2-4c20-9603-d1ba1367b03d,947d886a-aa96-445c-bd67-13ac17588839,2fce0bfb-8b67-4290-b4c0-28a0e78db377,b590fe84-d0e5-45c9-8cb2-ac973cdda47f,d7835165-2981-4bf6-b4b3-9b608f239da0,950770de-e264-4ccb-b576-c8ca55dc6cc2,d72c8def-f0ad-4a42-95dd-0ec8f9b9af01,5d131d3e-c254-4ce8-a1c8-82507ca1ff99,7448f385-5f7f-4543-be58-4fd4985d2672,d11f1d5d-28a4-413e-9fb1-59b062197c1d,d0df2dbe-63d2-4639-8772-d9a390ba463b,2fa50d70-2e6e-403d-9397-3e4de603d2a1,66e7f688-bc10-4583-9747-0432b5a2e749,c8ec2092-310b-42a7-b35e-766106be0c83,27c7edae-7798-4f0e-803b-5371c689a745,018c2daf-2faf-479b-97c0-7605114a577a,8ee66668-5011-4f57-bb4a-1a20cb93eabc,40c2afb0-dfef-4be8-9ac7-12a046cb71c6,94bf8cf1-c688-4e55-89fb-33579199eed0,ba924f7d-47cb-41ec-b3e9-3a60c35e4824,7c840e1d-7e4b-4ac8-af22-3ac96e4459ce,fdafde3f-595b-411d-b4d4-3ea8e4f972d8,b2702b5f-e96a-4029-aa2b-0e33319e66ad,71e2014a-68a9-44c9-92c4-a82d869c3264,ca700b79-3667-47d7-b7ba-6d92f924e8d9,e8beae71-6ea2-4c4d-8c95-9ca473c4577d,a860ff6e-c7fd-4752-ad83-149cbbfd157b,2a19f89d-aff8-422e-8096-cb8eda4ddd30,06ff9078-8fd8-4bea-8f5b-a77fbbe1ce01","48a695d5-dd48-4090-bcfe-ec236546019e,70585dc1-9834-4ee6-9999-3fff4495cd20,95b8a3d7-1ecf-4032-a875-68b5d4e34cff,1ea1de5b-3388-4aa4-8465-2f7f366804b3,d4667602-876a-4724-ac05-6804e1d040c9,52a551fa-ebba-4879-afc0-935517170246,960069ce-6889-418d-a5f2-2ea21607a29b,d6147642-003e-4524-a115-36c7dc1d7af0,f3ec5f96-8082-4994-9121-53e2190b0f57,0912e11d-48b4-41e4-8ed6-0cb4717d620c,a95e3651-206a-4e54-877e-3683ced89673,356c4ae3-29e7-4d07-8735-289b9cbbc95e,d2206b64-3302-4d8d-83b3-2bf0732db796,242babd2-9ea2-429d-9201-ae3a5a7c3290,24a0e171-e130-47c5-85f5-717bdfedece4,3d0e0cf3-30e1-44b3-b381-0ee68d745848,3dc1463c-fa92-487e-ab89-e2925521027b,8e5dd980-9066-4320-88df-9a75ec8caa80,fbca7848-872e-4ee7-83cb-a0ed288a14cd,41005ef5-3095-468e-bd96-afbb896cdc35,88a3636c-5a7b-4ca8-b636-3b98b69bff2d,b5678e19-06ee-4504-ac04-2b948a168843,cb71c5d2-ea3b-45e9-b2e8-91998292cfd5,35e28ed4-701c-4659-b7b0-3fff51a01e2a,5c2795ea-35d2-4493-a4e3-071443c01d88,b5413844-c337-4bb2-a688-5d88146d41e9,3aab0f49-3bf1-4e42-b5de-bab309c370bf,effe254e-7829-4755-bab8-fd66d9ec0059,a97424f0-8d1f-4400-960c-e0b5c752b096,1c7defc6-4a36-4a33-a76c-8d0047d91b5e,9e3d1533-9151-4c62-b061-ad0fddbd57e7,5191de4b-7374-423e-bc17-423e6f884c3c,3c3d5cfd-bded-42b2-b598-8c483b27a48d,02b9cca5-b25e-4f47-b6db-e1988316aef0,2e0ec05f-a145-4c75-bf70-9a37a7cb5fa1,c0b5c2e3-9a17-4070-b15e-30fdd3e3ddd2,8e6b7fbe-25bf-4248-899f-197c990e2ca6,0fa3eeb8-ca70-484d-9205-d03be0d29223,50ead696-acf3-4219-af4c-da1edf521f16,03ae2098-9bb4-4c3d-bd8b-d2efbcaba387,8becf826-ecd3-4bcf-9c3f-f61cfd7230fd,ae1d0d74-af91-41ee-9d35-1834e551ccf1,ad039937-9762-4e07-a0d8-2157d07a1857,288c9a7a-17fa-4b2a-800c-1f159991ae88,2cd25d1e-ef8f-4a9e-af81-b9ac8b881efe,01f55e2d-c320-4ab2-99e6-43869e6a8c0a,c35c7154-0c82-4dad-8f15-9ba3fa85167a","85a81e8d-515c-45b8-bce9-6050f867bc69,e99c51ca-2422-45bd-a0aa-65863b114c3f,7a486701-640f-4d8e-8c5a-6188ed8bbc62,20ab4e9c-8e28-46c4-bf8e-b1024382fc4c,a1aafba0-f946-4c32-9d34-294ce80b456b,56383136-2c06-45d7-a13c-0e1c7ebc583d,6bbcd11d-7315-488c-8bae-3e6bb9999b8f,317d38cf-96d9-4ba3-93cd-4ab1aafd1d9c,e204f22d-3b79-4879-81b9-35d28afd3318,96167296-ee92-4657-aea6-d19a582887d4,a2d621b8-a00e-454d-a571-733436d290c9,47765cc9-78d2-40e2-b19b-2957fb904d31,7e18bdee-4686-4ba8-b3c3-eef1e7fbc02e,28732268-536a-4d86-9753-bf56de745218,c1ff2740-f6a0-436b-a345-89a9fe2424f2,86c66725-423e-4f23-b146-51eb8e59c117,828c4a41-6753-4682-a5a6-8f6fb9c9fa92,1d3827b6-d478-428d-acb6-2a5def01536c",SunPy,80ba33f9-3a7b-4dbb-b445-f2ff2cda2656,https://doi.org/10.5281/zenodo.591887,0bcef136-5743-4fef-8765-4b785e6da472,"sunpy is a Python software package that provides fundamental tools for accessing, loading and interacting with solar physics data in Python. It includes an interface for searching and downloading data from multiple data providers, data containers for image and time series data, commonly used solar coordinate frames and associated transformations, as well as other functionality needed for solar data analysis.","SunPy core package: Python for Solar Physics. Provides tools for accessing, loading, and interacting with solar physics data including image maps, time series, coordinates, and data search.","ab45d6f4-403d-4528-9246-d2139db5bc72,078c2195-93b7-4811-b103-ea857710faf7,89b29179-7fba-456e-b4ed-5ff5b548be18,1f890d25-4f74-4166-b2e5-76d3367bb5d6,c3303537-97d2-4aa3-b598-a7de40814d85,75fcec59-681d-48be-95ee-b2454aab57b4,d21c5d29-21ba-4288-bec0-8c077ac15aec,4ed73ccc-e12a-4009-aa2c-e40ea4c0c84a,e9bb1c0d-d4c7-4be7-be51-e3f8328be466,1dacbe62-8d60-4a7e-a1d8-ea0feba270b0,758dab69-cb35-477f-86c0-ed52606e335b,6e1dbfec-913f-4d9b-9a3f-e8a2b7f82540,d8c3ac85-6e38-4ec9-baa6-a037b9b16d18,cfa01ea5-1be6-40fc-b8f0-96c1a866c7e0,76c9ed80-50ea-41fb-9e17-c488430fd00f,402bf733-9d89-4602-b9ee-6e530d1b2836,a85c510d-76d1-4c75-9b81-7ae13a36dd30,8b47109e-5f73-4edc-8668-9c4f738684c6,0e94fdda-aba0-468e-87c6-f8943010c7f1,ff3b7502-07f2-4652-95bd-692557553cdb,05e06b15-ceb0-4623-a9c9-98ad6ec4ef49",https://docs.sunpy.org,"2dc72a39-f07b-41cd-a57e-5e00d3a98448,ca51f084-1a32-458e-8ca9-5c1c49a0b227,6b85306a-52cc-458a-be04-5c7d82442038,6480ff1c-f70f-4b8b-a70a-327bcc158f99,52af0f1d-3ca9-4362-b10e-f4ae4d69eddc,5268144e-ca16-4f83-838f-c08baa4b7583,2b69ca1c-3268-42ea-ab90-607b8600a014","bbfd3b11-634d-4d28-8644-c12600811b6d,ab231ba2-0ccf-4cb3-b77a-94f1aee06296,b82cd96d-8243-41d9-b015-03436704cdbf,c2883e1a-c97e-4dd0-a9ed-7dad7293bb3e,c459a631-8b02-4cc1-b546-c3ee0c7e19b9,102561e0-8fd0-4084-b4a5-f7e0f36eda03,40f6b676-efcd-4081-b495-41af7370a073,7c439c97-4f6f-436f-be9a-dbb99341124b","b82cd96d-8243-41d9-b015-03436704cdbf,7c439c97-4f6f-436f-be9a-dbb99341124b","addea8d3-582b-42c8-9144-cf59d80280f0,0de58f22-0f2d-463f-a800-c5ad1fcfb4bb,2e6c3834-d2fc-42f5-9528-b7fe7081845a","14398016-22fc-4ff3-95f7-a861dd6566b6,5788d7a0-86c7-462e-af2d-3b141a9254b1,3ace5b29-ab34-45d5-a9d7-b22adee0a193",,29d7a7e6-bc1c-44eb-b0ff-bb460ae348ee,"d59c6796-a938-4b20-8ce5-3f9382d41eac,387d9dcb-827f-4e0c-887f-3d10d51284f5,bc97966b-f24c-4952-bc8b-b917594247e1",e30aeeb6-77d6-4994-a80c-320aa1222eab,"a93f49d5-6203-4f64-8d77-18c74a53f7a8,bd3cc8f7-af8f-45be-88c3-494f3a7512ad,b75d78e6-234d-4bb6-bd52-7de23b537029,c3a9604e-be8e-4d21-a275-a9912768e290,757ff86d-708f-4f2d-8782-71ab39af4ab9,515dae73-68bc-4030-8008-20c9eef5a01c","e0410248-2b43-4409-9866-f22870ead9b5,0c76f1d2-732c-4f6e-9071-5d085fc8067f,354168d2-6268-432f-a091-7f4ab72fbef2,745ebe69-08e8-4075-a6f5-d368c1c5ddf0,6e6ee660-fd57-49db-980c-3ff90a7fe052,35c7eac7-4a89-422f-8119-a7d489e8da55,117d3245-f2e3-42a4-a199-824f2d4d54dd,93bb8b49-d2d7-40f4-a5e4-967df20e6171,b60d7dac-3dd2-4ddb-9cd3-95106029bdc8,c8de4ad3-1e94-421f-a3f8-8823f174b3f1,a5e307ab-2e31-455c-a29c-4d5b99580a9a,c210a733-c77f-409f-9999-f20441eb3e40,42f3b9b7-42aa-4b73-8ea2-2594c93d2618,4d6a1fcb-4a48-4bb8-ac16-e47941708b4f,644614e2-c3d6-4741-a921-b74be24d693a,bca84a17-1bf6-426c-8404-cc80ae987ead,cec9a378-2a97-4b96-b361-63cec170ce48,89ac1236-d27e-48d4-bed0-9dd239b93856,8407aacc-5550-47b9-abe2-ec0688e9aa9a,858eb218-38d0-4658-af3e-97fdbbbe90b5,61dec726-3ed1-42fd-b66d-2037dacb8ab5,d99e7943-165f-4cef-bd72-94695d9ed511","175c0df4-eb7f-4c4e-9577-89a2093b9c92,98e04d27-a04f-4757-a192-6318063d6270,21b8db50-a487-40cd-8977-f6b61b29f72f,5d691b69-fa3e-4c7d-8375-4d2f107d7e8c,5dd3a703-0897-4bb6-bf82-1df750574ca5","c6c2b49a-a969-427e-bb98-04eb8945ba38,175c0df4-eb7f-4c4e-9577-89a2093b9c92,98e04d27-a04f-4757-a192-6318063d6270,6f81630f-10ae-4315-aa1a-9b13f2d4b2f4,5d691b69-fa3e-4c7d-8375-4d2f107d7e8c,5dd3a703-0897-4bb6-bf82-1df750574ca5","1e6cfcf1-e74d-4a24-89d8-ac40137f044e,9f2f1ccf-4374-440d-b656-8762146d1dd6,a4e07475-572f-48db-b2e7-5d59ea194465,5c95c463-a7e1-4bf9-a4b2-ae646aa52e20",0ea9ff0a-ad15-441b-a258-dff3466ac3cd,https://github.com/sunpy/sunpy,https://raw.githubusercontent.com/sunpy/sunpy-logo/master/generated/sunpy_icon.png,"82801102-0270-4fbc-ae73-24afeda2d299,e85b749e-5788-425a-8952-8fc9a329216b,754b7219-9dc1-4d74-9918-c5f1c0947192,5e6ea23a-9318-4ad7-bb98-197591c4312c"
44bf8c74-399d-4b9f-82ee-164c62e525a8,da38c24f-c972-4506-90bc-6ca75e9260ef,2017-02-27,974802bb-aabb-4985-9e95-6463c41146c8,432e3fb2-e9d1-4264-b653-8f90da548caf,3c3d5cfd-bded-42b2-b598-8c483b27a48d,28732268-536a-4d86-9753-bf56de745218,sunraster,e95c7eb5-db3b-4d93-a80e-662c317e313f,,,"sunraster is an open-source Python library that provides the tools to read in and analyze spectrogram data. It is a SunPy-affiliated package which provides tools to analyze data from spectral data from any solar mission. The package supports reading and analyzing spectroscopic data, particularly from the SPICE instrument on Solar Orbiter, and provides data structures (SpectrogramCube, SpectrogramSequence, RasterSequence) for manipulating multi-dimensional spectral datasets with coordinate information.","A Python library for reading and analyzing solar spectrogram data from various missions, with built-in support for SPICE.","76c9ed80-50ea-41fb-9e17-c488430fd00f,d21c5d29-21ba-4288-bec0-8c077ac15aec",https://docs.sunpy.org/projects/sunraster,6480ff1c-f70f-4b8b-a70a-327bcc158f99,b82cd96d-8243-41d9-b015-03436704cdbf,,25b5bc68-71f8-44d8-8216-009adffb2fc3,,,,1948d1db-6e7d-4733-ae68-15fa57b8238b,e30aeeb6-77d6-4994-a80c-320aa1222eab,a93f49d5-6203-4f64-8d77-18c74a53f7a8,"e0410248-2b43-4409-9866-f22870ead9b5,0c76f1d2-732c-4f6e-9071-5d085fc8067f,bded9284-fd47-488c-8913-17375acacd5c,93bb8b49-d2d7-40f4-a5e4-967df20e6171,ce1c86ce-b66e-4b99-a276-0eba9d18bf4a,52853e5a-c8ba-4ce8-9875-8120bee89742,4d6a1fcb-4a48-4bb8-ac16-e47941708b4f,bca84a17-1bf6-426c-8404-cc80ae987ead,89ac1236-d27e-48d4-bed0-9dd239b93856,76503b4d-abf9-48b2-8ba4-64a54fbe2105,9587b754-1224-42cd-b1c6-de0c29979782,858eb218-38d0-4658-af3e-97fdbbbe90b5,d6d6157c-8554-4e4d-b0a1-e22ce85f3665",26b66268-73c5-4169-be1f-cec0b5fe3e33,,,,https://github.com/sunpy/sunraster,,
52e4975a-0d6d-4bb0-91a3-862f8e113091,"b36db5d9-bb03-41a8-a606-da018371d891,648cfb34-470e-47b6-a1ba-b543e90e21ac,51a1fc70-701b-4de4-b4bc-e65991e63599,83a7c4fc-5a5f-48f7-90ea-fa8128d7ee20,dde8f37b-2532-479f-8927-e9dd12d726a8,e7b6f70a-487f-4038-a41d-ad7e39e06fb6,8381adbf-4a23-4c0e-9896-b1445b0e82d5,f6635932-7453-4b3b-9322-9c1b18147056,da38c24f-c972-4506-90bc-6ca75e9260ef",2023-07-05,974802bb-aabb-4985-9e95-6463c41146c8,"8b3e7d30-da7d-4d8e-a530-712c0aaf028f,2728ceb4-aa3f-40b3-bbbb-7ea395724a34,da569b72-7c06-4f8d-b6f8-118c5f2cbbb1,f3af3493-571f-48ed-b7f3-f4446caae9f2,465a2a8b-6cda-4667-a8fb-817232e46d57,0d9e2d60-cbc5-4d1e-a545-0963b0f66b8a,26a535fa-7ec6-4289-b24d-d4b721d1acbc,38055854-f3af-459c-96ba-62011e78f894,a0844705-37e7-4686-985f-33669cf005d8,f24b103d-37c7-4424-88cc-5f645c5fa8c9,ecd03e8e-8bbd-4e96-ad32-6925af2b7920,749b2b57-ae75-410f-843b-98344c4289f1,0702a9c0-7987-47d6-ac0a-c7c96958c1d8,ef23dfda-e10b-44a4-8771-ae0f29941e31","48a695d5-dd48-4090-bcfe-ec236546019e,d4667602-876a-4724-ac05-6804e1d040c9,52a551fa-ebba-4879-afc0-935517170246,960069ce-6889-418d-a5f2-2ea21607a29b,3d0e0cf3-30e1-44b3-b381-0ee68d745848,02b9cca5-b25e-4f47-b6db-e1988316aef0,2e0ec05f-a145-4c75-bf70-9a37a7cb5fa1,8e6b7fbe-25bf-4248-899f-197c990e2ca6,0fa3eeb8-ca70-484d-9205-d03be0d29223,c35c7154-0c82-4dad-8f15-9ba3fa85167a","a1aafba0-f946-4c32-9d34-294ce80b456b,317d38cf-96d9-4ba3-93cd-4ab1aafd1d9c,47765cc9-78d2-40e2-b19b-2957fb904d31,7e18bdee-4686-4ba8-b3c3-eef1e7fbc02e,28732268-536a-4d86-9753-bf56de745218,86c66725-423e-4f23-b146-51eb8e59c117,828c4a41-6753-4682-a5a6-8f6fb9c9fa92",SWMF,,,00e40ba9-95dd-436f-b88d-d7da4577556e,"The Space Weather Modeling Framework (SWMF) is a high-performance software framework for coupling physics-based models of the Sun-Earth system into a single, concurrently executing simulation. It provides a common operating environment in which independently developed models, each covering one physical domain, are registered as components, given their own processor layouts, and advanced and coupled on schedules the framework controls. SWMF spans fifteen domains reaching from the solar convection zone to the upper atmosphere of the Earth: Convection Zone, Eruptive Event generator, Solar Corona, Inner Heliosphere, Outer Heliosphere, Solar Energetic Particles, Global Magnetosphere, Inner Magnetosphere, Plasma Sphere, Radiation Belts, Particle-in-Cell, Particle Tracker, Polar Wind, Ionosphere Electrodynamics and Upper Atmosphere. Any meaningful subset of the models can be run and coupled together.

A Control Module (CON) performs component registration, processor layout, session and time management, and the initialization, execution, coupling and finalization of the components. Each coupling connects one source component to one target component, two-way coupling is expressed as two couplings with the roles reversed, and only the processors involved in a coupling communicate, so the remaining processors keep working. Components placed on disjoint processor sets execute concurrently, and for steady-state calculations each component may progress toward equilibrium at its own rate. A user-supplied physics code becomes a component by adding two small units of code — a wrapper providing the control functions CON needs, and a coupling interface performing the data exchange — both assembled from building blocks the framework supplies, so models keep their stand-alone identity while SWMF builds one executable, SWMF.exe. A run is configured entirely through a PARAM.in text file that CON reads and broadcasts, and every input command is described in machine-readable PARAM.XML files that also drive a graphical parameter editor, a parameter checker and the generated command reference in the manual.

The models distributed with SWMF include the BATS-R-US block-adaptive extended-MHD code, used for the eruptive event generator, solar corona, inner and outer heliosphere and global magnetosphere; the inner-magnetosphere and radiation-belt models RCM, CIMI, HEIDI, RAM-SCB and RBE; the Ridley Ionosphere Model; the Global Ionosphere-Thermosphere Model and its Mars variant; the Polar Wind Outflow Model; the solar energetic particle models of Kóta and MFLAMPA; and the FLEKS, AMPS and iPIC3D kinetic and particle-in-cell solvers. Empirical models are available alongside them, including Tsyganenko 1996 and 2004, Weimer 1996 and 2000, MSIS and IRI, and the Gibson-Low, Titov-Démoulin, breakout and STITCH eruption initiators. SWMF runs in parallel using MPI, supports multi-threaded execution through OpenMP, and has a significant fraction ported to GPUs with OpenACC. It runs under UNIX, Linux and macOS, requires Fortran 2008 and C/C++ compilers and Perl, and is exercised nightly by an automated test suite across several compilers and machines.

Simulations are driven by observed inputs — synoptic photospheric magnetograms, measured solar wind and interplanetary magnetic field, and solar radio flux — and produce plot files, virtual-satellite and ground-magnetometer time series, and synthetic line-of-sight images in the passbands of specific solar instruments. A shipped IDL package post-processes and visualizes these outputs and downloads the corresponding observations for direct model-data comparison.

Although its principal applications are space physics and space weather, including operational use at the NOAA Space Weather Prediction Center and runs-on-request service through the Community Coordinated Modeling Center, SWMF has also been applied to the space environments of Mercury, Venus, Mars, Jupiter, Saturn and Uranus, to planetary moons and comets, to the outer heliosphere, and to astrospheres and exoplanet environments, as well as to high energy density physics and general plasma physics.","A high-performance framework that couples physics-based models of the Sun-Earth system, from the solar convection zone to Earth's upper atmosphere, into a single parallel space weather simulation.","ab45d6f4-403d-4528-9246-d2139db5bc72,078c2195-93b7-4811-b103-ea857710faf7,89b29179-7fba-456e-b4ed-5ff5b548be18,c3303537-97d2-4aa3-b598-a7de40814d85,75fcec59-681d-48be-95ee-b2454aab57b4,d21c5d29-21ba-4288-bec0-8c077ac15aec,06bdcf26-0423-45d4-8cd0-71a1dd49dfa3,4ed73ccc-e12a-4009-aa2c-e40ea4c0c84a,9852ca3f-b8fc-4665-a990-465072ec4379,e9bb1c0d-d4c7-4be7-be51-e3f8328be466,1dacbe62-8d60-4a7e-a1d8-ea0feba270b0,cebf9575-00b1-45bd-a386-fcbef4f589f3,e1c9ec4f-63c6-40bc-b9ab-de70189bd83a,758dab69-cb35-477f-86c0-ed52606e335b,6e1dbfec-913f-4d9b-9a3f-e8a2b7f82540,d8c3ac85-6e38-4ec9-baa6-a037b9b16d18,cfa01ea5-1be6-40fc-b8f0-96c1a866c7e0,76c9ed80-50ea-41fb-9e17-c488430fd00f,402bf733-9d89-4602-b9ee-6e530d1b2836,9ba5be4d-a4db-4145-80cc-9c006d68a219,e808c21d-338f-411a-838f-be0ce95700b5,a85c510d-76d1-4c75-9b81-7ae13a36dd30,0e94fdda-aba0-468e-87c6-f8943010c7f1,ff3b7502-07f2-4652-95bd-692557553cdb,7e6ed025-dbdb-446a-b6de-6ea964042972,05e06b15-ceb0-4623-a9c9-98ad6ec4ef49,0db96bcc-ca00-41b3-9cc5-32ea93d27c12,25f0a6a8-ec49-4827-8d6f-b4524c237475,f180354f-b0ad-49db-bdd9-4304733943f2,f7b38a8f-3117-49a5-89b2-a66930c7ca4b,f64b3118-cc05-4dca-a3c9-1c16079d6b91,e886b84a-8504-4387-866b-560f26ed847e,475f62e3-13dd-48a4-a01c-508cb306d7ca,27c3e41e-8134-42d2-92f3-b444682fc369,6ec2b9b4-0793-4c08-91c1-2bb2dce44a7a",https://csem.engin.umich.edu/SWMFTESTS/SWMF/doc/,"2dc72a39-f07b-41cd-a57e-5e00d3a98448,6b85306a-52cc-458a-be04-5c7d82442038,6480ff1c-f70f-4b8b-a70a-327bcc158f99,52d87dcc-8113-4f4f-9ff4-83cbd2f11bba,2b69ca1c-3268-42ea-ab90-607b8600a014","bbfd3b11-634d-4d28-8644-c12600811b6d,ab231ba2-0ccf-4cb3-b77a-94f1aee06296,fa1963cd-6a16-49e8-abae-a8db46658b40,b82cd96d-8243-41d9-b015-03436704cdbf,31039da9-c899-438c-ab18-da9733541f12,7c439c97-4f6f-436f-be9a-dbb99341124b","bbfd3b11-634d-4d28-8644-c12600811b6d,c2883e1a-c97e-4dd0-a9ed-7dad7293bb3e,7c439c97-4f6f-436f-be9a-dbb99341124b","987f5bd0-1eaa-4757-92f2-bffce6f02ebc,777b21b2-8113-4126-bd7b-41566c66022e,2e6c3834-d2fc-42f5-9528-b7fe7081845a","b91c3331-bfb4-4152-94c7-2e6551ac4701,34c88bfd-3e11-4377-a349-f995a9e2dfbb",,29d7a7e6-bc1c-44eb-b0ff-bb460ae348ee,"d59c6796-a938-4b20-8ce5-3f9382d41eac,387d9dcb-827f-4e0c-887f-3d10d51284f5",11d25161-df7f-4f14-ac45-e687330b3251,"b75d78e6-234d-4bb6-bd52-7de23b537029,bd3cc8f7-af8f-45be-88c3-494f3a7512ad,1deefae3-ade4-414e-b586-7b015772ec14,d99a68c9-4fde-417c-8c00-8f7a56c6eaa3,1810173f-7493-429d-a279-ab30822f1ba1,c8168919-8394-4690-96c1-f686edbaaba5,5424f843-b398-4bc0-bd43-d26371959315,515dae73-68bc-4030-8008-20c9eef5a01c,9d76b632-af2e-4300-bffb-dadf0bf4fbf5,ceb2430a-fc5b-4425-aa58-d5de2836a0ee,ab8390b8-312d-4c69-b1bd-54993d31dbe4,6f93f11b-3dfc-4308-ae94-432a34c192cf,757ff86d-708f-4f2d-8782-71ab39af4ab9,25239210-9726-44a6-8748-c045c8a2436a,1a7d7021-eaa6-4c0a-a144-e47cafa7b3ec,c3a9604e-be8e-4d21-a275-a9912768e290,c7b4385f-af5a-4e71-9879-43b11e356cf1,10e1f7b3-86ee-4acd-b21d-4cee4e3dca9f,a93f49d5-6203-4f64-8d77-18c74a53f7a8,e42ab411-8f39-4faa-864b-63de34253079,efeb129a-3fbc-4117-8799-abc003aa4219,a3865d53-f1e1-47c6-8fb3-75f5a6e31056","5a073b95-76c2-4069-aea8-72cca0293162,5dfe7b96-275a-4402-a6e0-8690236a16ac,b5c68956-cc9e-4b7e-85f4-0bc5312205e4,20b129fe-4cd5-4ef2-97af-68388d41077c,f4fb9931-83b7-49fb-8da4-7165b3828938,c8de4ad3-1e94-421f-a3f8-8823f174b3f1,a5e307ab-2e31-455c-a29c-4d5b99580a9a,b2ff7b6c-c893-45b6-97d9-567068c7700b,88c77590-7946-4307-83db-e93234eb9bab,a06141be-91d4-4b51-b597-7dab3213178a,d17a93da-de27-4b24-b606-2a8368c90185,e0e47e8f-eb01-4a48-b02f-cb288a3ad43a,57881267-6708-45cc-9452-ee9d5dd41f21,0a908dae-ad15-4f84-ad09-af30d7a74d2a,503273f2-a043-40ff-b1e4-faf84688d2d4,a3345da5-77ac-49e9-9acb-698f3fcc5560,467425d2-4e22-4151-ad17-bc97e3c0d8bd,d24d5bda-ffaa-4a26-a987-5df29d3989ff,6a7dd3a8-a1bb-4db2-8372-67140f439da5,44246203-cb99-4f94-8dfb-8752149ef8fc,73c97c54-ef46-481d-9f40-1d78d5dc4654,7dbf8b44-ce6d-4e1b-8513-ed5796f00e01,b2c75140-07b4-45be-ada7-0f5e0bec0033,cff2bf61-81e0-4f96-bb6b-ac5521a98f3a,f64eefd2-92ed-40c7-b9de-7fcac43d93cf,683925f0-eaed-47dd-bd9d-fa55550bb4d7,ac7f6b94-db19-4b56-9cea-8df0981fd0a5,b95cabe0-b5f4-4fd0-895f-2a335f560048","2649aa29-a3cb-4f3b-80c6-f87dffcf876a,9b925ea7-4a7e-4b1d-b481-ab86f658e633,6008dd27-8a37-4d30-99e7-c74d4ede084a,4ff32557-6951-4c6e-b121-23f79db8c527,6a05e005-5d09-4d0e-ae1a-0e8f634758fe,d0e52727-7655-4162-bb90-b2f455f1e176,76e69e29-bd7b-4929-9c7a-16b1e39e5c87,6ec8913e-2e3c-4e92-988b-24780574ce22,88e9c9b8-a227-4990-bd3f-78b74813f952,85fe4803-4f36-4143-916a-3d6f38e8ac65,86a9b479-51d7-44fc-909e-35ffeebf28be,24d8c6ba-3763-4084-93b3-7d8a02e18c01,08312bc8-fca6-4854-a44b-a2bca0736aa7,c82def2c-1ef1-459b-b978-d69f130ae702,80e5fb69-7e94-464c-9682-7ffc2f404f2f,194cd599-1db4-49a5-9fcc-ccb3b7e1145e,4027803a-2ebb-45be-be9c-bf04b481c182,3636f4c1-ef0f-458b-bbab-b270638a275e,5185ef42-5408-482d-ba14-214f3137fd91,a4f5de1a-fac9-424b-87ee-06ef7cb32bde","8cca5a58-105d-457e-8883-ee4be3f97a73,844bab32-f3f0-437b-be87-212e341c5eab,d21727d9-472f-4428-af72-c14e3454e663,33b17a0c-b61d-4133-a4cd-7051570142ad,c53a9337-6edc-426e-a149-865ebfdeca19,f4614bba-b29f-44b8-9421-93a3f3a8c8b2,4dcfbe4d-f017-4070-bb51-52880269d5ee","a4e07475-572f-48db-b2e7-5d59ea194465,d5a4780e-bb5f-4a1c-8ce0-641a66110ac5","8df78f03-30b0-47d2-b253-e870b696b6fe,0f3ceaf3-c768-4781-869c-76d684e9cecd,20f8b053-6983-4c13-849e-92b2fe839afd,898d34f3-a1e1-422a-818a-040d9fe6b4b0,3fa6e49a-dee9-47cb-a48f-87d9cb33b5cf,52979117-9fce-4467-a1ee-d51b8ee1258a,d1648e45-57f1-42dc-8f2e-60bfc983d81b,44ccbf3c-f6aa-416d-a6c2-c0955452b5f3,fbcfb0dc-ff8e-414a-ac5e-db7ec1a1b5c2,0891547a-b63b-4b9c-90ab-f5dca4a02861,92b21119-5990-4b0b-b60e-03e2c7568d5f,a20e7e39-2591-4241-a8e0-b8dbd6f57113",https://github.com/SWMFsoftware/SWMF,https://raw.githubusercontent.com/SWMFsoftware/SWMF/master/doc/Logo/SWMF-Logo-Color-LightBG-Horizontal.png,"e14b60b4-c841-4658-9bac-f9298a442562,82801102-0270-4fbc-ae73-24afeda2d299,7d073440-38e0-4f33-9e88-4d3ed2f9ed7e,e85b749e-5788-425a-8952-8fc9a329216b,73b7fe8c-ee03-46eb-83d8-0ce77956245a,5e6ea23a-9318-4ad7-bb98-197591c4312c"
1fd6fa60-cd5d-4e38-bfea-ea8dc5b25eaa,da38c24f-c972-4506-90bc-6ca75e9260ef,2024-11-27,ee990b81-8115-4ab4-8a7f-68a4d0bb345d,"9216cf52-d2bb-46ba-857a-049d0a574f22,8f8da490-f6e0-438d-b821-13e7a835c11c,f1091b36-ab29-4673-a98c-59d995dd74ad",,,SWxSOC,3a94ccfb-5b52-4164-b621-86f7a19abc84,https://doi.org/10.5281/zenodo.15546486,,"A Python package to support the SWxSOC instrument packages. This package provides core functionality for all SWxSOC Mission Packages, including data access, pipeline processing, and analysis tools for space weather data processing. The package provides a generic object (SWXData) for loading, storing, and manipulating space weather time series data with support for ISTP-compliant CDF files.","Core functionality package for SWxSOC mission providing data access, processing, and analysis tools for space weather instruments.","76c9ed80-50ea-41fb-9e17-c488430fd00f,555161bf-13d6-4909-b2d5-6c87d584de24,d21c5d29-21ba-4288-bec0-8c077ac15aec,e9bb1c0d-d4c7-4be7-be51-e3f8328be466,a85c510d-76d1-4c75-9b81-7ae13a36dd30,d8c3ac85-6e38-4ec9-baa6-a037b9b16d18,a3f51d29-0e97-4173-92f1-a56335f32b2e,4ed73ccc-e12a-4009-aa2c-e40ea4c0c84a,2f488d8c-dd92-4deb-bad8-7377d1d12b48",https://swxsoc.readthedocs.io/en/latest/,,"ab231ba2-0ccf-4cb3-b77a-94f1aee06296,c459a631-8b02-4cc1-b546-c3ee0c7e19b9","ab231ba2-0ccf-4cb3-b77a-94f1aee06296,c459a631-8b02-4cc1-b546-c3ee0c7e19b9",25b5bc68-71f8-44d8-8216-009adffb2fc3,,,,"d59c6796-a938-4b20-8ce5-3f9382d41eac,387d9dcb-827f-4e0c-887f-3d10d51284f5,bc97966b-f24c-4952-bc8b-b917594247e1",,"757ff86d-708f-4f2d-8782-71ab39af4ab9,a93f49d5-6203-4f64-8d77-18c74a53f7a8","2a391fb5-43e2-46c4-8515-1c7b6017b6ac,35c7eac7-4a89-422f-8119-a7d489e8da55,bded9284-fd47-488c-8913-17375acacd5c,51c45c61-3cb7-4652-99d7-6a5a6b0f778b,bec83a8d-f4e5-4dae-8279-4aada5479d52,9351b86b-1baf-4295-bbc5-ab14845affe4,cff2bf61-81e0-4f96-bb6b-ac5521a98f3a,45a9794b-80c0-4dbd-88f4-115015aa921f",a23a2cd2-6771-4f62-8e61-e2a442540535,a23a2cd2-6771-4f62-8e61-e2a442540535,,,https://github.com/swxsoc/swxsoc,https://raw.githubusercontent.com/swxsoc/swxsoc/fbbc26e70863f8acc4df53dee4876a40b5cca154/docs/logo/swxsoc_logo.png,
13659e76-e911-41da-bf99-30eb7b05defc,"b36db5d9-bb03-41a8-a606-da018371d891,648cfb34-470e-47b6-a1ba-b543e90e21ac,dde8f37b-2532-479f-8927-e9dd12d726a8,e7b6f70a-487f-4038-a41d-ad7e39e06fb6,f6635932-7453-4b3b-9322-9c1b18147056,da38c24f-c972-4506-90bc-6ca75e9260ef",2019-08-06,92f2f47f-e094-4444-9d58-f0036766f588,"b434374c-df1e-4feb-baaa-5262d8dd19ad,174996c2-882a-45fa-9f6c-96d197c8d78a,37b1af20-3ebd-40c5-a8e1-d567c2aa0b4f,9bdd5e63-96a8-48e6-8860-cf9469c98178,062fba9f-ea7b-4702-aa99-ae8d9b3d7901,e57b8b07-3030-4b01-94d3-b0f78cacb861,e386ba81-c782-4a79-8a9a-3f7d229623da,6aa418cf-c3c2-4910-ba4c-803394aa61f6,ca20169f-4d32-4ff1-99f7-e3dff93e2d6b,7d75335c-8d95-4691-bc8e-afe8b6ee991f",,,The CCMC Kamodo Analysis Suite,da177ac3-d7c0-4b43-9d8a-2b2e2e1aa764,,8f775734-8f23-4c84-9c8c-34d72b5fd43b,"Kamodo is an official NASA open-source python package built upon the functionalization of datasets. Once a dataset is functionalized in Kamodo, several important capabilities are then available to the user, including data analysis via function composition, automatic unit conversions, and publication quality graphics all using intuitive and simplistic syntax. By applying these capabilities to heliophysics model outputs, we aim to:

- Drastically simplify the currently complex data utilization process for model outputs,
- Provide interactive access to functionalized model outputs for users ranging in programming skill from beginners – via code-free interfaces and video tutorials – to advanced users – via thorough documentation, Jupyter notebook examples and sample workflows,
- Layer multiple functionalities on top of the functionalized model outputs, all with model-agnostic and uniform syntax, including but not limited to:
    - Flythrough tools,
    - Vector field tracing (including magnetic field mapping),
    - Coordinate conversions,
    - Domain-specific interactive plots of publication quality,
    - Modular driver swapping,
    - Satellite constellation mission planning tools,
    - Simulated imagery, and
    - A line of sight calculation tool,
- Greatly reduce the programming skill currently required outside of Kamodo to perform model validation studies and model-data comparisons,
- Enable model output utilization both on the cloud and on personal laptops in a variety of methods (e.g. through HAPI and interactive calls from the command line),
- Streamline the CCMC user workflow by becoming interoperable with other CCMC services (e.g. CAMEL and the various scoreboards),
- And become the next generation interface for CCMC users to interact with and analyze model outputs (e.g. through ROR and IR),

...all while keeping the developed software open-source and freely available. The Kamodo team also supports the heliophysics community by pursuing interoperability with commonly-used python packages, collaborating with community members to add model outputs and new functionalities, and remaining involved with community events (e.g. conferences, challenges, and research support). As the library of supported model outputs types expands and new model-agnostic tools are added, Kamodo will become a staple software package in the heliophysics community to transform current workflows into a more efficient and productive process. We are building the next generation of capability with Kamodo. Join us!","A functional Python API from NASA's Community Coordinated Modeling Center for accessing, interpolating, unit-converting, and visualizing heliophysics/space-weather model outputs and data.","ab45d6f4-403d-4528-9246-d2139db5bc72,89b29179-7fba-456e-b4ed-5ff5b548be18,078c2195-93b7-4811-b103-ea857710faf7,d21c5d29-21ba-4288-bec0-8c077ac15aec,e9bb1c0d-d4c7-4be7-be51-e3f8328be466,4ed73ccc-e12a-4009-aa2c-e40ea4c0c84a,d8c3ac85-6e38-4ec9-baa6-a037b9b16d18,758dab69-cb35-477f-86c0-ed52606e335b,e1c9ec4f-63c6-40bc-b9ab-de70189bd83a,06bdcf26-0423-45d4-8cd0-71a1dd49dfa3,7a337ffc-8338-4601-b136-33d929292a8d,cfa01ea5-1be6-40fc-b8f0-96c1a866c7e0,76c9ed80-50ea-41fb-9e17-c488430fd00f,402bf733-9d89-4602-b9ee-6e530d1b2836,e808c21d-338f-411a-838f-be0ce95700b5,a85c510d-76d1-4c75-9b81-7ae13a36dd30,5ec2f6e7-b28e-4a24-952c-0f24f6bce1b4,0e94fdda-aba0-468e-87c6-f8943010c7f1,24ce2de6-0be7-448f-b5cd-b7f5b21a056c,9ba5be4d-a4db-4145-80cc-9c006d68a219,ff3b7502-07f2-4652-95bd-692557553cdb,05e06b15-ceb0-4623-a9c9-98ad6ec4ef49,475f62e3-13dd-48a4-a01c-508cb306d7ca,0db96bcc-ca00-41b3-9cc5-32ea93d27c12,27c3e41e-8134-42d2-92f3-b444682fc369,9b446b08-fd9d-4ea7-94d3-2a0b3328f121,a52b9772-b059-4c7f-9102-c50ccd0864fd,8c0bddc9-a3dd-4877-bc63-57d58b354551,7e6ed025-dbdb-446a-b6de-6ea964042972",https://nasa.github.io/Kamodo/,"2dc72a39-f07b-41cd-a57e-5e00d3a98448,4e9099cf-0072-4807-8a5d-f4d03a06f09f,6b85306a-52cc-458a-be04-5c7d82442038,52af0f1d-3ca9-4362-b10e-f4ae4d69eddc,5be2f587-e3d9-4309-ad50-2019d9df35af","bbfd3b11-634d-4d28-8644-c12600811b6d,fa1963cd-6a16-49e8-abae-a8db46658b40,c2883e1a-c97e-4dd0-a9ed-7dad7293bb3e,40f6b676-efcd-4081-b495-41af7370a073,7c439c97-4f6f-436f-be9a-dbb99341124b","bbfd3b11-634d-4d28-8644-c12600811b6d,fa1963cd-6a16-49e8-abae-a8db46658b40,40f6b676-efcd-4081-b495-41af7370a073,7c439c97-4f6f-436f-be9a-dbb99341124b",25b5bc68-71f8-44d8-8216-009adffb2fc3,"1f95b9e2-8f96-40f3-97ad-7a0338b909d0,631cf93d-cbc7-47a6-89ac-73ac5a6a0242,65905b68-4828-40a9-a4c4-890ec1d9e09a",33d50895-ebd8-4548-b0ec-b9153405a332,29d7a7e6-bc1c-44eb-b0ff-bb460ae348ee,1948d1db-6e7d-4733-ae68-15fa57b8238b,5b5c9928-9f83-4528-b96a-bd87a1598816,"1deefae3-ade4-414e-b586-7b015772ec14,515dae73-68bc-4030-8008-20c9eef5a01c,c8168919-8394-4690-96c1-f686edbaaba5,ab8390b8-312d-4c69-b1bd-54993d31dbe4,d99a68c9-4fde-417c-8c00-8f7a56c6eaa3,1810173f-7493-429d-a279-ab30822f1ba1,9d76b632-af2e-4300-bffb-dadf0bf4fbf5,5424f843-b398-4bc0-bd43-d26371959315,ceb2430a-fc5b-4425-aa58-d5de2836a0ee,e9772970-d2a5-4617-97c9-43906ee43bc0","4471b0c9-6e7e-44b8-b58d-f183c0aced64,32347f93-20dd-4c31-9578-12c44022740e,c050ce89-2037-4973-b39d-4effdc4de429,0afdfe32-c26b-4da0-b813-48bedb3ae84a,ded41705-3a2e-4124-ada8-441b9c2e3c1c,c8de4ad3-1e94-421f-a3f8-8823f174b3f1,a5e307ab-2e31-455c-a29c-4d5b99580a9a,e41385e3-a6d1-4ce4-84d0-af5642099f92,a06141be-91d4-4b51-b597-7dab3213178a,e0e47e8f-eb01-4a48-b02f-cb288a3ad43a,ac5232b3-823e-4243-9b1d-332dbd42ef1e,7d7c940d-b068-453c-89d0-6da71dc94cbb,3bf25213-85e9-43c1-a66d-575720721d23,09eb4a1e-d0a4-48c1-b81e-2476deab2d85,6a7dd3a8-a1bb-4db2-8372-67140f439da5,5b838c99-5d22-4909-a9df-3aa42e5c2510,cff2bf61-81e0-4f96-bb6b-ac5521a98f3a,ac7f6b94-db19-4b56-9cea-8df0981fd0a5,738959c3-765d-4b2d-a8f7-610f4c266b69,494b3304-bd2d-4ea0-b142-ea7c66f74dda,ed75de78-084d-4f30-b861-a56324c4f5e1","7a15efea-a1a5-4fe3-afbc-dcd7b704f4da,e71d1549-c86d-40e5-b1f5-b9e95fac978e,26c8c2f8-5c15-4f1e-971a-aa3874f1aa46,eea8272a-209b-45a2-867d-28f7903539ec,0da202a5-1fd6-420d-9c35-a8b37f98c1b9,c8c928cc-5a98-405b-b5ef-3bcd18af4b95","cde96ea6-22cd-45e9-9011-f98825866ddb,11156250-c810-4178-939c-8e6d233f5448","a4e07475-572f-48db-b2e7-5d59ea194465,d5a4780e-bb5f-4a1c-8ce0-641a66110ac5","7592b136-a6f6-459e-846e-5d37ae14e567,28df1422-3517-435c-9983-1cfba3aac0ca,d5b6f181-a410-411f-9fc9-3eefe515bf4f",https://github.com/nasa/Kamodo,https://raw.githubusercontent.com/nasa/Kamodo/master/docs/notebooks/Files/Kamodo.png,"7d073440-38e0-4f33-9e88-4d3ed2f9ed7e,73b7fe8c-ee03-46eb-83d8-0ce77956245a"
1d43d4b3-1562-4ccc-9729-49d31aa5309e,"8381adbf-4a23-4c0e-9896-b1445b0e82d5,1af99bfc-2061-4583-9cf3-33df280a7ea8,da38c24f-c972-4506-90bc-6ca75e9260ef",2015-02-11,ee990b81-8115-4ab4-8a7f-68a4d0bb345d,dd77b0be-c31d-4319-a8d4-1ee118c9dbc7,"a461f7fe-fb0d-429f-bd57-b87e1672afdc,9ad1a1d1-1983-4ef4-9231-ea95c5423ba5,627196f1-9bc6-48d9-ba10-4108c21bc97a,f21cdd56-936a-4218-9704-8bb6e0f90d31,202f9347-9c94-4066-99e9-ca16cae8c62c,bad89e14-c7a8-4335-9509-21247ca2d0a4,3ff8ce88-a28d-49eb-89ef-18f642b2577a,770ecd85-0c7a-48e1-b89f-8ab12056dfa6,dea0febc-41c6-4f51-a6a9-27e71be69c89,02133f4b-c93f-4e35-9d44-e4f4b8790527,3038a6f8-14cf-4131-af0f-bacdc0748b58,6676e93d-344f-44f5-8773-c36ebf06a807,aff90cde-16bf-4a57-b985-e71776a895f4,823c7a65-bf66-45c4-bf10-56b7ef5b20d6,613d6f85-d9df-463f-aee8-64cbd78db131,549501ec-1813-48fd-bb48-f24187e117fa,6a481584-b48b-429e-b168-9a80e80f1baa,6f4847bd-3ce7-4617-8b44-af520c08c244,37f68820-6ebd-4a20-9957-511af879db79,3ba2956a-fdad-4747-81b6-e7e42c33c64d,c4253e18-ccdd-48e7-b706-a6380318d2ee,5efe757b-8147-4ebb-be1f-85888d4100e3,950557f9-0359-47ac-bb33-e3aa1a9a7f80,53b35b1c-5c86-46e2-853a-a308c38b4e3a",2176b9eb-4809-435b-9a59-d163aa814691,THEMISasi,2a16e356-a4b5-43da-ad88-5bc280041a51,https://doi.org/10.5281/zenodo.595411,,"Read & plot 256x256 ""high resolution"" THEMIS ASI ground-based imager data from Python. THEMIS ASI data are collected with the original 2002 design, using Starlight-Xpress Lodestar MX716 cameras with monochrome Sony ICX249AL imaging chips. A subregion from full-size 752 x 582 pixels (512 x 512 pixels) are 2x2 binned to 256 x 256 pixels and retrieved over USB 1.1 for disk storage. This package also reads the THEMIS ASI star registered plate scale, giving azimuth and elevation for each pixel. The software supports downloading data concurrently using asyncio, loading calibration data with azimuth/elevation information, coordinate conversion to RA/Dec, video playback, and plotting pixel time series.","Reads and plots THEMIS ASI video data of aurora, including calibration for azimuth/elevation and coordinate transformations.","ab45d6f4-403d-4528-9246-d2139db5bc72,1f890d25-4f74-4166-b2e5-76d3367bb5d6,d21c5d29-21ba-4288-bec0-8c077ac15aec,e9bb1c0d-d4c7-4be7-be51-e3f8328be466,1dacbe62-8d60-4a7e-a1d8-ea0feba270b0,758dab69-cb35-477f-86c0-ed52606e335b,6e1dbfec-913f-4d9b-9a3f-e8a2b7f82540,d8c3ac85-6e38-4ec9-baa6-a037b9b16d18,76c9ed80-50ea-41fb-9e17-c488430fd00f,402bf733-9d89-4602-b9ee-6e530d1b2836,a85c510d-76d1-4c75-9b81-7ae13a36dd30,0e94fdda-aba0-468e-87c6-f8943010c7f1",https://github.com/space-physics/themisasi/blob/main/README.md,"6b85306a-52cc-458a-be04-5c7d82442038,6480ff1c-f70f-4b8b-a70a-327bcc158f99","ab231ba2-0ccf-4cb3-b77a-94f1aee06296,c2883e1a-c97e-4dd0-a9ed-7dad7293bb3e,31039da9-c899-438c-ab18-da9733541f12,40f6b676-efcd-4081-b495-41af7370a073",7c439c97-4f6f-436f-be9a-dbb99341124b,25b5bc68-71f8-44d8-8216-009adffb2fc3,"0fd5b8eb-73a9-4810-9232-d50be4a90b4f,30e77670-4525-4d94-bf57-af454243f5c7","cfa309e9-59c4-4ab4-8c7a-e60932da30dc,69d8179b-8ed7-4c93-9d9a-84b78df32e3d,bc8a871f-2ed3-4be1-94f6-6346dceed93a",,"d59c6796-a938-4b20-8ce5-3f9382d41eac,387d9dcb-827f-4e0c-887f-3d10d51284f5,bc97966b-f24c-4952-bc8b-b917594247e1",,"1deefae3-ade4-414e-b586-7b015772ec14,515dae73-68bc-4030-8008-20c9eef5a01c","c882ea88-d97e-4c1d-8e87-457bf7ed98d1,946edb6e-29ec-4d36-b310-d16afa0a28b4,158dfa57-4adf-4b97-8c3e-ca5face9b71a,04e9fd40-f52d-4d9a-9bbd-639ae7b80e6a,bbd193e0-c22a-4c1d-a787-3efaa787c893,e0e47e8f-eb01-4a48-b02f-cb288a3ad43a,4d6a1fcb-4a48-4bb8-ac16-e47941708b4f,e0e82ae3-c718-4a0a-a802-3886b0782894,ac3716e9-e86e-480c-aa7a-ac90b8e53e16",b35796e5-c290-412b-b9b5-0e7d80d2a89a,b35796e5-c290-412b-b9b5-0e7d80d2a89a,,,https://github.com/space-physics/themisasi,https://i.ibb.co/Jyx1nNd/thm-gbo-logo.jpg,
52d61c70-77fd-4c4a-aae8-f4e24dde6de8,"e7b6f70a-487f-4038-a41d-ad7e39e06fb6,da38c24f-c972-4506-90bc-6ca75e9260ef",2025-04-14,ee990b81-8115-4ab4-8a7f-68a4d0bb345d,"5ad02ec8-03db-40ed-98bb-226d4eca6060,07d3914b-ed74-4148-86cf-4bbafd446a86,6ca4af06-1eb0-4bf4-82f2-ebcfd19d7fd5,4ee7c972-9dac-4084-a89b-1c0b26598e18,a38b15e9-a0ab-4088-b083-89ed3ca70e26,8b494ab8-22a3-4d42-8416-69965f357616,165a7ee5-fe5c-43b6-ab2a-a607623c326d,7c14aed2-dcbf-40d2-9d85-ea54d3653bf4,fe24f018-b9da-4861-bbd2-0ae1c604112f,96141a8a-6c3a-449d-a9f5-e9fc553e41fd,f6837ca0-d3cd-4717-afb6-e466bb542d31,f7eb8add-9673-478f-9fe7-8fc10b6a226a,723fa063-4cdc-4f47-9985-20f9f5709ec9,f230c883-96d4-4440-bcef-a2d6d6613ecb,e2df05fd-0257-46c8-99ff-41b225ff24e6,42336f20-ea81-4694-ad54-9dc41acc6e9a,7b49183a-7cfc-47cb-a25f-0cd09583f459,5c639c32-c15e-4a44-b2e9-2ab488e2cb8f,f1f7ff02-90f1-4e66-93c5-fabba213e4a8,58bc473a-1887-4280-bb8e-f027b7d27b2b,f6bd0099-a608-445d-b557-93966a0afb4c,8a08cdb1-114e-49f3-87d7-25ad6b3f0292,d00b0c53-7cfe-4383-8264-439bbf048d56,31c88e5d-c0f9-4999-9323-1782e95d6f6b,85223068-5da3-4f09-b541-00290b1e5238","47de331b-c0de-40e5-9f5c-bb48dbc875a8,f20dd1b7-2129-4a22-b973-bee1a9fd6d78,9f74ff1a-9cac-4417-87e0-bc50c41cb46d",0f9fea99-f1f2-4328-96f6-3c6420f61e71,TIEGCM v3.0,dbc178dc-3e63-4fda-917f-2d37e26ef49b,https://doi.org/10.5281/zenodo.15214470,b2a25bae-0586-4957-9cf9-15b8415dfa10,"The NCAR Thermosphere-Ionosphere-Electrodynamics General Circulation Model (TIEGCM) is a comprehensive, first-principles, three-dimensional, time-dependent numerical model of Earth's upper atmosphere, spanning the upper stratosphere, mesosphere, thermosphere and ionosphere. It solves the coupled momentum, energy and continuity equations for neutral and ionized species on a pressure-based vertical coordinate using semi-implicit fourth-order finite differences with sub-minute time steps, and includes a self-consistent solution of the middle- and low-latitude ionospheric wind dynamo on a geomagnetic apex grid. Output fields include neutral temperature and winds, major and minor neutral composition (O2, O, N(4S), N(2D), NO, He, Ar), ion and electron temperatures, electron and ion densities, vertical motion, geopotential height, electric potential and electric fields, Pedersen and Hall conductivities, currents, Joule heating, and derived ionospheric parameters such as NmF2, hmF2, foF2 and total electron content. Solar forcing may be specified from the F10.7 proxy or from measured solar EUV spectral irradiance; high-latitude forcing may come from the Heelis or Weimer empirical convection models, from AMIE output, or from in-memory MPI coupling to the GAMERA and REMIX magnetosphere models within MAGE; lower-boundary forcing may come from tidal climatologies (GSWM, CTMT, Hough modes), from SABER and TIDI observations, or by nudging toward external fields. Version 3.0 added flexible horizontal and vertical resolutions (5 to 0.625 degrees), an extended upper boundary, high-cadence model time, a rewritten helium module, a ring filter, O+ sub-cycling, parallel netCDF4 I/O, bit-for-bit reproducibility, an updated IGRF, a rewritten magnetospheric coupling module, and new capabilities including empirical SAPS, electrojet turbulent heating, field-aligned ion drag and solar-eclipse EUV masking. The model is written in standard Fortran 90, parallelized with MPI, requires the netCDF and ESMF libraries, and runs on Linux workstations and clusters; the bundled Python utility tiegcmrun automates configuration, build and job submission. Use of the source code is governed by the NCAR TIE-GCM Open Source Academic Research License Agreement, which permits use for research, academic and non-profit purposes only; NCAR retains all rights to the TIE-GCM source code. The persistent identifier recorded for this entry is a third-party Zenodo deposit of a copy of the source code as of April 14, 2025, made to support the study ""Modulation of Thermospheric Circulation by Lower-Thermospheric Winter-to-Summer Circulation: The Atmosphere Gear Effect"" (Wang et al., 2025); the authoritative source is the official NCAR repository.","First-principles three-dimensional model of Earth's coupled thermosphere and ionosphere, with a self-consistent low- and mid-latitude wind dynamo on a geomagnetic apex grid.","ab45d6f4-403d-4528-9246-d2139db5bc72,4a30e300-583d-47dc-bfb8-b0268c888710,89b29179-7fba-456e-b4ed-5ff5b548be18,d21c5d29-21ba-4288-bec0-8c077ac15aec,4ed73ccc-e12a-4009-aa2c-e40ea4c0c84a,0d73637b-dd27-411b-bc6e-8dc424c51a6f,d8c3ac85-6e38-4ec9-baa6-a037b9b16d18,ff3b7502-07f2-4652-95bd-692557553cdb,7e6ed025-dbdb-446a-b6de-6ea964042972,05e06b15-ceb0-4623-a9c9-98ad6ec4ef49,25f0a6a8-ec49-4827-8d6f-b4524c237475,475f62e3-13dd-48a4-a01c-508cb306d7ca,27c3e41e-8134-42d2-92f3-b444682fc369,6ec2b9b4-0793-4c08-91c1-2bb2dce44a7a",https://tiegcm-docs.readthedocs.io/en/latest/,"ca51f084-1a32-458e-8ca9-5c1c49a0b227,6b85306a-52cc-458a-be04-5c7d82442038,6480ff1c-f70f-4b8b-a70a-327bcc158f99,ed7e1c95-acef-423b-82bf-43ad6c78f333","bbfd3b11-634d-4d28-8644-c12600811b6d,c2883e1a-c97e-4dd0-a9ed-7dad7293bb3e,102561e0-8fd0-4084-b4a5-f7e0f36eda03,40f6b676-efcd-4081-b495-41af7370a073","bbfd3b11-634d-4d28-8644-c12600811b6d,102561e0-8fd0-4084-b4a5-f7e0f36eda03,40f6b676-efcd-4081-b495-41af7370a073","777b21b2-8113-4126-bd7b-41566c66022e,2e6c3834-d2fc-42f5-9528-b7fe7081845a","3eac2183-c303-4db0-921b-6605a40a7f0f,5e038218-410e-44b5-a057-04ef3e610bed,e9607fdd-5840-43c7-9a67-6c2aa25a950f",,29d7a7e6-bc1c-44eb-b0ff-bb460ae348ee,d59c6796-a938-4b20-8ce5-3f9382d41eac,5b5c9928-9f83-4528-b96a-bd87a1598816,"1deefae3-ade4-414e-b586-7b015772ec14,515dae73-68bc-4030-8008-20c9eef5a01c,ab8390b8-312d-4c69-b1bd-54993d31dbe4,c8168919-8394-4690-96c1-f686edbaaba5,d99a68c9-4fde-417c-8c00-8f7a56c6eaa3","b545900b-03ff-4ce4-9b1c-38ccfde1d10d,158dfa57-4adf-4b97-8c3e-ca5face9b71a,0f9a1ee0-8ad6-4525-8df2-344a38d5f083,000a211b-15df-4d6b-b679-daaf781b99bb,44221020-2836-4bb7-8dbf-e1b3574a78d6,c6bb0c54-e43f-44b9-bd42-3a47fde89422,b2ff7b6c-c893-45b6-97d9-567068c7700b,a06141be-91d4-4b51-b597-7dab3213178a,26280f9f-9c08-4b72-acd2-fe27eea943bf,a9d6611f-70f2-4a0e-9452-95f0bcb59d8e,136612ce-da44-4986-8fd6-6c9ea317d207,23f571fc-97ff-4514-a1d3-c1e88f87aed9,ce81db34-0e83-4736-8dba-67bbe85dc7e0,6aac037e-3f53-4ba0-b2b0-47ffd6126864,641d7ce2-271e-4984-8004-fee81fd78fbb,a2db8b31-bcfb-4670-87c6-a0583a47ece4,7bc60317-69e4-456b-bf9e-c197ffc183ef,fa7ece99-6f20-44e5-aa4b-4732e258207f,cff2bf61-81e0-4f96-bb6b-ac5521a98f3a,ac7f6b94-db19-4b56-9cea-8df0981fd0a5,daa95a2d-1959-4b19-a137-0d6a1ed06419,f2465403-a165-423d-84d4-892010c6d656,b184816b-cbc6-4842-a603-5325ef0e4ed7,b95cabe0-b5f4-4fd0-895f-2a335f560048",f1839eb8-ea50-4c5a-9971-33148b1177b9,"d1ce9fc7-cf16-4a5d-9f51-e09d7d785f25,33b17a0c-b61d-4133-a4cd-7051570142ad,541541cf-b52f-49ae-823c-6822e90cb5d6,179b5830-b103-476a-bce4-ce565be6fe2d","a4e07475-572f-48db-b2e7-5d59ea194465,d5a4780e-bb5f-4a1c-8ce0-641a66110ac5",,https://github.com/NCAR/tiegcm,,"7d073440-38e0-4f33-9e88-4d3ed2f9ed7e,754b7219-9dc1-4d74-9918-c5f1c0947192"
9da56adf-1252-4ca9-85cf-5fd8fb950cdf,"b36db5d9-bb03-41a8-a606-da018371d891,fe54d7d7-5ff3-4471-9b5b-c5f9e96da0c1",2010-07-27,974802bb-aabb-4985-9e95-6463c41146c8,"9bd994c7-abf7-4ec6-a03c-f28576730cab,c7f9b905-ebf3-4d8f-8023-e6d8f0b58bd7,9cce5810-9ab2-4ae5-8415-7995d8826d96","c0b5c2e3-9a17-4070-b15e-30fdd3e3ddd2,50ead696-acf3-4219-af4c-da1edf521f16","47765cc9-78d2-40e2-b19b-2957fb904d31,c1ff2740-f6a0-436b-a345-89a9fe2424f2",TomograPy,e1dd4601-0405-4baf-ba1f-7fc8bcea4038,,,"TomograPy is a fast parallelized tomography projector and backprojector for solar physics applications. It implements the Siddon algorithm with OpenMP parallelization for efficient ray tracing. For solar astrophysics, TomograPy enables tomographic reconstructions of the solar corona by processing data from spacecraft such as SOHO and STEREO. The software can take Extreme-Ultraviolet (EUV) and white-light coronagraph data and output 3-dimensional maps of the corona. The package includes modules for solar rotational tomography (SRT), smooth temporal solar rotational tomography (STSRT), Thomson scattering models, data simulation, phantom generation, and visualization tools.",Fast parallelized tomography for solar coronal reconstructions using the Siddon algorithm.,"76c9ed80-50ea-41fb-9e17-c488430fd00f,d21c5d29-21ba-4288-bec0-8c077ac15aec",https://github.com/nbarbey/TomograPy/blob/master/README.rst,6480ff1c-f70f-4b8b-a70a-327bcc158f99,b82cd96d-8243-41d9-b015-03436704cdbf,b82cd96d-8243-41d9-b015-03436704cdbf,25b5bc68-71f8-44d8-8216-009adffb2fc3,,,,"d59c6796-a938-4b20-8ce5-3f9382d41eac,387d9dcb-827f-4e0c-887f-3d10d51284f5,1948d1db-6e7d-4733-ae68-15fa57b8238b",,a93f49d5-6203-4f64-8d77-18c74a53f7a8,"5a352041-e705-4f1c-a708-794b5aa651c2,745ebe69-08e8-4075-a6f5-d368c1c5ddf0,01c8fa66-67f7-45ee-9e06-c28be6f431af,1db2e267-2b16-467b-9bfa-4f306429f515,42ce08f8-65ce-4fb4-bfd7-868717549041,b07819e6-9d2f-4d81-8935-0d61753b53c1,75bb205f-3b77-4cce-81db-946ef63fb29a,7921bb57-c325-4b2c-911f-9f042bd8876d,e1a805fd-8b80-4289-95ce-a77b40c785ed,bca84a17-1bf6-426c-8404-cc80ae987ead,f6eb2b1f-78e8-41ed-a490-c7e41f608b3f,c4ad3763-1f5f-4fb9-bd1d-78db0b57b7a6,efb0b643-321f-4e50-8bc1-0278f9fcca69",c00770cb-92f3-4ab5-a883-4b7e20347940,,,,https://github.com/nbarbey/TomograPy,,"e14b60b4-c841-4658-9bac-f9298a442562,e85b749e-5788-425a-8952-8fc9a329216b"
15e95cb0-2008-4b98-83e9-0ce5a614b42c,da38c24f-c972-4506-90bc-6ca75e9260ef,2018-06-20,ee990b81-8115-4ab4-8a7f-68a4d0bb345d,"bc6732fb-4d10-4439-a8ae-bebd97ac6b50,e642af60-bc4f-46f2-9bed-b35ca53d77d1,40be10e4-a4d2-45eb-a8d8-6ce3d46baff5","8ce29b83-921a-4896-8219-9d23d12eaf4b,1869ec0d-c45c-4ef9-986e-ff2e67a5308a,99121cf9-8b73-4386-9361-f25c8c35d7bb,5ef7149c-eb93-4fc8-9171-9b81761f38a9,a5b4cb62-d85c-454f-9346-5d81230df4f5,972ef31c-1f9b-4bd3-8fa3-041af8796832,925f8e38-4274-4053-aaa0-b9563201d7cb,c678437f-72d1-4155-bde3-5c5a74c26a59,2f3919e0-ef7f-4309-9752-03f082125b24,0eead6c3-38d9-492b-a634-3cb2479ea19a,62b0334a-c4b2-4356-befe-189b063030d1,64730919-142c-4094-be78-db3c72a51231,7dd499ba-df35-40b1-83ff-038d083ebf3f,1ec27b61-ac21-485c-8283-ac9b69f8b97d,08d38132-a0c8-4a05-939a-6241c48045fb,6de7d643-7ca2-4de2-b3c5-e85287e3ffa8","a1ab392b-9695-4a25-bbc1-f51b15e0c925,8b23cf8a-caf2-468b-88c0-1d7e12870f5a,8c956d24-7d36-48f4-a291-7cc90ec1b114,c386f334-c49d-45d1-b3d6-1a0a9bf89c41,010a24e0-a25e-41d9-8b66-b328f8375533,8c4c1613-7882-4b08-82af-0f42d9c4316f,6a2d3954-1429-4eba-b977-7178cca44afc,9420dc98-eaaf-41c5-bfbe-cbe7ed510e35,0fc494e3-4127-4006-b151-ff038d429ec9",viresclient,1cc57b94-d409-4023-9047-33b33d9edce8,https://doi.org/10.5281/zenodo.2554162,a2fdbac4-e293-4d18-88bc-80d158540166,"viresclient is a Python package which connects to a VirES server, of which there are two: VirES for Swarm (https://vires.services) and VirES for Aeolus (https://aeolus.services), through the WPS interface. This package handles product requests and downloads, enabling easy access to data and models from ESA's Earth Explorer missions, Swarm and Aeolus. Data and models are processed on demand on the VirES server - a combination of measurements from any time interval can be accessed. The package handles the returned data to allow direct loading as a single pandas.DataFrame or xarray.Dataset, facilitating analysis of magnetic field measurements, atmospheric wind data, and associated geophysical models. Beyond Swarm and Aeolus, the service also provides recalibrated platform magnetometer data, thermospheric density and crosswind products, and total electron content and electron density products derived from CHAMP, CryoSat-2, GRACE, GRACE-FO and GOCE, as well as INTERMAGNET ground observatory data and Geomagnetic Virtual Observatory products, all retrievable through viresclient.",Tool for accessing ESA Swarm & Aeolus products from the VirES service,"d21c5d29-21ba-4288-bec0-8c077ac15aec,758dab69-cb35-477f-86c0-ed52606e335b,e9bb1c0d-d4c7-4be7-be51-e3f8328be466,475f62e3-13dd-48a4-a01c-508cb306d7ca,91828430-8646-47d7-8098-0a9724e26c23,d8c3ac85-6e38-4ec9-baa6-a037b9b16d18,ab45d6f4-403d-4528-9246-d2139db5bc72,4a30e300-583d-47dc-bfb8-b0268c888710,4ed73ccc-e12a-4009-aa2c-e40ea4c0c84a,1dacbe62-8d60-4a7e-a1d8-ea0feba270b0,555161bf-13d6-4909-b2d5-6c87d584de24,ff3b7502-07f2-4652-95bd-692557553cdb,05e06b15-ceb0-4623-a9c9-98ad6ec4ef49",https://viresclient.readthedocs.io/,"6480ff1c-f70f-4b8b-a70a-327bcc158f99,ed7e1c95-acef-423b-82bf-43ad6c78f333,a0b26285-8ffa-48e5-b0a9-18c8661340f7,7ffc59a8-b2ab-41fd-8cfa-8ca72bb58d1a","bbfd3b11-634d-4d28-8644-c12600811b6d,ab231ba2-0ccf-4cb3-b77a-94f1aee06296,fa1963cd-6a16-49e8-abae-a8db46658b40,c2883e1a-c97e-4dd0-a9ed-7dad7293bb3e,40f6b676-efcd-4081-b495-41af7370a073,7c439c97-4f6f-436f-be9a-dbb99341124b","ab231ba2-0ccf-4cb3-b77a-94f1aee06296,fa1963cd-6a16-49e8-abae-a8db46658b40,c2883e1a-c97e-4dd0-a9ed-7dad7293bb3e,40f6b676-efcd-4081-b495-41af7370a073,7c439c97-4f6f-436f-be9a-dbb99341124b",25b5bc68-71f8-44d8-8216-009adffb2fc3,,"2717554f-3376-4d57-bb4a-a8a2f5632c2f,01a72b30-68a4-4734-a047-673bfe8cb78a,c257517d-b9dd-41f4-ad29-cc7566d8b1a0,383923b1-e313-4eff-a4fb-ecfbce0e4b64,7f5f02d3-7887-42c0-8a43-b6137ce32f17,be2a81ba-1e72-4dca-b4a2-3d73e50955f0,80b8d04b-699b-434f-9096-646451c6da03,efd9c605-da5b-4b9d-a0fa-2b7a59ea755f,40b0ab02-764f-4a13-b75e-ee2e1165a13a,c182ebc2-cbf9-4ea5-8196-de1f2c2d7b1d",29d7a7e6-bc1c-44eb-b0ff-bb460ae348ee,1948d1db-6e7d-4733-ae68-15fa57b8238b,eef6c156-35b4-433f-8d6d-2c3b5005347d,"1deefae3-ade4-414e-b586-7b015772ec14,c8168919-8394-4690-96c1-f686edbaaba5,515dae73-68bc-4030-8008-20c9eef5a01c,ab8390b8-312d-4c69-b1bd-54993d31dbe4,d99a68c9-4fde-417c-8c00-8f7a56c6eaa3,e9772970-d2a5-4617-97c9-43906ee43bc0","d4580470-6cbf-4aca-9e74-9a1efa9a6798,6dc02177-ea9e-4092-907f-8bf1ad128756,9b20b075-2f51-44e7-b6d0-5d60c72fd041,b43adce8-73c1-4753-9832-edb3c2b7e466,117d3245-f2e3-42a4-a199-824f2d4d54dd,8f1d0c47-a40c-4657-b1f2-94ff18517834,d0482a9f-dee4-40c5-91d3-a1dabee17386,49e8a801-c3f0-4043-899a-2e7da071d05b,d1ed3417-d051-4f70-87e5-6da3bd504b6a,1d4fdf94-a85a-448e-be83-c5dfa24d45dd,fcef540a-15b3-4025-9b76-c8220cf6df46,0b027f34-27df-40eb-95f5-234761539cd3,85f0af6b-4960-4865-b91a-32b99df28d81,a0c6ff32-b1c4-4ec1-a5a9-e5754390143d,61701154-2e95-47c4-b101-38508a224a95,caffa93f-c1bf-41b9-a24d-4eca6c41646d,d3cc9aeb-7e16-4fb6-9d20-16b8f1391ec0,a06141be-91d4-4b51-b597-7dab3213178a,26280f9f-9c08-4b72-acd2-fe27eea943bf,9986c7d4-1117-40cf-bf39-516f2e7bc896,9f983a01-e9e6-41de-970f-8d431d79ce27,e0e47e8f-eb01-4a48-b02f-cb288a3ad43a,da460356-759d-4e35-9b12-f9154027ecd7,3f4588d5-d52c-4f7b-af2f-4966a650a2b0,ac7f6b94-db19-4b56-9cea-8df0981fd0a5,b184816b-cbc6-4842-a603-5325ef0e4ed7,e2f6ddc7-fe51-4510-a28e-634ab69eb6b8,f3fc6956-bd7c-48ab-9a28-7a00e4d8eee7,8858eec2-cae8-4ba1-9f67-6952e7640e99,ac3716e9-e86e-480c-aa7a-ac90b8e53e16","38b7ef16-844a-4e2f-b216-1049035cdc4d,3c46eb2f-7072-40ea-b0ac-ab654bfd6fee,d348f6bc-a029-45f1-8a20-786bce2095a2","0735dbd9-c415-4710-b722-099a19bdf201,e3198f61-66f9-4a6c-9da5-78ff247bba89,58c20f3e-86e6-4a67-875d-db410f64a842",1e6cfcf1-e74d-4a24-89d8-ac40137f044e,f3b008b1-6cd7-4810-aa8c-8aa46242d8a7,https://github.com/ESA-VirES/VirES-Python-Client,https://raw.githubusercontent.com/ESA-VirES/Swarm-VRE/staging/docs/_static/vre_logo.png,"7d073440-38e0-4f33-9e88-4d3ed2f9ed7e,73b7fe8c-ee03-46eb-83d8-0ce77956245a"
a562afcf-b6f7-4ddd-be72-d450f8de9fc0,"8381adbf-4a23-4c0e-9896-b1445b0e82d5,da38c24f-c972-4506-90bc-6ca75e9260ef",2024-05-02,ee990b81-8115-4ab4-8a7f-68a4d0bb345d,"6cb83664-92d7-445d-9116-f271790867f0,36c87617-8cd6-4325-9c3c-7353cf777297,1b75b882-4265-45ef-b626-f3ca98973f30,21edb453-23f6-42f5-8c8d-1b3c25e92a5d,adaeffc8-9f38-4686-99d2-17f834ef25d1,3dfa4726-1dce-4981-949b-7b0b13623320,b80f0c00-ae59-4c75-89e0-35e830ec47cd,3b735f49-f361-4c8c-a95a-b87eaec6e100,9eb17566-0874-4e3d-b69d-c89ee1c7ca9a,103c72a8-fe20-41be-974a-d8bb971f474e,ba1ad8a2-620f-4cd1-9c95-2a2fa4b72113,bb351003-9d0f-47b0-9001-66c508ecf494,05d192f6-09a6-4b27-9e31-6c53ded5d74e,ec4ddabb-f7c4-48d0-8338-54e282516c4e","9b75019d-883e-4a40-aeae-6c1a3ccc05bc,6c0acf0f-b60a-48c4-96aa-4a25e2bcbf33",720f7a0b-fd58-47bf-93c7-c5c5105f7d5b,vSWIM,20160911-932b-4dee-b757-bbdadb72a0d0,https://doi.org/10.5281/zenodo.11106970,7904191d-8d74-47e1-80c6-b1244e6b1b0b,"vSWIM is a virtual solar wind monitor for Mars: it provides a continuous estimate, with uncertainties, of the solar wind upstream of Mars from late 2014 onward. Single-spacecraft missions such as MAVEN sample the pristine solar wind only intermittently, because the spacecraft spends much of each orbit inside the Martian induced magnetosphere and ionosphere. The resulting gaps limit statistical conclusions about the solar wind's role in driving Mars' space environment, including auroral dynamics and atmospheric loss. vSWIM fills those gaps by applying Gaussian process regression to the merged MAVEN Solar Wind Ion Analyzer (SWIA) and Magnetometer (MAG) upstream driver dataset, returning both a mean prediction and an accompanying standard deviation for ten solar wind parameters: the interplanetary magnetic field components and magnitude (Bx, By, Bz, |B|) in nT, the solar wind velocity components and magnitude (Vx, Vy, Vz, |V|) in km/s, the proton temperature (Tp) in eV, and the proton density (np) per cubic centimetre. All vector quantities are expressed in Mars Solar Orbital (MSO) coordinates.

The project distributes two things: a ready-to-use hourly cadence prediction product as CSV files, intended as an OMNI-like continuous driver series for Mars, and the model source code needed to generate predictions at finer cadences. The hourly files can be read straight into a pandas DataFrame from the repository without any local installation; running the model directly requires GPflow and its TensorFlow and TensorFlow Probability dependencies. The model discretises the MAVEN record into subsets of 1,000 points and fits each solar wind parameter separately using a rational quadratic covariance kernel and a zero mean function.

Because the model interpolates rather than forecasts, its skill is a function of how far a prediction sits from a real measurement. Every row carries a ""gap"" column giving the time in days to the nearest MAVEN observation, and users are expected to filter on it: the authors report an R-squared of at least 0.95 within 2 days of a measurement, and predicted uncertainties that are unbiased and accurate within 2 days but increasingly underestimated at longer gaps. Far from any measurement the model returns the mean of the surrounding data subset. vSWIM is intended for large, multi-year statistical studies of the Mars space environment, ionosphere, and atmosphere, and of general trends throughout the heliosphere; the authors explicitly do not recommend it for event studies, because it does not reproduce short-timescale transients such as coronal mass ejections unless MAVEN was itself in the solar wind at the time. Vector components are not guaranteed to add in quadrature with the predicted magnitudes. Documentation follows an AI model card format covering model description, assessment, suggested use cases, and limitations, and a helper routine is included for converting the CSV predictions into IDL .sav files.",This repository contains predictions of the solar wind upstream of Mars from late 2014 onwards as calculated with a predictive model and MAVEN spacecraft data.,"d21c5d29-21ba-4288-bec0-8c077ac15aec,4ed73ccc-e12a-4009-aa2c-e40ea4c0c84a,e9bb1c0d-d4c7-4be7-be51-e3f8328be466,758dab69-cb35-477f-86c0-ed52606e335b,162d0da5-6fac-433b-b4dd-22a721788975,d8c3ac85-6e38-4ec9-baa6-a037b9b16d18,cfa01ea5-1be6-40fc-b8f0-96c1a866c7e0,ff3b7502-07f2-4652-95bd-692557553cdb,7e6ed025-dbdb-446a-b6de-6ea964042972,05e06b15-ceb0-4623-a9c9-98ad6ec4ef49,62d9ee10-eb34-4270-9da6-a7025828f286,401fe54d-5589-49e2-856a-05b137751442",https://github.com/abbyazari/vSWIM/blob/main/README.md,"6b85306a-52cc-458a-be04-5c7d82442038,6480ff1c-f70f-4b8b-a70a-327bcc158f99","bbfd3b11-634d-4d28-8644-c12600811b6d,fa1963cd-6a16-49e8-abae-a8db46658b40","fa1963cd-6a16-49e8-abae-a8db46658b40,31039da9-c899-438c-ab18-da9733541f12","addea8d3-582b-42c8-9144-cf59d80280f0,987f5bd0-1eaa-4757-92f2-bffce6f02ebc,2e6c3834-d2fc-42f5-9528-b7fe7081845a","0d044c8b-f8bc-4973-9b8d-64d5ff34dfb0,37212a44-3f1a-4b3a-bc1b-211c662d620c,ec683729-cfed-46da-a36c-0f33afa048dd","853b4f22-7300-411e-8351-cc4e86471656,7479e5dd-8e28-4a5c-a69d-891068a290c6,42821379-0d8f-415a-bb8f-d4b3948bd793",c8723cab-e273-44ba-98cf-9c24b392ca33,"d59c6796-a938-4b20-8ce5-3f9382d41eac,387d9dcb-827f-4e0c-887f-3d10d51284f5,bc97966b-f24c-4952-bc8b-b917594247e1",d7f050b7-b557-445d-a0c5-1d89918a915e,"757ff86d-708f-4f2d-8782-71ab39af4ab9,1a7d7021-eaa6-4c0a-a144-e47cafa7b3ec,c7b4385f-af5a-4e71-9879-43b11e356cf1,efeb129a-3fbc-4117-8799-abc003aa4219","bd8f38c5-caf8-4996-a45d-ccd34ebc2b42,e41385e3-a6d1-4ce4-84d0-af5642099f92,ac4323d7-c0de-4c9a-8731-2ce1c606b2be,da4818d3-1894-4f67-bd44-e1a299f4a9ca,291883aa-cb27-4618-972e-64e59631a187,7dbf8b44-ce6d-4e1b-8513-ed5796f00e01,b82e00c3-81d7-4fdb-8835-a55054e0bfbb",,,"a4e07475-572f-48db-b2e7-5d59ea194465,90d331b9-ec35-4f29-9879-1b9819ee0b35,d5a4780e-bb5f-4a1c-8ce0-641a66110ac5","6197e038-c158-45ba-aca8-a59428272167,7836a1df-58fb-447b-9a20-112746613b70,704698e9-88b4-4ed0-81ea-36c6e2a7eac2,b0b26093-852d-41f0-8990-aa2da4177360,87e22d13-7ee2-428f-8571-b71e82917290",https://github.com/abbyazari/vSWIM,,73b7fe8c-ee03-46eb-83d8-0ce77956245a
62ac1496-2c4b-4d93-95f0-7ee39deeb0ea,"b36db5d9-bb03-41a8-a606-da018371d891,da38c24f-c972-4506-90bc-6ca75e9260ef",2018-05-23,974802bb-aabb-4985-9e95-6463c41146c8,"dd77b0be-c31d-4319-a8d4-1ee118c9dbc7,865c2cc1-c479-4ae5-bead-0ded625008e8,ea9c1ac9-1df2-43e2-96e4-af7439ff5eb6",,,WMM2015,33e56e13-92b3-4beb-94df-962409ff3b01,,,"WMM2015 World Magnetic Model...in simple, object-oriented Python. WMM2015 is a Python wrapper for the World Magnetic Model 2015, providing a simple interface to compute geomagnetic field components (north, east, down, total intensity, declination, and inclination) at specified geographic coordinates and altitudes. The package uses a build-on-run technique, compiling the C library on first use. Tested on Linux, Mac and Windows. Most C compilers work.",WMM2015 geomagnetic model with simple object-oriented Python interface,"ff3b7502-07f2-4652-95bd-692557553cdb,05e06b15-ceb0-4623-a9c9-98ad6ec4ef49,76c9ed80-50ea-41fb-9e17-c488430fd00f,402bf733-9d89-4602-b9ee-6e530d1b2836",https://github.com/space-physics/wmm2015,,bbfd3b11-634d-4d28-8644-c12600811b6d,bbfd3b11-634d-4d28-8644-c12600811b6d,25b5bc68-71f8-44d8-8216-009adffb2fc3,,,,"d59c6796-a938-4b20-8ce5-3f9382d41eac,387d9dcb-827f-4e0c-887f-3d10d51284f5,bc97966b-f24c-4952-bc8b-b917594247e1",5b5c9928-9f83-4528-b96a-bd87a1598816,"1deefae3-ade4-414e-b586-7b015772ec14,515dae73-68bc-4030-8008-20c9eef5a01c","9050825b-a63a-4e38-b77f-2c362626534b,ef2d1318-5e37-4140-ae47-91df65990d65,0b027f34-27df-40eb-95f5-234761539cd3,bbd193e0-c22a-4c1d-a787-3efaa787c893,9f983a01-e9e6-41de-970f-8d431d79ce27,6d911a12-417c-45aa-9b6b-57379d432d33,94255c0a-7fd6-4c77-b5a7-189898840f1a",13136cfa-bdeb-4583-84b4-aea3e920a44a,"585072f1-a1cf-4f4e-94ac-f18f56388660,4139ec71-ce86-4902-a231-8c7c5098508a",,,https://github.com/space-physics/WMM2015,,
9c1d2774-3eeb-4b72-bd48-fa7eb5c5e39e,"b36db5d9-bb03-41a8-a606-da018371d891,da38c24f-c972-4506-90bc-6ca75e9260ef",2020-06-10,974802bb-aabb-4985-9e95-6463c41146c8,"dd77b0be-c31d-4319-a8d4-1ee118c9dbc7,10683dbf-398c-4988-971c-35955e5424ef,1dd3de3b-dbff-4082-a30a-6db12e1ebd29,a2a3c105-395a-4a23-9dbf-1a49243cf45d",,,WMM2020,fa053159-ef35-4f07-94af-5a516898b5e4,,,"WMM2020 is a Python wrapper providing a simple, object-oriented interface to the World Magnetic Model 2020 (WMM2020), the standard geomagnetic reference model produced by NOAA's National Centers for Environmental Information (NCEI) and the British Geological Survey (BGS). Given geographic latitude, longitude, altitude, and decimal year as inputs, the software computes the geomagnetic field elements: magnetic declination, inclination, total field intensity, and the north, east, and downward components of the magnetic field vector. The underlying WMM2020 C source code from NOAA is compiled automatically on first use via CMake. The package supports gridded computations over latitude/longitude arrays (returning xarray Datasets) as well as single-point lookups, and includes visualization of declination and inclination contour maps. WMM2020 is tested on Linux, macOS, and Windows. The model is valid for the epoch 2020.0 to 2025.0.","Python interface to the World Magnetic Model 2020 (WMM2020) for computing geomagnetic field declination, inclination, and intensity at any location and time.","ff3b7502-07f2-4652-95bd-692557553cdb,05e06b15-ceb0-4623-a9c9-98ad6ec4ef49,d21c5d29-21ba-4288-bec0-8c077ac15aec,4ed73ccc-e12a-4009-aa2c-e40ea4c0c84a,76c9ed80-50ea-41fb-9e17-c488430fd00f,402bf733-9d89-4602-b9ee-6e530d1b2836",https://github.com/space-physics/WMM2020,,bbfd3b11-634d-4d28-8644-c12600811b6d,,2e6c3834-d2fc-42f5-9528-b7fe7081845a,ff70f240-358b-4add-b53f-61fe568bf2a8,,,"d59c6796-a938-4b20-8ce5-3f9382d41eac,387d9dcb-827f-4e0c-887f-3d10d51284f5,bc97966b-f24c-4952-bc8b-b917594247e1",5b5c9928-9f83-4528-b96a-bd87a1598816,1deefae3-ade4-414e-b586-7b015772ec14,"6bde188a-cfc7-4c04-baa2-4bbf96b55cb9,ef2d1318-5e37-4140-ae47-91df65990d65,e8a76664-634c-4698-9535-b1f234842baf,07b1a9da-35e3-4b7e-a760-d6e975ad8f2d,a06141be-91d4-4b51-b597-7dab3213178a,fe7e1d58-133a-454d-a3e0-10d0d0b005bf,b2c75140-07b4-45be-ada7-0f5e0bec0033,cff2bf61-81e0-4f96-bb6b-ac5521a98f3a,b95cabe0-b5f4-4fd0-895f-2a335f560048,94255c0a-7fd6-4c77-b5a7-189898840f1a","a06103df-ae5c-4a2b-8e8b-0fc943d4269b,6b3f8bfb-19dc-4768-81af-7a1c83dfd2fa",,,,https://github.com/space-physics/WMM2020,,
a74cb76b-da08-4412-817f-3240e52c5dde,da38c24f-c972-4506-90bc-6ca75e9260ef,2024-08-08,ee990b81-8115-4ab4-8a7f-68a4d0bb345d,"6ae1e775-7e0b-4156-a246-7ea52fe37a50,09e36914-a9bb-48fe-a3f9-336cc0b80afe,033fe67d-d730-4817-9312-e348179f508f,429098eb-0cc0-44d5-9e36-643d32175f50,c361c1ab-7e3e-43e3-90e5-83001cac2d3d,406dd479-6892-4a86-89eb-9f46c52d881f,de7c0779-16ad-4710-83fe-433ebcb2b5c7,083cedc3-89ed-4029-b0ca-4e84cd4a2797",c35c7154-0c82-4dad-8f15-9ba3fa85167a,a1aafba0-f946-4c32-9d34-294ce80b456b,XRTpy: A Hinode X-Ray Telescope Python Package,029f1ab1-4f38-4352-975f-a99d9eacd359,https://doi.org/10.5281/zenodo.13157913,ebf8534b-1b0e-428f-856e-4d69b300f862,"XRTpy is a modern, open-source Python package for working with data from the X-Ray Telescope (XRT) aboard the Hinode spacecraft - that observes the Sun’s atmosphere from the photosphere to the corona. The package provides a complete set of tools for modeling the XRT instrument, computing effective areas and temperature responses, calibrating images, correcting instrumental effects such as light leaks, and improving image quality. It enables scientists to estimate key physical properties of the solar corona and to analyze XRT observations within a reproducible, Python-based workflow that integrates naturally with the broader heliophysics software ecosystem. XRTpy is designed to replace and modernize legacy IDL routines, making advanced XRT data analysis more accessible and easier to maintain for the community.","XRTpy is an open-source Python package for analyzing solar X-ray data from the Hinode X-Ray Telescope, providing modern, reproducible tools for instrument modeling and coronal diagnostics.","d21c5d29-21ba-4288-bec0-8c077ac15aec,4ed73ccc-e12a-4009-aa2c-e40ea4c0c84a,9852ca3f-b8fc-4665-a990-465072ec4379,6e1dbfec-913f-4d9b-9a3f-e8a2b7f82540,e9bb1c0d-d4c7-4be7-be51-e3f8328be466,1dacbe62-8d60-4a7e-a1d8-ea0feba270b0,76c9ed80-50ea-41fb-9e17-c488430fd00f,402bf733-9d89-4602-b9ee-6e530d1b2836,a85c510d-76d1-4c75-9b81-7ae13a36dd30,555161bf-13d6-4909-b2d5-6c87d584de24,2f488d8c-dd92-4deb-bad8-7377d1d12b48,841774c2-77c6-4111-af03-b5c2ac3d8bba,bfcf5b70-01f3-49f2-9f68-6ce27a9d4491,814c5e15-5889-43e9-8ff2-f1317204c827,d4136ce2-345a-4011-beaa-456eda820556,ff3b7502-07f2-4652-95bd-692557553cdb,f7b38a8f-3117-49a5-89b2-a66930c7ca4b,e886b84a-8504-4387-866b-560f26ed847e,475f62e3-13dd-48a4-a01c-508cb306d7ca",https://xrtpy.readthedocs.io,"6b85306a-52cc-458a-be04-5c7d82442038,6480ff1c-f70f-4b8b-a70a-327bcc158f99,2b69ca1c-3268-42ea-ab90-607b8600a014","b82cd96d-8243-41d9-b015-03436704cdbf,31039da9-c899-438c-ab18-da9733541f12",b82cd96d-8243-41d9-b015-03436704cdbf,25b5bc68-71f8-44d8-8216-009adffb2fc3,"4615b4a4-9be6-444b-bb2f-b7de0d3f167b,54a16f2d-1c0f-40da-bacf-333d68dc0504,a1f76fda-e342-4758-b20e-4f4f188c8b57,d04b99d5-6d7b-4b48-80a9-17d9de2bf831,3a354137-c5f3-4958-8f8f-6124a0fd6570,cfe95102-7bcf-4663-8115-48a9b82ff50a,8bc7ecf6-abd0-4db6-a292-f583c8897f1a,3e9174d7-91b3-40ef-91d7-aa52e1330008","dd282d43-47cc-4868-9176-267c0e6c2ba5,92febd62-d578-4633-9f3c-ea8716a9e3d2",29d7a7e6-bc1c-44eb-b0ff-bb460ae348ee,"d59c6796-a938-4b20-8ce5-3f9382d41eac,387d9dcb-827f-4e0c-887f-3d10d51284f5,1948d1db-6e7d-4733-ae68-15fa57b8238b,bc97966b-f24c-4952-bc8b-b917594247e1",e30aeeb6-77d6-4994-a80c-320aa1222eab,"a93f49d5-6203-4f64-8d77-18c74a53f7a8,bd3cc8f7-af8f-45be-88c3-494f3a7512ad","35c7eac7-4a89-422f-8119-a7d489e8da55,c8de4ad3-1e94-421f-a3f8-8823f174b3f1,930e9cc9-28f8-45b0-ae21-f7378466c410,05aa50e0-1527-407d-a3ef-b61c328fa7fb,4d6a1fcb-4a48-4bb8-ac16-e47941708b4f,bca84a17-1bf6-426c-8404-cc80ae987ead,cec9a378-2a97-4b96-b361-63cec170ce48,89ac1236-d27e-48d4-bed0-9dd239b93856,79e8f814-8968-4ab4-aa8a-8644d1be9be5","f4614bba-b29f-44b8-9421-93a3f3a8c8b2,26b66268-73c5-4169-be1f-cec0b5fe3e33","dab9e133-dc3b-4824-93a4-4e38cfd2eaa5,26b66268-73c5-4169-be1f-cec0b5fe3e33,7dd54481-916a-41de-befd-cc87045143e3,3b4290b8-7e39-4746-8ef1-18240fa19c52","a4e07475-572f-48db-b2e7-5d59ea194465,d5a4780e-bb5f-4a1c-8ce0-641a66110ac5","b39696c2-0608-4310-b240-3d93708b1019,d3382fe5-20eb-4a2d-9078-11fd484ae7bd",https://github.com/HinodeXRT/xrtpy,https://raw.githubusercontent.com/HinodeXRT/xrtpy/main/docs/_static/images/XRTpy_logo.png,"e14b60b4-c841-4658-9bac-f9298a442562,e85b749e-5788-425a-8952-8fc9a329216b,754b7219-9dc1-4d74-9918-c5f1c0947192,5e6ea23a-9318-4ad7-bb98-197591c4312c"
ff74234b-46ca-4d5a-9008-fd9e3643f565,8381adbf-4a23-4c0e-9896-b1445b0e82d5,2025-07-16,92f2f47f-e094-4444-9d58-f0036766f588,43bc9933-0232-4f37-bfb2-2275b8f2e103,c7306867-5d87-47f4-9d07-de4da102ff13,3727a305-d1f2-43a0-80de-2cc7ea704a06,ADELPHI,70766f6b-a92f-4242-85bb-468eaf144681,,ed9e4121-76a9-4841-afed-a08ca20954d8,"ADELPHI (AMPERE-Derived Electrodynamic Properties of the High-latitude Ionosphere) is an IDL model that specifies storm-time high-latitude ionospheric electrodynamics from spaceborne field-aligned current measurements alone. It ingests gridded field-aligned current maps from the Active Magnetosphere and Planetary Electrodynamics Response Experiment (AMPERE) and estimates Hall and Pedersen conductances using empirical relations between field-aligned current density and auroral conductance derived from coincident AMPERE and Poker Flat Incoherent Scatter Radar observations. Combining those conductances with the measured currents, ADELPHI solves the current continuity equation under steady-state conditions for the ionospheric electric potential, then derives the perpendicular electric field, the height-integrated horizontal current density, the precipitating particle energy flux, and the Joule heating rate. Two-dimensional output is produced on a grid of 1-hour magnetic local time by 1-degree magnetic latitude, spanning 40 to 89 degrees in both hemispheres at 2-minute cadence over 24-hour periods; one-dimensional output includes the cross polar cap potential, hemispherically integrated energy flux and Joule heating, and a modeled auroral electrojet index. Because the conductance relations were derived at a single geographic location and the continuity equation is solved assuming steady state, the results are most reliable for large-scale storm-time structure and may not capture small-scale substorm current systems or the effects of neutral winds. ADELPHI is hosted by NASA's Community Coordinated Modeling Center and can be run through the CCMC Instant Run service; the source code is not publicly distributed.","Derives storm-time high-latitude ionospheric electrodynamics — electric potential, fields, currents, Joule heating and particle energy flux — from AMPERE field-aligned current measurements.","ff3b7502-07f2-4652-95bd-692557553cdb,7e6ed025-dbdb-446a-b6de-6ea964042972,05e06b15-ceb0-4623-a9c9-98ad6ec4ef49,475f62e3-13dd-48a4-a01c-508cb306d7ca,d21c5d29-21ba-4288-bec0-8c077ac15aec,4ed73ccc-e12a-4009-aa2c-e40ea4c0c84a,d8c3ac85-6e38-4ec9-baa6-a037b9b16d18",https://ccmc.gsfc.nasa.gov/models/ADELPHI~1/,6480ff1c-f70f-4b8b-a70a-327bcc158f99,"bbfd3b11-634d-4d28-8644-c12600811b6d,40f6b676-efcd-4081-b495-41af7370a073",bbfd3b11-634d-4d28-8644-c12600811b6d,,"f9612d4c-4d35-42fe-bd5a-8efb0d1ec84e,68994ba3-8434-472b-915a-95c8777e0de7,bca37417-2dcb-400b-a24c-3f2ab53bede7,541a4fb5-ac1a-4abe-9cb2-f3044acb6e9f,42afbac3-c4ae-4694-be3d-ce4dc2375b73","7ab979d6-4e61-4701-be90-2c11799a85ae,0303b1aa-dfb6-4ca6-99ce-9215cb2597fe,686d10fa-e680-4e85-989c-0e3fae716fdf,32735937-944e-4062-ab9b-35ab84c19556",c8723cab-e273-44ba-98cf-9c24b392ca33,,,"c8168919-8394-4690-96c1-f686edbaaba5,d99a68c9-4fde-417c-8c00-8f7a56c6eaa3,515dae73-68bc-4030-8008-20c9eef5a01c","158dfa57-4adf-4b97-8c3e-ca5face9b71a,9b20b075-2f51-44e7-b6d0-5d60c72fd041,805cf7fc-faea-42a1-b53d-138f0d7c5c38,0f9a1ee0-8ad6-4525-8df2-344a38d5f083,d2bc892c-45d4-4357-8b33-68ccf9b08440,43fa7a83-941d-4fe3-8858-b7a9f3c91e22,85f0af6b-4960-4865-b91a-32b99df28d81,8cd9f20a-631c-40d8-817d-c8f3a5903324,a06141be-91d4-4b51-b597-7dab3213178a,6ac8b586-4061-404d-81c8-a6578bc192ad,b1602ad7-3af7-4df3-af18-87d8dfe7e610,b325d6ab-5303-4999-b4e8-29febf0ddb59,136612ce-da44-4986-8fd6-6c9ea317d207,efb9c5f8-a408-4a73-bbd3-a29c81dfaa58,ac5232b3-823e-4243-9b1d-332dbd42ef1e,09eb4a1e-d0a4-48c1-b81e-2476deab2d85,cff2bf61-81e0-4f96-bb6b-ac5521a98f3a","5445796e-0702-492f-b4d0-6e8d9eab8e61,0fe97beb-1844-4f94-aef8-7854b50990ab,6831584c-6aa5-4dad-bdf8-98ed0b9ee3e8,fda05e5c-8487-4732-bd9a-a1bdeb5614eb",33b17a0c-b61d-4133-a4cd-7051570142ad,a4e07475-572f-48db-b2e7-5d59ea194465,"45614314-602a-417a-a415-a5542087edd0,a41c320b-c274-4291-ba36-a1c88493e7ec",https://ccmc.gsfc.nasa.gov/models/ADELPHI~1/,,7d073440-38e0-4f33-9e88-4d3ed2f9ed7e
