id,sort_value,software,functioncategory
5,19,b5742bb7-4c8e-45cd-9429-65cb75f32795,76c9ed80-50ea-41fb-9e17-c488430fd00f
39,1,0321f375-4f6c-47d8-9181-125b0274ee6b,d21c5d29-21ba-4288-bec0-8c077ac15aec
10,1,18ff9253-b11c-4ffa-9c3b-4b167c9f8cf2,ab45d6f4-403d-4528-9246-d2139db5bc72
54,1,1744df14-f1f1-451b-a384-28e3a1beba7f,ab45d6f4-403d-4528-9246-d2139db5bc72
110,1,db2bcb8a-c799-4233-9699-dea23b975972,d21c5d29-21ba-4288-bec0-8c077ac15aec
57,1,7fe5501b-aab0-4b70-9fef-08933ccf7480,ab45d6f4-403d-4528-9246-d2139db5bc72
59,1,4409f409-077b-48c2-9421-b1802255499f,ab45d6f4-403d-4528-9246-d2139db5bc72
122,1,9da56adf-1252-4ca9-85cf-5fd8fb950cdf,76c9ed80-50ea-41fb-9e17-c488430fd00f
63,1,a73ebc78-1f89-4af8-8f67-2e35de947d16,ab45d6f4-403d-4528-9246-d2139db5bc72
91,1,982c8a07-8ad1-400c-8842-2fb10ad69c21,ff3b7502-07f2-4652-95bd-692557553cdb
116,1,1fd6fa60-cd5d-4e38-bfea-ea8dc5b25eaa,76c9ed80-50ea-41fb-9e17-c488430fd00f
113,9,44bf8c74-399d-4b9f-82ee-164c62e525a8,76c9ed80-50ea-41fb-9e17-c488430fd00f
71,1,b5c250bc-fe00-41b8-b06b-2f4c3e688520,ab45d6f4-403d-4528-9246-d2139db5bc72
82,1,20aeb28e-66c8-4695-a722-89a7f807c795,ab45d6f4-403d-4528-9246-d2139db5bc72
44,14,e2069dd1-ba2f-45fa-b2b7-9052a16f74cc,76c9ed80-50ea-41fb-9e17-c488430fd00f
36,4,b5867d88-1fd5-476e-98e0-498ccbf41655,76c9ed80-50ea-41fb-9e17-c488430fd00f
892,1,428a1d93-e1a5-407b-90a4-9bb2b85e39ec,d21c5d29-21ba-4288-bec0-8c077ac15aec
893,1,3f058476-5010-48f4-9bd9-e27648d2ecea,ab45d6f4-403d-4528-9246-d2139db5bc72
894,1,a74cb76b-da08-4412-817f-3240e52c5dde,d21c5d29-21ba-4288-bec0-8c077ac15aec
895,1,2fd43ecd-9910-48f4-bf08-f07a4445cdf2,d21c5d29-21ba-4288-bec0-8c077ac15aec
896,1,6e225ee4-8f52-4441-a7e9-0ed2ca804067,ff3b7502-07f2-4652-95bd-692557553cdb
897,1,c5b93d11-92e0-46cd-8616-427edce159d2,ab45d6f4-403d-4528-9246-d2139db5bc72
898,1,aa39bfc8-4980-4663-adf0-b7ee94f6b976,ab45d6f4-403d-4528-9246-d2139db5bc72
899,1,e57951e6-9761-421e-b482-aebfd2804c81,ab45d6f4-403d-4528-9246-d2139db5bc72
900,1,ff74234b-46ca-4d5a-9008-fd9e3643f565,ff3b7502-07f2-4652-95bd-692557553cdb
901,1,43700827-e657-4937-ae69-c333b70d3756,ab45d6f4-403d-4528-9246-d2139db5bc72
902,1,e2ca7d39-4fae-4ced-9dc2-b2593241b407,ab45d6f4-403d-4528-9246-d2139db5bc72
903,1,11cb7b68-cfe7-4d6c-84ed-af5ab071e74c,d21c5d29-21ba-4288-bec0-8c077ac15aec
904,1,639f0d69-543d-477f-be0f-764e9a5f08a3,ab45d6f4-403d-4528-9246-d2139db5bc72
905,1,a53ebbd1-0f08-4bf6-aeaa-90067a3b1312,ab45d6f4-403d-4528-9246-d2139db5bc72
906,1,ac1149e1-6679-4466-a445-1f6dd0ecd883,d21c5d29-21ba-4288-bec0-8c077ac15aec
907,1,afcb9669-1336-48ff-ad58-a7446b8b09f0,ab45d6f4-403d-4528-9246-d2139db5bc72
908,1,80c6de8f-a5f2-4897-9ca8-593d8a126590,ab45d6f4-403d-4528-9246-d2139db5bc72
909,1,54e3e7bc-9a9b-472f-a469-79f493328672,ab45d6f4-403d-4528-9246-d2139db5bc72
910,1,da5cb52c-1e0a-4c22-ab96-e05c210c0e60,ab45d6f4-403d-4528-9246-d2139db5bc72
911,1,37a18000-2d1f-41db-afe6-6545f817bcb7,ab45d6f4-403d-4528-9246-d2139db5bc72
912,1,86c00a32-6dca-4d77-bddb-75c36d0ec0ca,d21c5d29-21ba-4288-bec0-8c077ac15aec
913,1,c9f100c2-e502-4a61-94d5-87ae0f4d3646,ab45d6f4-403d-4528-9246-d2139db5bc72
914,1,8054183f-794a-4914-a8cb-a379bb9f1040,d21c5d29-21ba-4288-bec0-8c077ac15aec
2,1,3fddfda7-5eca-4501-839e-765eb49a8c1b,d21c5d29-21ba-4288-bec0-8c077ac15aec
51,1,96059067-e0dd-4d80-b2bf-60ec9378609d,d21c5d29-21ba-4288-bec0-8c077ac15aec
108,1,d0dcf8b7-d032-481b-b80e-dea683cc1fa4,ab45d6f4-403d-4528-9246-d2139db5bc72
776,1,f6e3429d-e80e-4cf6-889e-44af1e93f87d,d21c5d29-21ba-4288-bec0-8c077ac15aec
775,1,13b71402-f2cb-4aa3-9b17-639652e87ca8,ab45d6f4-403d-4528-9246-d2139db5bc72
483,1,337266f5-46b2-4abc-8b87-5555fe336f79,ab45d6f4-403d-4528-9246-d2139db5bc72
2189,1,c46778bd-7352-44cd-91fe-010102bb8aa0,ab45d6f4-403d-4528-9246-d2139db5bc72
774,1,13659e76-e911-41da-bf99-30eb7b05defc,ab45d6f4-403d-4528-9246-d2139db5bc72
431,1,81ad4d3f-39de-43d3-b4ec-45953b21ec71,d21c5d29-21ba-4288-bec0-8c077ac15aec
397,1,a81dc380-707e-4d2a-8995-ffe2454026ea,d21c5d29-21ba-4288-bec0-8c077ac15aec
26,1,65364bdd-6a19-404a-9a87-c1aa123017d3,d21c5d29-21ba-4288-bec0-8c077ac15aec
381,1,3bc8f1b6-1b44-4d82-85d9-3ea9d98fe848,d21c5d29-21ba-4288-bec0-8c077ac15aec
387,1,abb7adf0-cc3e-4734-ac67-20a562f83c33,ab45d6f4-403d-4528-9246-d2139db5bc72
372,1,4aa97b85-e71d-4584-a971-8b307e0a0e82,ab45d6f4-403d-4528-9246-d2139db5bc72
462,1,683398f6-8f62-49a6-9eb3-bf926a9b621c,d21c5d29-21ba-4288-bec0-8c077ac15aec
454,1,367ee6c7-1593-446e-8c5d-2a7bd11f1a81,ab45d6f4-403d-4528-9246-d2139db5bc72
467,1,855aa42c-15e8-4b99-be89-3986ccb8254c,ab45d6f4-403d-4528-9246-d2139db5bc72
536,1,2bccae2a-78df-4ce5-b6b3-40afea73fe4d,d21c5d29-21ba-4288-bec0-8c077ac15aec
37,6,b5867d88-1fd5-476e-98e0-498ccbf41655,555161bf-13d6-4909-b2d5-6c87d584de24
117,2,1fd6fa60-cd5d-4e38-bfea-ea8dc5b25eaa,555161bf-13d6-4909-b2d5-6c87d584de24
408,1,b677d3e7-9934-4e08-b823-8809798f2028,ff3b7502-07f2-4652-95bd-692557553cdb
169,2,0321f375-4f6c-47d8-9181-125b0274ee6b,758dab69-cb35-477f-86c0-ed52606e335b
254,1,9188840c-25ba-4ec8-b8c3-d32413aaf7a0,758dab69-cb35-477f-86c0-ed52606e335b
6,25,b5742bb7-4c8e-45cd-9429-65cb75f32795,ff3b7502-07f2-4652-95bd-692557553cdb
325,2,db2bcb8a-c799-4233-9699-dea23b975972,758dab69-cb35-477f-86c0-ed52606e335b
486,1,d9a43a8e-0ad0-448f-8915-d9bb66d9e508,d21c5d29-21ba-4288-bec0-8c077ac15aec
455,1,6f9282ed-25cc-41da-b2f5-0e7c4b686060,d21c5d29-21ba-4288-bec0-8c077ac15aec
488,1,21326fa6-355c-4e2e-8c34-90a91eda0eb6,d21c5d29-21ba-4288-bec0-8c077ac15aec
502,1,c47c5638-d426-4868-ae04-bc993ab0c2e1,d21c5d29-21ba-4288-bec0-8c077ac15aec
320,4,110491fc-f060-4b9d-ab2c-bb0806824948,cfa01ea5-1be6-40fc-b8f0-96c1a866c7e0
11,3,18ff9253-b11c-4ffa-9c3b-4b167c9f8cf2,d21c5d29-21ba-4288-bec0-8c077ac15aec
4,1,dda4b683-307d-4145-b75c-59f61c442484,d21c5d29-21ba-4288-bec0-8c077ac15aec
358,1,b914ff2b-105b-49de-8cca-fd079ec6188a,d21c5d29-21ba-4288-bec0-8c077ac15aec
45,23,e2069dd1-ba2f-45fa-b2b7-9052a16f74cc,ff3b7502-07f2-4652-95bd-692557553cdb
425,6,30f42aa0-cca9-4cb7-8479-7149e5f20112,ff3b7502-07f2-4652-95bd-692557553cdb
58,4,7fe5501b-aab0-4b70-9fef-08933ccf7480,d21c5d29-21ba-4288-bec0-8c077ac15aec
60,5,4409f409-077b-48c2-9421-b1802255499f,d21c5d29-21ba-4288-bec0-8c077ac15aec
62,1,4507d98e-44d1-40ea-8733-8047738b9a7a,d21c5d29-21ba-4288-bec0-8c077ac15aec
70,1,d5abf164-694c-4a24-8528-7395a7a01326,d21c5d29-21ba-4288-bec0-8c077ac15aec
86,1,ec808735-972e-41e7-8549-a96d93881e26,d21c5d29-21ba-4288-bec0-8c077ac15aec
543,1,639d2860-fa67-457c-af68-46b6b392fc74,ab45d6f4-403d-4528-9246-d2139db5bc72
92,2,982c8a07-8ad1-400c-8842-2fb10ad69c21,d21c5d29-21ba-4288-bec0-8c077ac15aec
493,1,e126690a-c368-4677-892e-116126ea8c8a,ff3b7502-07f2-4652-95bd-692557553cdb
83,4,20aeb28e-66c8-4695-a722-89a7f807c795,ff3b7502-07f2-4652-95bd-692557553cdb
89,4,d6fa3131-3ab1-48c9-bd8b-31c0461a9fb5,ff3b7502-07f2-4652-95bd-692557553cdb
445,1,40b44149-d3f3-45a5-8d44-424b4c886b7a,ff3b7502-07f2-4652-95bd-692557553cdb
874,1,763e3b22-b9ac-4bee-b665-69d1acb70712,ab45d6f4-403d-4528-9246-d2139db5bc72
114,2,44bf8c74-399d-4b9f-82ee-164c62e525a8,d21c5d29-21ba-4288-bec0-8c077ac15aec
123,5,9da56adf-1252-4ca9-85cf-5fd8fb950cdf,d21c5d29-21ba-4288-bec0-8c077ac15aec
506,1,1d43d4b3-1562-4ccc-9729-49d31aa5309e,ab45d6f4-403d-4528-9246-d2139db5bc72
925,1,aff43790-897a-49b4-a4c6-f3506a6c4858,d21c5d29-21ba-4288-bec0-8c077ac15aec
924,1,54da66af-5ce4-4975-8560-258824988821,ab45d6f4-403d-4528-9246-d2139db5bc72
923,1,55fe5714-b786-4cda-83f2-44afeb341a92,ab45d6f4-403d-4528-9246-d2139db5bc72
922,1,181726f7-b361-4d04-8235-15729283791d,ab45d6f4-403d-4528-9246-d2139db5bc72
528,1,d7baab30-c95a-40e7-b076-287fb90de9d5,ab45d6f4-403d-4528-9246-d2139db5bc72
363,1,2979f7e7-b34d-4f16-8c96-966d7a2a1f01,ab45d6f4-403d-4528-9246-d2139db5bc72
518,1,9c1d2774-3eeb-4b72-bd48-fa7eb5c5e39e,ff3b7502-07f2-4652-95bd-692557553cdb
524,1,62ac1496-2c4b-4d93-95f0-7ee39deeb0ea,ff3b7502-07f2-4652-95bd-692557553cdb
403,1,c0c97c0f-c50b-44b5-9b95-c599e99004fa,d21c5d29-21ba-4288-bec0-8c077ac15aec
55,8,1744df14-f1f1-451b-a384-28e3a1beba7f,76c9ed80-50ea-41fb-9e17-c488430fd00f
104,1,b8495e18-9a18-4e8f-8b88-85db6e74ec22,ab45d6f4-403d-4528-9246-d2139db5bc72
352,1,6cd949ce-78fd-4c77-ae81-4812f02b02e0,d21c5d29-21ba-4288-bec0-8c077ac15aec
101,1,e211347f-4b04-4765-a230-295f366390d1,d21c5d29-21ba-4288-bec0-8c077ac15aec
64,2,a73ebc78-1f89-4af8-8f67-2e35de947d16,76c9ed80-50ea-41fb-9e17-c488430fd00f
102,1,6adc2c82-61b3-41b4-89ca-62862bfe9b9f,76c9ed80-50ea-41fb-9e17-c488430fd00f
93,1,1b5fd49d-9131-46ee-b56a-70efbb1effe5,76c9ed80-50ea-41fb-9e17-c488430fd00f
96,1,f2cb2434-7d2e-4d87-8b97-6546d4931b29,d21c5d29-21ba-4288-bec0-8c077ac15aec
35,1,d176bc00-f198-4250-b9d7-5193f621fd60,d21c5d29-21ba-4288-bec0-8c077ac15aec
14,1,aade4249-dedf-4938-9ad1-432553bf0c36,d21c5d29-21ba-4288-bec0-8c077ac15aec
40,1,e8b6fe34-d598-4d53-86d0-288bc004c3e7,ab45d6f4-403d-4528-9246-d2139db5bc72
73,1,bdd706f0-b987-446b-b650-78d9d86f00b2,ab45d6f4-403d-4528-9246-d2139db5bc72
921,1,fd58b98f-87d6-441b-bec8-aa79752f3c5e,d21c5d29-21ba-4288-bec0-8c077ac15aec
920,1,06813bb3-7c73-425d-b9fe-6b4e80add160,d21c5d29-21ba-4288-bec0-8c077ac15aec
919,1,aebd4757-08dc-4ca0-be33-aa85171de59d,ab45d6f4-403d-4528-9246-d2139db5bc72
66,1,dab7d824-81ec-49ba-911a-b3d081469a84,ab45d6f4-403d-4528-9246-d2139db5bc72
438,1,b26b964d-c772-4fe5-893e-74bd9148806a,d21c5d29-21ba-4288-bec0-8c077ac15aec
918,1,596d3936-d754-4c02-b8ae-20f69d4ac16b,d21c5d29-21ba-4288-bec0-8c077ac15aec
917,1,a562afcf-b6f7-4ddd-be72-d450f8de9fc0,d21c5d29-21ba-4288-bec0-8c077ac15aec
1,1,ac6f7ea3-062c-442f-abf9-9732a88fcc6b,ab45d6f4-403d-4528-9246-d2139db5bc72
23,1,8e349bce-5860-4c0b-9ee9-ebb684574262,d21c5d29-21ba-4288-bec0-8c077ac15aec
29,1,91f97996-69a3-43b8-bdfc-20895502415f,ab45d6f4-403d-4528-9246-d2139db5bc72
916,1,59c24c09-5ecd-44c8-a324-5a7da62c634b,d21c5d29-21ba-4288-bec0-8c077ac15aec
87,1,063b5195-7e46-4b16-a45c-25393fb8675f,ff3b7502-07f2-4652-95bd-692557553cdb
15,1,6ad99ded-e693-4660-a1c5-86ead53a9bcf,ff3b7502-07f2-4652-95bd-692557553cdb
915,1,cf802366-d886-45a5-bd49-2566521a4bbe,ab45d6f4-403d-4528-9246-d2139db5bc72
124,1,15e95cb0-2008-4b98-83e9-0ce5a614b42c,d21c5d29-21ba-4288-bec0-8c077ac15aec
77,1,82f57fc4-357f-49d3-af4b-e8bfb0a35210,ab45d6f4-403d-4528-9246-d2139db5bc72
20,1,fa126d2b-ea85-4237-8abd-367c1b1e4e92,76c9ed80-50ea-41fb-9e17-c488430fd00f
777,1,7bd65217-fdbe-4945-a657-496a494fff48,ab45d6f4-403d-4528-9246-d2139db5bc72
884,1,6325743f-ad5d-4c24-aca3-6262a70d78d7,ab45d6f4-403d-4528-9246-d2139db5bc72
885,1,a7f6fd15-9b3c-4cae-a029-0da92222f465,d21c5d29-21ba-4288-bec0-8c077ac15aec
886,1,ad9602aa-4d82-4f9f-9ef5-053f92f2c9ff,ab45d6f4-403d-4528-9246-d2139db5bc72
887,1,ecd7fb7a-570b-4466-b0ea-8d4b60016036,ab45d6f4-403d-4528-9246-d2139db5bc72
888,1,52e4975a-0d6d-4bb0-91a3-862f8e113091,ab45d6f4-403d-4528-9246-d2139db5bc72
889,1,9de35b9b-704e-4cf3-b580-fff54b9ede15,ab45d6f4-403d-4528-9246-d2139db5bc72
890,1,52d61c70-77fd-4c4a-aae8-f4e24dde6de8,ab45d6f4-403d-4528-9246-d2139db5bc72
891,1,68f29968-0830-437d-a249-ba47ac22b0b4,ab45d6f4-403d-4528-9246-d2139db5bc72
962,2,181726f7-b361-4d04-8235-15729283791d,89b29179-7fba-456e-b4ed-5ff5b548be18
2190,2,c46778bd-7352-44cd-91fe-010102bb8aa0,078c2195-93b7-4811-b103-ea857710faf7
156,2,86c00a32-6dca-4d77-bddb-75c36d0ec0ca,4ed73ccc-e12a-4009-aa2c-e40ea4c0c84a
439,2,b26b964d-c772-4fe5-893e-74bd9148806a,4ed73ccc-e12a-4009-aa2c-e40ea4c0c84a
456,2,6f9282ed-25cc-41da-b2f5-0e7c4b686060,4ed73ccc-e12a-4009-aa2c-e40ea4c0c84a
353,2,6cd949ce-78fd-4c77-ae81-4812f02b02e0,e9bb1c0d-d4c7-4be7-be51-e3f8328be466
404,2,c0c97c0f-c50b-44b5-9b95-c599e99004fa,e9bb1c0d-d4c7-4be7-be51-e3f8328be466
359,2,b914ff2b-105b-49de-8cca-fd079ec6188a,d8c3ac85-6e38-4ec9-baa6-a037b9b16d18
382,4,3bc8f1b6-1b44-4d82-85d9-3ea9d98fe848,d8c3ac85-6e38-4ec9-baa6-a037b9b16d18
409,2,b677d3e7-9934-4e08-b823-8809798f2028,05e06b15-ceb0-4623-a9c9-98ad6ec4ef49
426,7,30f42aa0-cca9-4cb7-8479-7149e5f20112,05e06b15-ceb0-4623-a9c9-98ad6ec4ef49
446,2,40b44149-d3f3-45a5-8d44-424b4c886b7a,05e06b15-ceb0-4623-a9c9-98ad6ec4ef49
529,2,d7baab30-c95a-40e7-b076-287fb90de9d5,89b29179-7fba-456e-b4ed-5ff5b548be18
507,2,1d43d4b3-1562-4ccc-9729-49d31aa5309e,1f890d25-4f74-4166-b2e5-76d3367bb5d6
544,2,639d2860-fa67-457c-af68-46b6b392fc74,d21c5d29-21ba-4288-bec0-8c077ac15aec
484,2,337266f5-46b2-4abc-8b87-5555fe336f79,d21c5d29-21ba-4288-bec0-8c077ac15aec
90,1,d6fa3131-3ab1-48c9-bd8b-31c0461a9fb5,d21c5d29-21ba-4288-bec0-8c077ac15aec
537,2,2bccae2a-78df-4ce5-b6b3-40afea73fe4d,e9bb1c0d-d4c7-4be7-be51-e3f8328be466
487,2,d9a43a8e-0ad0-448f-8915-d9bb66d9e508,e9bb1c0d-d4c7-4be7-be51-e3f8328be466
463,2,683398f6-8f62-49a6-9eb3-bf926a9b621c,d8c3ac85-6e38-4ec9-baa6-a037b9b16d18
489,2,21326fa6-355c-4e2e-8c34-90a91eda0eb6,d8c3ac85-6e38-4ec9-baa6-a037b9b16d18
503,2,c47c5638-d426-4868-ae04-bc993ab0c2e1,cfa01ea5-1be6-40fc-b8f0-96c1a866c7e0
494,2,e126690a-c368-4677-892e-116126ea8c8a,05e06b15-ceb0-4623-a9c9-98ad6ec4ef49
525,2,62ac1496-2c4b-4d93-95f0-7ee39deeb0ea,05e06b15-ceb0-4623-a9c9-98ad6ec4ef49
519,2,9c1d2774-3eeb-4b72-bd48-fa7eb5c5e39e,05e06b15-ceb0-4623-a9c9-98ad6ec4ef49
170,4,0321f375-4f6c-47d8-9181-125b0274ee6b,9b446b08-fd9d-4ea7-94d3-2a0b3328f121
203,10,4409f409-077b-48c2-9421-b1802255499f,0db96bcc-ca00-41b3-9cc5-32ea93d27c12
326,3,db2bcb8a-c799-4233-9699-dea23b975972,bfcf5b70-01f3-49f2-9f68-6ce27a9d4491
321,7,110491fc-f060-4b9d-ab2c-bb0806824948,402bf733-9d89-4602-b9ee-6e530d1b2836
282,3,982c8a07-8ad1-400c-8842-2fb10ad69c21,162d0da5-6fac-433b-b4dd-22a721788975
255,2,9188840c-25ba-4ec8-b8c3-d32413aaf7a0,e9bb1c0d-d4c7-4be7-be51-e3f8328be466
200,6,7fe5501b-aab0-4b70-9fef-08933ccf7480,e9bb1c0d-d4c7-4be7-be51-e3f8328be466
208,2,59c24c09-5ecd-44c8-a324-5a7da62c634b,4ed73ccc-e12a-4009-aa2c-e40ea4c0c84a
118,3,1fd6fa60-cd5d-4e38-bfea-ea8dc5b25eaa,d21c5d29-21ba-4288-bec0-8c077ac15aec
84,7,20aeb28e-66c8-4695-a722-89a7f807c795,d21c5d29-21ba-4288-bec0-8c077ac15aec
65,3,a73ebc78-1f89-4af8-8f67-2e35de947d16,d21c5d29-21ba-4288-bec0-8c077ac15aec
56,2,1744df14-f1f1-451b-a384-28e3a1beba7f,d21c5d29-21ba-4288-bec0-8c077ac15aec
46,4,e2069dd1-ba2f-45fa-b2b7-9052a16f74cc,d21c5d29-21ba-4288-bec0-8c077ac15aec
42,2,e8b6fe34-d598-4d53-86d0-288bc004c3e7,d21c5d29-21ba-4288-bec0-8c077ac15aec
432,2,81ad4d3f-39de-43d3-b4ec-45953b21ec71,4ed73ccc-e12a-4009-aa2c-e40ea4c0c84a
7,4,b5742bb7-4c8e-45cd-9429-65cb75f32795,d21c5d29-21ba-4288-bec0-8c077ac15aec
388,2,abb7adf0-cc3e-4734-ac67-20a562f83c33,d21c5d29-21ba-4288-bec0-8c077ac15aec
364,2,2979f7e7-b34d-4f16-8c96-966d7a2a1f01,d21c5d29-21ba-4288-bec0-8c077ac15aec
468,2,855aa42c-15e8-4b99-be89-3986ccb8254c,4a30e300-583d-47dc-bfb8-b0268c888710
373,2,4aa97b85-e71d-4584-a971-8b307e0a0e82,d21c5d29-21ba-4288-bec0-8c077ac15aec
38,1,b5867d88-1fd5-476e-98e0-498ccbf41655,d21c5d29-21ba-4288-bec0-8c077ac15aec
778,2,4507d98e-44d1-40ea-8733-8047738b9a7a,4ed73ccc-e12a-4009-aa2c-e40ea4c0c84a
779,2,13659e76-e911-41da-bf99-30eb7b05defc,89b29179-7fba-456e-b4ed-5ff5b548be18
780,2,f6e3429d-e80e-4cf6-889e-44af1e93f87d,e9bb1c0d-d4c7-4be7-be51-e3f8328be466
926,2,428a1d93-e1a5-407b-90a4-9bb2b85e39ec,06bdcf26-0423-45d4-8cd0-71a1dd49dfa3
927,2,52e4975a-0d6d-4bb0-91a3-862f8e113091,078c2195-93b7-4811-b103-ea857710faf7
928,2,b8495e18-9a18-4e8f-8b88-85db6e74ec22,89b29179-7fba-456e-b4ed-5ff5b548be18
929,2,9de35b9b-704e-4cf3-b580-fff54b9ede15,75fcec59-681d-48be-95ee-b2454aab57b4
930,2,68f29968-0830-437d-a249-ba47ac22b0b4,1f890d25-4f74-4166-b2e5-76d3367bb5d6
931,2,fa126d2b-ea85-4237-8abd-367c1b1e4e92,402bf733-9d89-4602-b9ee-6e530d1b2836
932,2,52d61c70-77fd-4c4a-aae8-f4e24dde6de8,4a30e300-583d-47dc-bfb8-b0268c888710
933,2,3f058476-5010-48f4-9bd9-e27648d2ecea,1f890d25-4f74-4166-b2e5-76d3367bb5d6
934,2,2fd43ecd-9910-48f4-bf08-f07a4445cdf2,4ed73ccc-e12a-4009-aa2c-e40ea4c0c84a
935,2,a74cb76b-da08-4412-817f-3240e52c5dde,4ed73ccc-e12a-4009-aa2c-e40ea4c0c84a
936,2,11cb7b68-cfe7-4d6c-84ed-af5ab071e74c,e9bb1c0d-d4c7-4be7-be51-e3f8328be466
937,2,ad9602aa-4d82-4f9f-9ef5-053f92f2c9ff,89b29179-7fba-456e-b4ed-5ff5b548be18
938,2,8e349bce-5860-4c0b-9ee9-ebb684574262,4ed73ccc-e12a-4009-aa2c-e40ea4c0c84a
939,2,063b5195-7e46-4b16-a45c-25393fb8675f,25f0a6a8-ec49-4827-8d6f-b4524c237475
940,2,d176bc00-f198-4250-b9d7-5193f621fd60,4ed73ccc-e12a-4009-aa2c-e40ea4c0c84a
941,2,a53ebbd1-0f08-4bf6-aeaa-90067a3b1312,4a30e300-583d-47dc-bfb8-b0268c888710
942,2,c5b93d11-92e0-46cd-8616-427edce159d2,1f890d25-4f74-4166-b2e5-76d3367bb5d6
943,2,ecd7fb7a-570b-4466-b0ea-8d4b60016036,75fcec59-681d-48be-95ee-b2454aab57b4
944,2,afcb9669-1336-48ff-ad58-a7446b8b09f0,4a30e300-583d-47dc-bfb8-b0268c888710
945,2,aa39bfc8-4980-4663-adf0-b7ee94f6b976,75fcec59-681d-48be-95ee-b2454aab57b4
946,2,596d3936-d754-4c02-b8ae-20f69d4ac16b,9852ca3f-b8fc-4665-a990-465072ec4379
947,2,43700827-e657-4937-ae69-c333b70d3756,4a30e300-583d-47dc-bfb8-b0268c888710
948,2,ac6f7ea3-062c-442f-abf9-9732a88fcc6b,4a30e300-583d-47dc-bfb8-b0268c888710
949,2,dda4b683-307d-4145-b75c-59f61c442484,4ed73ccc-e12a-4009-aa2c-e40ea4c0c84a
950,2,ff74234b-46ca-4d5a-9008-fd9e3643f565,7e6ed025-dbdb-446a-b6de-6ea964042972
951,2,c9f100c2-e502-4a61-94d5-87ae0f4d3646,078c2195-93b7-4811-b103-ea857710faf7
952,2,ac1149e1-6679-4466-a445-1f6dd0ecd883,4ed73ccc-e12a-4009-aa2c-e40ea4c0c84a
953,2,cf802366-d886-45a5-bd49-2566521a4bbe,4a30e300-583d-47dc-bfb8-b0268c888710
954,2,fd58b98f-87d6-441b-bec8-aa79752f3c5e,d8c3ac85-6e38-4ec9-baa6-a037b9b16d18
955,2,6ad99ded-e693-4660-a1c5-86ead53a9bcf,25f0a6a8-ec49-4827-8d6f-b4524c237475
956,2,aff43790-897a-49b4-a4c6-f3506a6c4858,76c9ed80-50ea-41fb-9e17-c488430fd00f
957,2,54e3e7bc-9a9b-472f-a469-79f493328672,ff3b7502-07f2-4652-95bd-692557553cdb
958,2,80c6de8f-a5f2-4897-9ca8-593d8a126590,75fcec59-681d-48be-95ee-b2454aab57b4
959,2,54da66af-5ce4-4975-8560-258824988821,75fcec59-681d-48be-95ee-b2454aab57b4
960,2,a562afcf-b6f7-4ddd-be72-d450f8de9fc0,4ed73ccc-e12a-4009-aa2c-e40ea4c0c84a
961,2,d0dcf8b7-d032-481b-b80e-dea683cc1fa4,1f890d25-4f74-4166-b2e5-76d3367bb5d6
963,2,3fddfda7-5eca-4501-839e-765eb49a8c1b,4ed73ccc-e12a-4009-aa2c-e40ea4c0c84a
964,2,aebd4757-08dc-4ca0-be33-aa85171de59d,078c2195-93b7-4811-b103-ea857710faf7
965,2,37a18000-2d1f-41db-afe6-6545f817bcb7,75fcec59-681d-48be-95ee-b2454aab57b4
966,2,e57951e6-9761-421e-b482-aebfd2804c81,4a30e300-583d-47dc-bfb8-b0268c888710
967,2,f2cb2434-7d2e-4d87-8b97-6546d4931b29,4ed73ccc-e12a-4009-aa2c-e40ea4c0c84a
968,2,55fe5714-b786-4cda-83f2-44afeb341a92,078c2195-93b7-4811-b103-ea857710faf7
969,2,da5cb52c-1e0a-4c22-ab96-e05c210c0e60,1f890d25-4f74-4166-b2e5-76d3367bb5d6
970,2,639f0d69-543d-477f-be0f-764e9a5f08a3,078c2195-93b7-4811-b103-ea857710faf7
971,2,65364bdd-6a19-404a-9a87-c1aa123017d3,06bdcf26-0423-45d4-8cd0-71a1dd49dfa3
972,2,e211347f-4b04-4765-a230-295f366390d1,d8c3ac85-6e38-4ec9-baa6-a037b9b16d18
973,2,06813bb3-7c73-425d-b9fe-6b4e80add160,4ed73ccc-e12a-4009-aa2c-e40ea4c0c84a
974,2,e2ca7d39-4fae-4ced-9dc2-b2593241b407,89b29179-7fba-456e-b4ed-5ff5b548be18
197,2,96059067-e0dd-4d80-b2bf-60ec9378609d,4ed73ccc-e12a-4009-aa2c-e40ea4c0c84a
143,2,91f97996-69a3-43b8-bdfc-20895502415f,4a30e300-583d-47dc-bfb8-b0268c888710
238,2,bdd706f0-b987-446b-b650-78d9d86f00b2,89b29179-7fba-456e-b4ed-5ff5b548be18
226,2,dab7d824-81ec-49ba-911a-b3d081469a84,4a30e300-583d-47dc-bfb8-b0268c888710
274,2,ec808735-972e-41e7-8549-a96d93881e26,4ed73ccc-e12a-4009-aa2c-e40ea4c0c84a
781,2,13b71402-f2cb-4aa3-9b17-639652e87ca8,078c2195-93b7-4811-b103-ea857710faf7
782,2,82f57fc4-357f-49d3-af4b-e8bfb0a35210,4a30e300-583d-47dc-bfb8-b0268c888710
783,2,7bd65217-fdbe-4945-a657-496a494fff48,89b29179-7fba-456e-b4ed-5ff5b548be18
875,2,763e3b22-b9ac-4bee-b665-69d1acb70712,d21c5d29-21ba-4288-bec0-8c077ac15aec
398,2,a81dc380-707e-4d2a-8995-ffe2454026ea,d8c3ac85-6e38-4ec9-baa6-a037b9b16d18
134,2,8054183f-794a-4914-a8cb-a379bb9f1040,e9bb1c0d-d4c7-4be7-be51-e3f8328be466
103,2,6adc2c82-61b3-41b4-89ca-62862bfe9b9f,d21c5d29-21ba-4288-bec0-8c077ac15aec
132,2,a7f6fd15-9b3c-4cae-a029-0da92222f465,e9bb1c0d-d4c7-4be7-be51-e3f8328be466
94,2,1b5fd49d-9131-46ee-b56a-70efbb1effe5,d21c5d29-21ba-4288-bec0-8c077ac15aec
53,2,6325743f-ad5d-4c24-aca3-6262a70d78d7,d21c5d29-21ba-4288-bec0-8c077ac15aec
336,2,15e95cb0-2008-4b98-83e9-0ce5a614b42c,758dab69-cb35-477f-86c0-ed52606e335b
172,2,6e225ee4-8f52-4441-a7e9-0ed2ca804067,05e06b15-ceb0-4623-a9c9-98ad6ec4ef49
130,2,aade4249-dedf-4938-9ad1-432553bf0c36,948d2160-3c88-4045-89f4-7b5bb11198c5
981,3,cf802366-d886-45a5-bd49-2566521a4bbe,89b29179-7fba-456e-b4ed-5ff5b548be18
982,3,d176bc00-f198-4250-b9d7-5193f621fd60,e9bb1c0d-d4c7-4be7-be51-e3f8328be466
983,3,aa39bfc8-4980-4663-adf0-b7ee94f6b976,d21c5d29-21ba-4288-bec0-8c077ac15aec
984,3,428a1d93-e1a5-407b-90a4-9bb2b85e39ec,4ed73ccc-e12a-4009-aa2c-e40ea4c0c84a
985,3,ff74234b-46ca-4d5a-9008-fd9e3643f565,05e06b15-ceb0-4623-a9c9-98ad6ec4ef49
986,3,6ad99ded-e693-4660-a1c5-86ead53a9bcf,475f62e3-13dd-48a4-a01c-508cb306d7ca
987,3,e57951e6-9761-421e-b482-aebfd2804c81,d21c5d29-21ba-4288-bec0-8c077ac15aec
988,3,aade4249-dedf-4938-9ad1-432553bf0c36,9852ca3f-b8fc-4665-a990-465072ec4379
989,3,fa126d2b-ea85-4237-8abd-367c1b1e4e92,9ba5be4d-a4db-4145-80cc-9c006d68a219
990,3,3f058476-5010-48f4-9bd9-e27648d2ecea,75fcec59-681d-48be-95ee-b2454aab57b4
991,3,11cb7b68-cfe7-4d6c-84ed-af5ab071e74c,758dab69-cb35-477f-86c0-ed52606e335b
992,3,a74cb76b-da08-4412-817f-3240e52c5dde,9852ca3f-b8fc-4665-a990-465072ec4379
993,3,52d61c70-77fd-4c4a-aae8-f4e24dde6de8,89b29179-7fba-456e-b4ed-5ff5b548be18
994,3,68f29968-0830-437d-a249-ba47ac22b0b4,75fcec59-681d-48be-95ee-b2454aab57b4
995,3,d0dcf8b7-d032-481b-b80e-dea683cc1fa4,c3303537-97d2-4aa3-b598-a7de40814d85
996,3,52e4975a-0d6d-4bb0-91a3-862f8e113091,89b29179-7fba-456e-b4ed-5ff5b548be18
997,3,b8495e18-9a18-4e8f-8b88-85db6e74ec22,4a30e300-583d-47dc-bfb8-b0268c888710
998,3,ad9602aa-4d82-4f9f-9ef5-053f92f2c9ff,d21c5d29-21ba-4288-bec0-8c077ac15aec
999,3,2fd43ecd-9910-48f4-bf08-f07a4445cdf2,e9bb1c0d-d4c7-4be7-be51-e3f8328be466
1000,3,e211347f-4b04-4765-a230-295f366390d1,76c9ed80-50ea-41fb-9e17-c488430fd00f
1001,3,a7f6fd15-9b3c-4cae-a029-0da92222f465,758dab69-cb35-477f-86c0-ed52606e335b
1002,3,3fddfda7-5eca-4501-839e-765eb49a8c1b,d8c3ac85-6e38-4ec9-baa6-a037b9b16d18
1003,3,ac6f7ea3-062c-442f-abf9-9732a88fcc6b,ff3b7502-07f2-4652-95bd-692557553cdb
1004,3,f2cb2434-7d2e-4d87-8b97-6546d4931b29,e9bb1c0d-d4c7-4be7-be51-e3f8328be466
1005,3,6325743f-ad5d-4c24-aca3-6262a70d78d7,e9bb1c0d-d4c7-4be7-be51-e3f8328be466
1006,3,639f0d69-543d-477f-be0f-764e9a5f08a3,89b29179-7fba-456e-b4ed-5ff5b548be18
1007,3,54da66af-5ce4-4975-8560-258824988821,078c2195-93b7-4811-b103-ea857710faf7
1008,3,55fe5714-b786-4cda-83f2-44afeb341a92,89b29179-7fba-456e-b4ed-5ff5b548be18
1009,3,fd58b98f-87d6-441b-bec8-aa79752f3c5e,555161bf-13d6-4909-b2d5-6c87d584de24
1010,3,06813bb3-7c73-425d-b9fe-6b4e80add160,9852ca3f-b8fc-4665-a990-465072ec4379
1011,3,a562afcf-b6f7-4ddd-be72-d450f8de9fc0,e9bb1c0d-d4c7-4be7-be51-e3f8328be466
1012,3,aebd4757-08dc-4ca0-be33-aa85171de59d,4a30e300-583d-47dc-bfb8-b0268c888710
1013,3,596d3936-d754-4c02-b8ae-20f69d4ac16b,758dab69-cb35-477f-86c0-ed52606e335b
1014,3,063b5195-7e46-4b16-a45c-25393fb8675f,475f62e3-13dd-48a4-a01c-508cb306d7ca
1015,3,9de35b9b-704e-4cf3-b580-fff54b9ede15,078c2195-93b7-4811-b103-ea857710faf7
1016,3,4507d98e-44d1-40ea-8733-8047738b9a7a,e9bb1c0d-d4c7-4be7-be51-e3f8328be466
1017,3,8054183f-794a-4914-a8cb-a379bb9f1040,758dab69-cb35-477f-86c0-ed52606e335b
1018,3,a53ebbd1-0f08-4bf6-aeaa-90067a3b1312,d21c5d29-21ba-4288-bec0-8c077ac15aec
1019,3,43700827-e657-4937-ae69-c333b70d3756,89b29179-7fba-456e-b4ed-5ff5b548be18
1020,3,c5b93d11-92e0-46cd-8616-427edce159d2,c3303537-97d2-4aa3-b598-a7de40814d85
1021,3,8e349bce-5860-4c0b-9ee9-ebb684574262,e9bb1c0d-d4c7-4be7-be51-e3f8328be466
1022,3,da5cb52c-1e0a-4c22-ab96-e05c210c0e60,75fcec59-681d-48be-95ee-b2454aab57b4
1023,3,96059067-e0dd-4d80-b2bf-60ec9378609d,1dacbe62-8d60-4a7e-a1d8-ea0feba270b0
1024,3,ac1149e1-6679-4466-a445-1f6dd0ecd883,9852ca3f-b8fc-4665-a990-465072ec4379
1025,3,e2ca7d39-4fae-4ced-9dc2-b2593241b407,1f890d25-4f74-4166-b2e5-76d3367bb5d6
1026,3,dda4b683-307d-4145-b75c-59f61c442484,9852ca3f-b8fc-4665-a990-465072ec4379
229,3,dab7d824-81ec-49ba-911a-b3d081469a84,89b29179-7fba-456e-b4ed-5ff5b548be18
786,3,13b71402-f2cb-4aa3-9b17-639652e87ca8,89b29179-7fba-456e-b4ed-5ff5b548be18
787,3,13659e76-e911-41da-bf99-30eb7b05defc,078c2195-93b7-4811-b103-ea857710faf7
788,3,f6e3429d-e80e-4cf6-889e-44af1e93f87d,d8c3ac85-6e38-4ec9-baa6-a037b9b16d18
147,3,91f97996-69a3-43b8-bdfc-20895502415f,89b29179-7fba-456e-b4ed-5ff5b548be18
389,3,abb7adf0-cc3e-4734-ac67-20a562f83c33,9852ca3f-b8fc-4665-a990-465072ec4379
233,3,bdd706f0-b987-446b-b650-78d9d86f00b2,1f890d25-4f74-4166-b2e5-76d3367bb5d6
545,3,639d2860-fa67-457c-af68-46b6b392fc74,e9bb1c0d-d4c7-4be7-be51-e3f8328be466
876,3,763e3b22-b9ac-4bee-b665-69d1acb70712,4ed73ccc-e12a-4009-aa2c-e40ea4c0c84a
360,3,b914ff2b-105b-49de-8cca-fd079ec6188a,cfa01ea5-1be6-40fc-b8f0-96c1a866c7e0
272,3,ec808735-972e-41e7-8549-a96d93881e26,9852ca3f-b8fc-4665-a990-465072ec4379
155,3,86c00a32-6dca-4d77-bddb-75c36d0ec0ca,e9bb1c0d-d4c7-4be7-be51-e3f8328be466
286,3,1b5fd49d-9131-46ee-b56a-70efbb1effe5,e9bb1c0d-d4c7-4be7-be51-e3f8328be466
337,3,15e95cb0-2008-4b98-83e9-0ce5a614b42c,e9bb1c0d-d4c7-4be7-be51-e3f8328be466
294,3,6adc2c82-61b3-41b4-89ca-62862bfe9b9f,758dab69-cb35-477f-86c0-ed52606e335b
457,3,6f9282ed-25cc-41da-b2f5-0e7c4b686060,d8c3ac85-6e38-4ec9-baa6-a037b9b16d18
327,4,db2bcb8a-c799-4233-9699-dea23b975972,a85c510d-76d1-4c75-9b81-7ae13a36dd30
485,3,337266f5-46b2-4abc-8b87-5555fe336f79,4ed73ccc-e12a-4009-aa2c-e40ea4c0c84a
495,3,e126690a-c368-4677-892e-116126ea8c8a,475f62e3-13dd-48a4-a01c-508cb306d7ca
201,2,7fe5501b-aab0-4b70-9fef-08933ccf7480,4a30e300-583d-47dc-bfb8-b0268c888710
469,3,855aa42c-15e8-4b99-be89-3986ccb8254c,d21c5d29-21ba-4288-bec0-8c077ac15aec
2191,3,c46778bd-7352-44cd-91fe-010102bb8aa0,75fcec59-681d-48be-95ee-b2454aab57b4
508,3,1d43d4b3-1562-4ccc-9729-49d31aa5309e,d21c5d29-21ba-4288-bec0-8c077ac15aec
322,2,110491fc-f060-4b9d-ab2c-bb0806824948,4ed73ccc-e12a-4009-aa2c-e40ea4c0c84a
283,4,982c8a07-8ad1-400c-8842-2fb10ad69c21,4ed73ccc-e12a-4009-aa2c-e40ea4c0c84a
526,3,62ac1496-2c4b-4d93-95f0-7ee39deeb0ea,76c9ed80-50ea-41fb-9e17-c488430fd00f
109,3,ecd7fb7a-570b-4466-b0ea-8d4b60016036,d21c5d29-21ba-4288-bec0-8c077ac15aec
464,4,683398f6-8f62-49a6-9eb3-bf926a9b621c,76c9ed80-50ea-41fb-9e17-c488430fd00f
405,5,c0c97c0f-c50b-44b5-9b95-c599e99004fa,d8c3ac85-6e38-4ec9-baa6-a037b9b16d18
276,2,d6fa3131-3ab1-48c9-bd8b-31c0461a9fb5,758dab69-cb35-477f-86c0-ed52606e335b
330,4,1fd6fa60-cd5d-4e38-bfea-ea8dc5b25eaa,e9bb1c0d-d4c7-4be7-be51-e3f8328be466
174,26,e2069dd1-ba2f-45fa-b2b7-9052a16f74cc,0db96bcc-ca00-41b3-9cc5-32ea93d27c12
427,4,30f42aa0-cca9-4cb7-8479-7149e5f20112,76c9ed80-50ea-41fb-9e17-c488430fd00f
209,4,a73ebc78-1f89-4af8-8f67-2e35de947d16,475f62e3-13dd-48a4-a01c-508cb306d7ca
365,3,2979f7e7-b34d-4f16-8c96-966d7a2a1f01,e9bb1c0d-d4c7-4be7-be51-e3f8328be466
207,3,59c24c09-5ecd-44c8-a324-5a7da62c634b,91de6864-bad3-4365-ac0f-c9c5c89661f9
530,3,d7baab30-c95a-40e7-b076-287fb90de9d5,d21c5d29-21ba-4288-bec0-8c077ac15aec
48,3,80c6de8f-a5f2-4897-9ca8-593d8a126590,d21c5d29-21ba-4288-bec0-8c077ac15aec
440,3,b26b964d-c772-4fe5-893e-74bd9148806a,76c9ed80-50ea-41fb-9e17-c488430fd00f
354,3,6cd949ce-78fd-4c77-ae81-4812f02b02e0,d8c3ac85-6e38-4ec9-baa6-a037b9b16d18
447,3,40b44149-d3f3-45a5-8d44-424b4c886b7a,475f62e3-13dd-48a4-a01c-508cb306d7ca
410,3,b677d3e7-9934-4e08-b823-8809798f2028,475f62e3-13dd-48a4-a01c-508cb306d7ca
433,3,81ad4d3f-39de-43d3-b4ec-45953b21ec71,76c9ed80-50ea-41fb-9e17-c488430fd00f
173,3,54e3e7bc-9a9b-472f-a469-79f493328672,05e06b15-ceb0-4623-a9c9-98ad6ec4ef49
95,3,181726f7-b361-4d04-8235-15729283791d,d21c5d29-21ba-4288-bec0-8c077ac15aec
204,2,4409f409-077b-48c2-9421-b1802255499f,4a30e300-583d-47dc-bfb8-b0268c888710
24,3,aff43790-897a-49b4-a4c6-f3506a6c4858,555161bf-13d6-4909-b2d5-6c87d584de24
490,3,21326fa6-355c-4e2e-8c34-90a91eda0eb6,cfa01ea5-1be6-40fc-b8f0-96c1a866c7e0
383,5,3bc8f1b6-1b44-4d82-85d9-3ea9d98fe848,76c9ed80-50ea-41fb-9e17-c488430fd00f
374,3,4aa97b85-e71d-4584-a971-8b307e0a0e82,758dab69-cb35-477f-86c0-ed52606e335b
538,3,2bccae2a-78df-4ce5-b6b3-40afea73fe4d,ff3b7502-07f2-4652-95bd-692557553cdb
399,3,a81dc380-707e-4d2a-8995-ffe2454026ea,cfa01ea5-1be6-40fc-b8f0-96c1a866c7e0
784,3,7bd65217-fdbe-4945-a657-496a494fff48,d21c5d29-21ba-4288-bec0-8c077ac15aec
785,3,82f57fc4-357f-49d3-af4b-e8bfb0a35210,89b29179-7fba-456e-b4ed-5ff5b548be18
975,3,afcb9669-1336-48ff-ad58-a7446b8b09f0,d21c5d29-21ba-4288-bec0-8c077ac15aec
976,3,6e225ee4-8f52-4441-a7e9-0ed2ca804067,f180354f-b0ad-49db-bdd9-4304733943f2
977,3,c9f100c2-e502-4a61-94d5-87ae0f4d3646,75fcec59-681d-48be-95ee-b2454aab57b4
978,3,e8b6fe34-d598-4d53-86d0-288bc004c3e7,06bdcf26-0423-45d4-8cd0-71a1dd49dfa3
979,3,37a18000-2d1f-41db-afe6-6545f817bcb7,078c2195-93b7-4811-b103-ea857710faf7
980,3,65364bdd-6a19-404a-9a87-c1aa123017d3,4ed73ccc-e12a-4009-aa2c-e40ea4c0c84a
470,4,855aa42c-15e8-4b99-be89-3986ccb8254c,06bdcf26-0423-45d4-8cd0-71a1dd49dfa3
428,5,30f42aa0-cca9-4cb7-8479-7149e5f20112,402bf733-9d89-4602-b9ee-6e530d1b2836
331,5,1fd6fa60-cd5d-4e38-bfea-ea8dc5b25eaa,a85c510d-76d1-4c75-9b81-7ae13a36dd30
76,4,bdd706f0-b987-446b-b650-78d9d86f00b2,d21c5d29-21ba-4288-bec0-8c077ac15aec
441,4,b26b964d-c772-4fe5-893e-74bd9148806a,402bf733-9d89-4602-b9ee-6e530d1b2836
160,5,b5867d88-1fd5-476e-98e0-498ccbf41655,a85c510d-76d1-4c75-9b81-7ae13a36dd30
465,5,683398f6-8f62-49a6-9eb3-bf926a9b621c,402bf733-9d89-4602-b9ee-6e530d1b2836
434,4,81ad4d3f-39de-43d3-b4ec-45953b21ec71,a85c510d-76d1-4c75-9b81-7ae13a36dd30
448,5,40b44149-d3f3-45a5-8d44-424b4c886b7a,d21c5d29-21ba-4288-bec0-8c077ac15aec
375,4,4aa97b85-e71d-4584-a971-8b307e0a0e82,1dacbe62-8d60-4a7e-a1d8-ea0feba270b0
338,4,15e95cb0-2008-4b98-83e9-0ce5a614b42c,475f62e3-13dd-48a4-a01c-508cb306d7ca
202,3,7fe5501b-aab0-4b70-9fef-08933ccf7480,89b29179-7fba-456e-b4ed-5ff5b548be18
205,3,4409f409-077b-48c2-9421-b1802255499f,89b29179-7fba-456e-b4ed-5ff5b548be18
287,4,1b5fd49d-9131-46ee-b56a-70efbb1effe5,a85c510d-76d1-4c75-9b81-7ae13a36dd30
366,4,2979f7e7-b34d-4f16-8c96-966d7a2a1f01,9852ca3f-b8fc-4665-a990-465072ec4379
390,4,abb7adf0-cc3e-4734-ac67-20a562f83c33,e9bb1c0d-d4c7-4be7-be51-e3f8328be466
496,4,e126690a-c368-4677-892e-116126ea8c8a,d21c5d29-21ba-4288-bec0-8c077ac15aec
351,4,da5cb52c-1e0a-4c22-ab96-e05c210c0e60,d21c5d29-21ba-4288-bec0-8c077ac15aec
531,4,d7baab30-c95a-40e7-b076-287fb90de9d5,4ed73ccc-e12a-4009-aa2c-e40ea4c0c84a
509,6,1d43d4b3-1562-4ccc-9729-49d31aa5309e,e9bb1c0d-d4c7-4be7-be51-e3f8328be466
546,4,639d2860-fa67-457c-af68-46b6b392fc74,1dacbe62-8d60-4a7e-a1d8-ea0feba270b0
355,4,6cd949ce-78fd-4c77-ae81-4812f02b02e0,76c9ed80-50ea-41fb-9e17-c488430fd00f
361,4,b914ff2b-105b-49de-8cca-fd079ec6188a,76c9ed80-50ea-41fb-9e17-c488430fd00f
210,5,a73ebc78-1f89-4af8-8f67-2e35de947d16,cfa01ea5-1be6-40fc-b8f0-96c1a866c7e0
491,4,21326fa6-355c-4e2e-8c34-90a91eda0eb6,76c9ed80-50ea-41fb-9e17-c488430fd00f
527,4,62ac1496-2c4b-4d93-95f0-7ee39deeb0ea,402bf733-9d89-4602-b9ee-6e530d1b2836
328,5,db2bcb8a-c799-4233-9699-dea23b975972,9852ca3f-b8fc-4665-a990-465072ec4379
539,4,2bccae2a-78df-4ce5-b6b3-40afea73fe4d,05e06b15-ceb0-4623-a9c9-98ad6ec4ef49
175,7,e2069dd1-ba2f-45fa-b2b7-9052a16f74cc,e9bb1c0d-d4c7-4be7-be51-e3f8328be466
400,4,a81dc380-707e-4d2a-8995-ffe2454026ea,76c9ed80-50ea-41fb-9e17-c488430fd00f
406,6,c0c97c0f-c50b-44b5-9b95-c599e99004fa,76c9ed80-50ea-41fb-9e17-c488430fd00f
411,4,b677d3e7-9934-4e08-b823-8809798f2028,76c9ed80-50ea-41fb-9e17-c488430fd00f
877,4,763e3b22-b9ac-4bee-b665-69d1acb70712,e9bb1c0d-d4c7-4be7-be51-e3f8328be466
193,4,96059067-e0dd-4d80-b2bf-60ec9378609d,162d0da5-6fac-433b-b4dd-22a721788975
295,4,6adc2c82-61b3-41b4-89ca-62862bfe9b9f,e9bb1c0d-d4c7-4be7-be51-e3f8328be466
2192,4,c46778bd-7352-44cd-91fe-010102bb8aa0,d21c5d29-21ba-4288-bec0-8c077ac15aec
31,4,91f97996-69a3-43b8-bdfc-20895502415f,d21c5d29-21ba-4288-bec0-8c077ac15aec
68,4,dab7d824-81ec-49ba-911a-b3d081469a84,d21c5d29-21ba-4288-bec0-8c077ac15aec
1027,4,54da66af-5ce4-4975-8560-258824988821,1f890d25-4f74-4166-b2e5-76d3367bb5d6
1028,4,2fd43ecd-9910-48f4-bf08-f07a4445cdf2,1dacbe62-8d60-4a7e-a1d8-ea0feba270b0
1029,4,e2ca7d39-4fae-4ced-9dc2-b2593241b407,c3303537-97d2-4aa3-b598-a7de40814d85
1030,4,55fe5714-b786-4cda-83f2-44afeb341a92,d21c5d29-21ba-4288-bec0-8c077ac15aec
1031,4,e211347f-4b04-4765-a230-295f366390d1,402bf733-9d89-4602-b9ee-6e530d1b2836
1032,4,aade4249-dedf-4938-9ad1-432553bf0c36,d8c3ac85-6e38-4ec9-baa6-a037b9b16d18
1033,4,639f0d69-543d-477f-be0f-764e9a5f08a3,d21c5d29-21ba-4288-bec0-8c077ac15aec
1034,4,a562afcf-b6f7-4ddd-be72-d450f8de9fc0,758dab69-cb35-477f-86c0-ed52606e335b
1035,4,181726f7-b361-4d04-8235-15729283791d,4ed73ccc-e12a-4009-aa2c-e40ea4c0c84a
1036,4,86c00a32-6dca-4d77-bddb-75c36d0ec0ca,758dab69-cb35-477f-86c0-ed52606e335b
1037,4,fd58b98f-87d6-441b-bec8-aa79752f3c5e,d4136ce2-345a-4011-beaa-456eda820556
1038,4,b8495e18-9a18-4e8f-8b88-85db6e74ec22,c3303537-97d2-4aa3-b598-a7de40814d85
1039,4,cf802366-d886-45a5-bd49-2566521a4bbe,d21c5d29-21ba-4288-bec0-8c077ac15aec
1040,4,4507d98e-44d1-40ea-8733-8047738b9a7a,1dacbe62-8d60-4a7e-a1d8-ea0feba270b0
1041,4,06813bb3-7c73-425d-b9fe-6b4e80add160,e9bb1c0d-d4c7-4be7-be51-e3f8328be466
1042,4,52d61c70-77fd-4c4a-aae8-f4e24dde6de8,d21c5d29-21ba-4288-bec0-8c077ac15aec
1043,4,9de35b9b-704e-4cf3-b580-fff54b9ede15,1f890d25-4f74-4166-b2e5-76d3367bb5d6
1044,4,37a18000-2d1f-41db-afe6-6545f817bcb7,89b29179-7fba-456e-b4ed-5ff5b548be18
1045,4,aebd4757-08dc-4ca0-be33-aa85171de59d,89b29179-7fba-456e-b4ed-5ff5b548be18
1046,4,a7f6fd15-9b3c-4cae-a029-0da92222f465,d8c3ac85-6e38-4ec9-baa6-a037b9b16d18
1047,4,ac1149e1-6679-4466-a445-1f6dd0ecd883,1dacbe62-8d60-4a7e-a1d8-ea0feba270b0
1048,4,afcb9669-1336-48ff-ad58-a7446b8b09f0,06bdcf26-0423-45d4-8cd0-71a1dd49dfa3
1049,4,3f058476-5010-48f4-9bd9-e27648d2ecea,d21c5d29-21ba-4288-bec0-8c077ac15aec
1050,4,063b5195-7e46-4b16-a45c-25393fb8675f,d21c5d29-21ba-4288-bec0-8c077ac15aec
1051,4,59c24c09-5ecd-44c8-a324-5a7da62c634b,491665b2-0491-4982-9975-8e6a27105089
1052,4,e8b6fe34-d598-4d53-86d0-288bc004c3e7,4ed73ccc-e12a-4009-aa2c-e40ea4c0c84a
1053,4,d0dcf8b7-d032-481b-b80e-dea683cc1fa4,078c2195-93b7-4811-b103-ea857710faf7
1054,4,11cb7b68-cfe7-4d6c-84ed-af5ab071e74c,d8c3ac85-6e38-4ec9-baa6-a037b9b16d18
1055,4,3fddfda7-5eca-4501-839e-765eb49a8c1b,cfa01ea5-1be6-40fc-b8f0-96c1a866c7e0
1056,4,aa39bfc8-4980-4663-adf0-b7ee94f6b976,4ed73ccc-e12a-4009-aa2c-e40ea4c0c84a
1057,4,65364bdd-6a19-404a-9a87-c1aa123017d3,e9bb1c0d-d4c7-4be7-be51-e3f8328be466
1058,4,fa126d2b-ea85-4237-8abd-367c1b1e4e92,a85c510d-76d1-4c75-9b81-7ae13a36dd30
1059,4,428a1d93-e1a5-407b-90a4-9bb2b85e39ec,e9bb1c0d-d4c7-4be7-be51-e3f8328be466
1060,4,ac6f7ea3-062c-442f-abf9-9732a88fcc6b,05e06b15-ceb0-4623-a9c9-98ad6ec4ef49
1061,4,6ad99ded-e693-4660-a1c5-86ead53a9bcf,7e6ed025-dbdb-446a-b6de-6ea964042972
1062,4,52e4975a-0d6d-4bb0-91a3-862f8e113091,c3303537-97d2-4aa3-b598-a7de40814d85
1063,4,8e349bce-5860-4c0b-9ee9-ebb684574262,cebf9575-00b1-45bd-a386-fcbef4f589f3
1064,4,ff74234b-46ca-4d5a-9008-fd9e3643f565,475f62e3-13dd-48a4-a01c-508cb306d7ca
1065,4,ecd7fb7a-570b-4466-b0ea-8d4b60016036,06bdcf26-0423-45d4-8cd0-71a1dd49dfa3
1066,4,f2cb2434-7d2e-4d87-8b97-6546d4931b29,1dacbe62-8d60-4a7e-a1d8-ea0feba270b0
1067,4,a53ebbd1-0f08-4bf6-aeaa-90067a3b1312,4ed73ccc-e12a-4009-aa2c-e40ea4c0c84a
1068,4,aff43790-897a-49b4-a4c6-f3506a6c4858,ff3b7502-07f2-4652-95bd-692557553cdb
1069,4,e57951e6-9761-421e-b482-aebfd2804c81,4ed73ccc-e12a-4009-aa2c-e40ea4c0c84a
1070,4,68f29968-0830-437d-a249-ba47ac22b0b4,d21c5d29-21ba-4288-bec0-8c077ac15aec
1071,4,ad9602aa-4d82-4f9f-9ef5-053f92f2c9ff,4ed73ccc-e12a-4009-aa2c-e40ea4c0c84a
1072,4,a74cb76b-da08-4412-817f-3240e52c5dde,6e1dbfec-913f-4d9b-9a3f-e8a2b7f82540
1073,4,c9f100c2-e502-4a61-94d5-87ae0f4d3646,d21c5d29-21ba-4288-bec0-8c077ac15aec
1074,4,d176bc00-f198-4250-b9d7-5193f621fd60,1dacbe62-8d60-4a7e-a1d8-ea0feba270b0
1075,4,dda4b683-307d-4145-b75c-59f61c442484,e9bb1c0d-d4c7-4be7-be51-e3f8328be466
1076,4,6325743f-ad5d-4c24-aca3-6262a70d78d7,06bdcf26-0423-45d4-8cd0-71a1dd49dfa3
12,4,43700827-e657-4937-ae69-c333b70d3756,d21c5d29-21ba-4288-bec0-8c077ac15aec
138,4,8054183f-794a-4914-a8cb-a379bb9f1040,6e1dbfec-913f-4d9b-9a3f-e8a2b7f82540
275,4,ec808735-972e-41e7-8549-a96d93881e26,6e1dbfec-913f-4d9b-9a3f-e8a2b7f82540
189,4,80c6de8f-a5f2-4897-9ca8-593d8a126590,4ed73ccc-e12a-4009-aa2c-e40ea4c0c84a
50,4,c5b93d11-92e0-46cd-8616-427edce159d2,d21c5d29-21ba-4288-bec0-8c077ac15aec
790,4,13659e76-e911-41da-bf99-30eb7b05defc,d21c5d29-21ba-4288-bec0-8c077ac15aec
794,4,13b71402-f2cb-4aa3-9b17-639652e87ca8,1f890d25-4f74-4166-b2e5-76d3367bb5d6
793,4,7bd65217-fdbe-4945-a657-496a494fff48,4ed73ccc-e12a-4009-aa2c-e40ea4c0c84a
792,4,82f57fc4-357f-49d3-af4b-e8bfb0a35210,1f890d25-4f74-4166-b2e5-76d3367bb5d6
284,5,982c8a07-8ad1-400c-8842-2fb10ad69c21,62d9ee10-eb34-4270-9da6-a7025828f286
323,5,110491fc-f060-4b9d-ab2c-bb0806824948,8fc506b2-4e32-4ee3-88b9-8ace51d980e3
293,4,596d3936-d754-4c02-b8ae-20f69d4ac16b,948d2160-3c88-4045-89f4-7b5bb11198c5
384,6,3bc8f1b6-1b44-4d82-85d9-3ea9d98fe848,402bf733-9d89-4602-b9ee-6e530d1b2836
1128,5,d0dcf8b7-d032-481b-b80e-dea683cc1fa4,89b29179-7fba-456e-b4ed-5ff5b548be18
231,5,dab7d824-81ec-49ba-911a-b3d081469a84,4ed73ccc-e12a-4009-aa2c-e40ea4c0c84a
150,5,91f97996-69a3-43b8-bdfc-20895502415f,06bdcf26-0423-45d4-8cd0-71a1dd49dfa3
1077,5,bdd706f0-b987-446b-b650-78d9d86f00b2,06bdcf26-0423-45d4-8cd0-71a1dd49dfa3
1078,5,68f29968-0830-437d-a249-ba47ac22b0b4,06bdcf26-0423-45d4-8cd0-71a1dd49dfa3
1079,5,428a1d93-e1a5-407b-90a4-9bb2b85e39ec,1dacbe62-8d60-4a7e-a1d8-ea0feba270b0
1080,5,a74cb76b-da08-4412-817f-3240e52c5dde,e9bb1c0d-d4c7-4be7-be51-e3f8328be466
1081,5,ad9602aa-4d82-4f9f-9ef5-053f92f2c9ff,e9bb1c0d-d4c7-4be7-be51-e3f8328be466
1082,5,52e4975a-0d6d-4bb0-91a3-862f8e113091,75fcec59-681d-48be-95ee-b2454aab57b4
1083,5,b8495e18-9a18-4e8f-8b88-85db6e74ec22,1f890d25-4f74-4166-b2e5-76d3367bb5d6
1084,5,ecd7fb7a-570b-4466-b0ea-8d4b60016036,4ed73ccc-e12a-4009-aa2c-e40ea4c0c84a
1085,5,96059067-e0dd-4d80-b2bf-60ec9378609d,d8c3ac85-6e38-4ec9-baa6-a037b9b16d18
1086,5,e211347f-4b04-4765-a230-295f366390d1,555161bf-13d6-4909-b2d5-6c87d584de24
1087,5,37a18000-2d1f-41db-afe6-6545f817bcb7,1f890d25-4f74-4166-b2e5-76d3367bb5d6
1088,5,3f058476-5010-48f4-9bd9-e27648d2ecea,06bdcf26-0423-45d4-8cd0-71a1dd49dfa3
1089,5,a7f6fd15-9b3c-4cae-a029-0da92222f465,27c3e41e-8134-42d2-92f3-b444682fc369
1090,5,2fd43ecd-9910-48f4-bf08-f07a4445cdf2,cebf9575-00b1-45bd-a386-fcbef4f589f3
1091,5,3fddfda7-5eca-4501-839e-765eb49a8c1b,76c9ed80-50ea-41fb-9e17-c488430fd00f
1092,5,ac6f7ea3-062c-442f-abf9-9732a88fcc6b,0db96bcc-ca00-41b3-9cc5-32ea93d27c12
1093,5,aff43790-897a-49b4-a4c6-f3506a6c4858,06bdcf26-0423-45d4-8cd0-71a1dd49dfa3
1094,5,ec808735-972e-41e7-8549-a96d93881e26,d8c3ac85-6e38-4ec9-baa6-a037b9b16d18
1095,5,f2cb2434-7d2e-4d87-8b97-6546d4931b29,cebf9575-00b1-45bd-a386-fcbef4f589f3
1096,5,a562afcf-b6f7-4ddd-be72-d450f8de9fc0,162d0da5-6fac-433b-b4dd-22a721788975
1097,5,6325743f-ad5d-4c24-aca3-6262a70d78d7,4ed73ccc-e12a-4009-aa2c-e40ea4c0c84a
1098,5,dda4b683-307d-4145-b75c-59f61c442484,6e1dbfec-913f-4d9b-9a3f-e8a2b7f82540
1099,5,55fe5714-b786-4cda-83f2-44afeb341a92,4ed73ccc-e12a-4009-aa2c-e40ea4c0c84a
1100,5,181726f7-b361-4d04-8235-15729283791d,e9bb1c0d-d4c7-4be7-be51-e3f8328be466
1101,5,86c00a32-6dca-4d77-bddb-75c36d0ec0ca,162d0da5-6fac-433b-b4dd-22a721788975
1102,5,596d3936-d754-4c02-b8ae-20f69d4ac16b,d8c3ac85-6e38-4ec9-baa6-a037b9b16d18
1103,5,06813bb3-7c73-425d-b9fe-6b4e80add160,1dacbe62-8d60-4a7e-a1d8-ea0feba270b0
1104,5,ac1149e1-6679-4466-a445-1f6dd0ecd883,cebf9575-00b1-45bd-a386-fcbef4f589f3
1105,5,aebd4757-08dc-4ca0-be33-aa85171de59d,d21c5d29-21ba-4288-bec0-8c077ac15aec
1106,5,aade4249-dedf-4938-9ad1-432553bf0c36,555161bf-13d6-4909-b2d5-6c87d584de24
1107,5,063b5195-7e46-4b16-a45c-25393fb8675f,416ec91f-b16f-4a11-8ee5-151133b9dabb
1108,5,e8b6fe34-d598-4d53-86d0-288bc004c3e7,e9bb1c0d-d4c7-4be7-be51-e3f8328be466
1109,5,59c24c09-5ecd-44c8-a324-5a7da62c634b,416ec91f-b16f-4a11-8ee5-151133b9dabb
1110,5,9de35b9b-704e-4cf3-b580-fff54b9ede15,d21c5d29-21ba-4288-bec0-8c077ac15aec
1111,5,639f0d69-543d-477f-be0f-764e9a5f08a3,4ed73ccc-e12a-4009-aa2c-e40ea4c0c84a
1112,5,8054183f-794a-4914-a8cb-a379bb9f1040,d8c3ac85-6e38-4ec9-baa6-a037b9b16d18
1113,5,13b71402-f2cb-4aa3-9b17-639652e87ca8,c3303537-97d2-4aa3-b598-a7de40814d85
1114,5,a53ebbd1-0f08-4bf6-aeaa-90067a3b1312,e9bb1c0d-d4c7-4be7-be51-e3f8328be466
1115,5,6ad99ded-e693-4660-a1c5-86ead53a9bcf,f180354f-b0ad-49db-bdd9-4304733943f2
1116,5,ff74234b-46ca-4d5a-9008-fd9e3643f565,d21c5d29-21ba-4288-bec0-8c077ac15aec
1117,5,43700827-e657-4937-ae69-c333b70d3756,4ed73ccc-e12a-4009-aa2c-e40ea4c0c84a
1118,5,da5cb52c-1e0a-4c22-ab96-e05c210c0e60,4ed73ccc-e12a-4009-aa2c-e40ea4c0c84a
1119,5,aa39bfc8-4980-4663-adf0-b7ee94f6b976,e9bb1c0d-d4c7-4be7-be51-e3f8328be466
1120,5,c5b93d11-92e0-46cd-8616-427edce159d2,491665b2-0491-4982-9975-8e6a27105089
1121,5,afcb9669-1336-48ff-ad58-a7446b8b09f0,1dacbe62-8d60-4a7e-a1d8-ea0feba270b0
1122,5,65364bdd-6a19-404a-9a87-c1aa123017d3,1dacbe62-8d60-4a7e-a1d8-ea0feba270b0
1123,5,d176bc00-f198-4250-b9d7-5193f621fd60,cebf9575-00b1-45bd-a386-fcbef4f589f3
1124,5,8e349bce-5860-4c0b-9ee9-ebb684574262,758dab69-cb35-477f-86c0-ed52606e335b
1125,5,c9f100c2-e502-4a61-94d5-87ae0f4d3646,4ed73ccc-e12a-4009-aa2c-e40ea4c0c84a
1126,5,fa126d2b-ea85-4237-8abd-367c1b1e4e92,0e94fdda-aba0-468e-87c6-f8943010c7f1
1127,5,cf802366-d886-45a5-bd49-2566521a4bbe,4ed73ccc-e12a-4009-aa2c-e40ea4c0c84a
1129,5,e57951e6-9761-421e-b482-aebfd2804c81,e9bb1c0d-d4c7-4be7-be51-e3f8328be466
1130,5,52d61c70-77fd-4c4a-aae8-f4e24dde6de8,4ed73ccc-e12a-4009-aa2c-e40ea4c0c84a
2193,5,c46778bd-7352-44cd-91fe-010102bb8aa0,4ed73ccc-e12a-4009-aa2c-e40ea4c0c84a
49,5,e2ca7d39-4fae-4ced-9dc2-b2593241b407,d21c5d29-21ba-4288-bec0-8c077ac15aec
97,5,54da66af-5ce4-4975-8560-258824988821,d21c5d29-21ba-4288-bec0-8c077ac15aec
789,5,4507d98e-44d1-40ea-8733-8047738b9a7a,cebf9575-00b1-45bd-a386-fcbef4f589f3
187,5,80c6de8f-a5f2-4897-9ca8-593d8a126590,9852ca3f-b8fc-4665-a990-465072ec4379
296,5,6adc2c82-61b3-41b4-89ca-62862bfe9b9f,a85c510d-76d1-4c75-9b81-7ae13a36dd30
288,5,1b5fd49d-9131-46ee-b56a-70efbb1effe5,5ec2f6e7-b28e-4a24-952c-0f24f6bce1b4
339,5,15e95cb0-2008-4b98-83e9-0ce5a614b42c,91828430-8646-47d7-8098-0a9724e26c23
206,7,4409f409-077b-48c2-9421-b1802255499f,e1c9ec4f-63c6-40bc-b9ab-de70189bd83a
401,5,a81dc380-707e-4d2a-8995-ffe2454026ea,402bf733-9d89-4602-b9ee-6e530d1b2836
211,6,a73ebc78-1f89-4af8-8f67-2e35de947d16,1dacbe62-8d60-4a7e-a1d8-ea0feba270b0
324,3,110491fc-f060-4b9d-ab2c-bb0806824948,6e1dbfec-913f-4d9b-9a3f-e8a2b7f82540
332,6,1fd6fa60-cd5d-4e38-bfea-ea8dc5b25eaa,d8c3ac85-6e38-4ec9-baa6-a037b9b16d18
176,18,e2069dd1-ba2f-45fa-b2b7-9052a16f74cc,a85c510d-76d1-4c75-9b81-7ae13a36dd30
329,6,db2bcb8a-c799-4233-9699-dea23b975972,814c5e15-5889-43e9-8ff2-f1317204c827
285,6,982c8a07-8ad1-400c-8842-2fb10ad69c21,f180354f-b0ad-49db-bdd9-4304733943f2
429,2,30f42aa0-cca9-4cb7-8479-7149e5f20112,d21c5d29-21ba-4288-bec0-8c077ac15aec
449,6,40b44149-d3f3-45a5-8d44-424b4c886b7a,4ed73ccc-e12a-4009-aa2c-e40ea4c0c84a
471,5,855aa42c-15e8-4b99-be89-3986ccb8254c,4ed73ccc-e12a-4009-aa2c-e40ea4c0c84a
367,5,2979f7e7-b34d-4f16-8c96-966d7a2a1f01,1dacbe62-8d60-4a7e-a1d8-ea0feba270b0
391,6,abb7adf0-cc3e-4734-ac67-20a562f83c33,758dab69-cb35-477f-86c0-ed52606e335b
376,5,4aa97b85-e71d-4584-a971-8b307e0a0e82,d8c3ac85-6e38-4ec9-baa6-a037b9b16d18
407,7,c0c97c0f-c50b-44b5-9b95-c599e99004fa,402bf733-9d89-4602-b9ee-6e530d1b2836
362,5,b914ff2b-105b-49de-8cca-fd079ec6188a,a85c510d-76d1-4c75-9b81-7ae13a36dd30
385,7,3bc8f1b6-1b44-4d82-85d9-3ea9d98fe848,a85c510d-76d1-4c75-9b81-7ae13a36dd30
442,5,b26b964d-c772-4fe5-893e-74bd9148806a,a85c510d-76d1-4c75-9b81-7ae13a36dd30
466,6,683398f6-8f62-49a6-9eb3-bf926a9b621c,29cb514d-8259-4df4-833f-4e6631cd65e1
435,5,81ad4d3f-39de-43d3-b4ec-45953b21ec71,ff3b7502-07f2-4652-95bd-692557553cdb
497,5,e126690a-c368-4677-892e-116126ea8c8a,4ed73ccc-e12a-4009-aa2c-e40ea4c0c84a
532,5,d7baab30-c95a-40e7-b076-287fb90de9d5,e9bb1c0d-d4c7-4be7-be51-e3f8328be466
510,7,1d43d4b3-1562-4ccc-9729-49d31aa5309e,1dacbe62-8d60-4a7e-a1d8-ea0feba270b0
547,5,639d2860-fa67-457c-af68-46b6b392fc74,6e1dbfec-913f-4d9b-9a3f-e8a2b7f82540
540,5,2bccae2a-78df-4ce5-b6b3-40afea73fe4d,76c9ed80-50ea-41fb-9e17-c488430fd00f
522,3,9c1d2774-3eeb-4b72-bd48-fa7eb5c5e39e,76c9ed80-50ea-41fb-9e17-c488430fd00f
492,5,21326fa6-355c-4e2e-8c34-90a91eda0eb6,a85c510d-76d1-4c75-9b81-7ae13a36dd30
795,5,82f57fc4-357f-49d3-af4b-e8bfb0a35210,c3303537-97d2-4aa3-b598-a7de40814d85
796,5,7bd65217-fdbe-4945-a657-496a494fff48,e9bb1c0d-d4c7-4be7-be51-e3f8328be466
798,5,13659e76-e911-41da-bf99-30eb7b05defc,e9bb1c0d-d4c7-4be7-be51-e3f8328be466
878,6,763e3b22-b9ac-4bee-b665-69d1acb70712,758dab69-cb35-477f-86c0-ed52606e335b
357,5,6cd949ce-78fd-4c77-ae81-4812f02b02e0,a85c510d-76d1-4c75-9b81-7ae13a36dd30
392,7,abb7adf0-cc3e-4734-ac67-20a562f83c33,6e1dbfec-913f-4d9b-9a3f-e8a2b7f82540
541,6,2bccae2a-78df-4ce5-b6b3-40afea73fe4d,a85c510d-76d1-4c75-9b81-7ae13a36dd30
460,4,6f9282ed-25cc-41da-b2f5-0e7c4b686060,ff3b7502-07f2-4652-95bd-692557553cdb
443,6,b26b964d-c772-4fe5-893e-74bd9148806a,ff3b7502-07f2-4652-95bd-692557553cdb
177,28,e2069dd1-ba2f-45fa-b2b7-9052a16f74cc,475f62e3-13dd-48a4-a01c-508cb306d7ca
368,6,2979f7e7-b34d-4f16-8c96-966d7a2a1f01,6e1dbfec-913f-4d9b-9a3f-e8a2b7f82540
430,3,30f42aa0-cca9-4cb7-8479-7149e5f20112,4ed73ccc-e12a-4009-aa2c-e40ea4c0c84a
333,7,1fd6fa60-cd5d-4e38-bfea-ea8dc5b25eaa,a3f51d29-0e97-4173-92f1-a56335f32b2e
377,6,4aa97b85-e71d-4584-a971-8b307e0a0e82,76c9ed80-50ea-41fb-9e17-c488430fd00f
498,6,e126690a-c368-4677-892e-116126ea8c8a,d8c3ac85-6e38-4ec9-baa6-a037b9b16d18
450,7,40b44149-d3f3-45a5-8d44-424b4c886b7a,d8c3ac85-6e38-4ec9-baa6-a037b9b16d18
1177,6,55fe5714-b786-4cda-83f2-44afeb341a92,e9bb1c0d-d4c7-4be7-be51-e3f8328be466
1180,6,6325743f-ad5d-4c24-aca3-6262a70d78d7,1dacbe62-8d60-4a7e-a1d8-ea0feba270b0
1176,6,596d3936-d754-4c02-b8ae-20f69d4ac16b,555161bf-13d6-4909-b2d5-6c87d584de24
1175,6,428a1d93-e1a5-407b-90a4-9bb2b85e39ec,758dab69-cb35-477f-86c0-ed52606e335b
1174,6,86c00a32-6dca-4d77-bddb-75c36d0ec0ca,d8c3ac85-6e38-4ec9-baa6-a037b9b16d18
1173,6,06813bb3-7c73-425d-b9fe-6b4e80add160,cebf9575-00b1-45bd-a386-fcbef4f589f3
140,6,ad9602aa-4d82-4f9f-9ef5-053f92f2c9ff,e1c9ec4f-63c6-40bc-b9ab-de70189bd83a
1172,6,ac1149e1-6679-4466-a445-1f6dd0ecd883,d8c3ac85-6e38-4ec9-baa6-a037b9b16d18
85,6,ec808735-972e-41e7-8549-a96d93881e26,76c9ed80-50ea-41fb-9e17-c488430fd00f
1171,6,aade4249-dedf-4938-9ad1-432553bf0c36,d75e9971-7b83-40c6-a1d2-0a59d386c945
1170,6,e2ca7d39-4fae-4ced-9dc2-b2593241b407,4ed73ccc-e12a-4009-aa2c-e40ea4c0c84a
1169,6,aebd4757-08dc-4ca0-be33-aa85171de59d,06bdcf26-0423-45d4-8cd0-71a1dd49dfa3
1168,6,dda4b683-307d-4145-b75c-59f61c442484,d8c3ac85-6e38-4ec9-baa6-a037b9b16d18
1167,6,063b5195-7e46-4b16-a45c-25393fb8675f,1dacbe62-8d60-4a7e-a1d8-ea0feba270b0
1166,6,e8b6fe34-d598-4d53-86d0-288bc004c3e7,1dacbe62-8d60-4a7e-a1d8-ea0feba270b0
1165,6,afcb9669-1336-48ff-ad58-a7446b8b09f0,d8c3ac85-6e38-4ec9-baa6-a037b9b16d18
1164,6,b8495e18-9a18-4e8f-8b88-85db6e74ec22,078c2195-93b7-4811-b103-ea857710faf7
1163,6,59c24c09-5ecd-44c8-a324-5a7da62c634b,06bdcf26-0423-45d4-8cd0-71a1dd49dfa3
1162,6,dab7d824-81ec-49ba-911a-b3d081469a84,9852ca3f-b8fc-4665-a990-465072ec4379
1161,6,52d61c70-77fd-4c4a-aae8-f4e24dde6de8,0d73637b-dd27-411b-bc6e-8dc424c51a6f
1160,6,37a18000-2d1f-41db-afe6-6545f817bcb7,d21c5d29-21ba-4288-bec0-8c077ac15aec
1159,6,ff74234b-46ca-4d5a-9008-fd9e3643f565,4ed73ccc-e12a-4009-aa2c-e40ea4c0c84a
1158,6,e57951e6-9761-421e-b482-aebfd2804c81,0d73637b-dd27-411b-bc6e-8dc424c51a6f
1157,6,fa126d2b-ea85-4237-8abd-367c1b1e4e92,d21c5d29-21ba-4288-bec0-8c077ac15aec
1156,6,8e349bce-5860-4c0b-9ee9-ebb684574262,d8c3ac85-6e38-4ec9-baa6-a037b9b16d18
1179,6,181726f7-b361-4d04-8235-15729283791d,cebf9575-00b1-45bd-a386-fcbef4f589f3
2194,6,c46778bd-7352-44cd-91fe-010102bb8aa0,06bdcf26-0423-45d4-8cd0-71a1dd49dfa3
1178,6,3f058476-5010-48f4-9bd9-e27648d2ecea,4ed73ccc-e12a-4009-aa2c-e40ea4c0c84a
1155,6,68f29968-0830-437d-a249-ba47ac22b0b4,e9bb1c0d-d4c7-4be7-be51-e3f8328be466
1154,6,ecd7fb7a-570b-4466-b0ea-8d4b60016036,e9bb1c0d-d4c7-4be7-be51-e3f8328be466
1153,6,c9f100c2-e502-4a61-94d5-87ae0f4d3646,e9bb1c0d-d4c7-4be7-be51-e3f8328be466
1152,6,d176bc00-f198-4250-b9d7-5193f621fd60,6e1dbfec-913f-4d9b-9a3f-e8a2b7f82540
1151,6,a74cb76b-da08-4412-817f-3240e52c5dde,1dacbe62-8d60-4a7e-a1d8-ea0feba270b0
1150,6,e211347f-4b04-4765-a230-295f366390d1,8dc2735d-5b15-441c-99a3-5138ed6fcf8d
1149,6,a7f6fd15-9b3c-4cae-a029-0da92222f465,11a33e3a-d00e-489d-9e15-a33c3b93b0b8
1148,6,aa39bfc8-4980-4663-adf0-b7ee94f6b976,6e1dbfec-913f-4d9b-9a3f-e8a2b7f82540
1147,6,3fddfda7-5eca-4501-839e-765eb49a8c1b,402bf733-9d89-4602-b9ee-6e530d1b2836
1146,6,aff43790-897a-49b4-a4c6-f3506a6c4858,4ed73ccc-e12a-4009-aa2c-e40ea4c0c84a
1145,6,65364bdd-6a19-404a-9a87-c1aa123017d3,758dab69-cb35-477f-86c0-ed52606e335b
1144,6,2fd43ecd-9910-48f4-bf08-f07a4445cdf2,758dab69-cb35-477f-86c0-ed52606e335b
1143,6,c5b93d11-92e0-46cd-8616-427edce159d2,4ed73ccc-e12a-4009-aa2c-e40ea4c0c84a
1142,6,da5cb52c-1e0a-4c22-ab96-e05c210c0e60,9852ca3f-b8fc-4665-a990-465072ec4379
1141,6,6ad99ded-e693-4660-a1c5-86ead53a9bcf,e886b84a-8504-4387-866b-560f26ed847e
1140,6,a562afcf-b6f7-4ddd-be72-d450f8de9fc0,d8c3ac85-6e38-4ec9-baa6-a037b9b16d18
1139,6,f2cb2434-7d2e-4d87-8b97-6546d4931b29,758dab69-cb35-477f-86c0-ed52606e335b
1138,6,a53ebbd1-0f08-4bf6-aeaa-90067a3b1312,d8c3ac85-6e38-4ec9-baa6-a037b9b16d18
1137,6,cf802366-d886-45a5-bd49-2566521a4bbe,e9bb1c0d-d4c7-4be7-be51-e3f8328be466
1136,6,54da66af-5ce4-4975-8560-258824988821,4ed73ccc-e12a-4009-aa2c-e40ea4c0c84a
1135,6,d0dcf8b7-d032-481b-b80e-dea683cc1fa4,d21c5d29-21ba-4288-bec0-8c077ac15aec
129,6,43700827-e657-4937-ae69-c333b70d3756,e9bb1c0d-d4c7-4be7-be51-e3f8328be466
1134,6,639f0d69-543d-477f-be0f-764e9a5f08a3,1dacbe62-8d60-4a7e-a1d8-ea0feba270b0
1133,6,9de35b9b-704e-4cf3-b580-fff54b9ede15,e9bb1c0d-d4c7-4be7-be51-e3f8328be466
1132,6,8054183f-794a-4914-a8cb-a379bb9f1040,76c9ed80-50ea-41fb-9e17-c488430fd00f
1131,6,52e4975a-0d6d-4bb0-91a3-862f8e113091,d21c5d29-21ba-4288-bec0-8c077ac15aec
248,6,bdd706f0-b987-446b-b650-78d9d86f00b2,491665b2-0491-4982-9975-8e6a27105089
186,6,80c6de8f-a5f2-4897-9ca8-593d8a126590,e9bb1c0d-d4c7-4be7-be51-e3f8328be466
151,6,91f97996-69a3-43b8-bdfc-20895502415f,4ed73ccc-e12a-4009-aa2c-e40ea4c0c84a
196,6,96059067-e0dd-4d80-b2bf-60ec9378609d,0691c3a9-a02f-4de3-9a1c-965782ddbef9
791,6,4507d98e-44d1-40ea-8733-8047738b9a7a,7a337ffc-8338-4601-b136-33d929292a8d
297,6,6adc2c82-61b3-41b4-89ca-62862bfe9b9f,1f890d25-4f74-4166-b2e5-76d3367bb5d6
340,6,15e95cb0-2008-4b98-83e9-0ce5a614b42c,d8c3ac85-6e38-4ec9-baa6-a037b9b16d18
289,6,1b5fd49d-9131-46ee-b56a-70efbb1effe5,cfa01ea5-1be6-40fc-b8f0-96c1a866c7e0
797,6,13b71402-f2cb-4aa3-9b17-639652e87ca8,75fcec59-681d-48be-95ee-b2454aab57b4
472,6,855aa42c-15e8-4b99-be89-3986ccb8254c,d8c3ac85-6e38-4ec9-baa6-a037b9b16d18
212,7,a73ebc78-1f89-4af8-8f67-2e35de947d16,24ce2de6-0be7-448f-b5cd-b7f5b21a056c
533,6,d7baab30-c95a-40e7-b076-287fb90de9d5,1dacbe62-8d60-4a7e-a1d8-ea0feba270b0
511,8,1d43d4b3-1562-4ccc-9729-49d31aa5309e,758dab69-cb35-477f-86c0-ed52606e335b
79,6,82f57fc4-357f-49d3-af4b-e8bfb0a35210,d21c5d29-21ba-4288-bec0-8c077ac15aec
879,7,763e3b22-b9ac-4bee-b665-69d1acb70712,d8c3ac85-6e38-4ec9-baa6-a037b9b16d18
800,6,7bd65217-fdbe-4945-a657-496a494fff48,1dacbe62-8d60-4a7e-a1d8-ea0feba270b0
801,6,13659e76-e911-41da-bf99-30eb7b05defc,4ed73ccc-e12a-4009-aa2c-e40ea4c0c84a
279,6,d6fa3131-3ab1-48c9-bd8b-31c0461a9fb5,475f62e3-13dd-48a4-a01c-508cb306d7ca
386,8,3bc8f1b6-1b44-4d82-85d9-3ea9d98fe848,29cb514d-8259-4df4-833f-4e6631cd65e1
402,6,a81dc380-707e-4d2a-8995-ffe2454026ea,a85c510d-76d1-4c75-9b81-7ae13a36dd30
548,6,639d2860-fa67-457c-af68-46b6b392fc74,76c9ed80-50ea-41fb-9e17-c488430fd00f
162,2,b5867d88-1fd5-476e-98e0-498ccbf41655,d8c3ac85-6e38-4ec9-baa6-a037b9b16d18
523,4,9c1d2774-3eeb-4b72-bd48-fa7eb5c5e39e,402bf733-9d89-4602-b9ee-6e530d1b2836
436,8,81ad4d3f-39de-43d3-b4ec-45953b21ec71,475f62e3-13dd-48a4-a01c-508cb306d7ca
413,5,b677d3e7-9934-4e08-b823-8809798f2028,a85c510d-76d1-4c75-9b81-7ae13a36dd30
444,7,b26b964d-c772-4fe5-893e-74bd9148806a,05e06b15-ceb0-4623-a9c9-98ad6ec4ef49
1226,7,afcb9669-1336-48ff-ad58-a7446b8b09f0,76c9ed80-50ea-41fb-9e17-c488430fd00f
1227,7,da5cb52c-1e0a-4c22-ab96-e05c210c0e60,6e1dbfec-913f-4d9b-9a3f-e8a2b7f82540
1228,7,9de35b9b-704e-4cf3-b580-fff54b9ede15,9852ca3f-b8fc-4665-a990-465072ec4379
1229,7,596d3936-d754-4c02-b8ae-20f69d4ac16b,3ea4461a-8565-4eb7-a614-e65fe8c96e98
1230,7,52d61c70-77fd-4c4a-aae8-f4e24dde6de8,d8c3ac85-6e38-4ec9-baa6-a037b9b16d18
1231,7,e57951e6-9761-421e-b482-aebfd2804c81,758dab69-cb35-477f-86c0-ed52606e335b
1232,7,3f058476-5010-48f4-9bd9-e27648d2ecea,9852ca3f-b8fc-4665-a990-465072ec4379
28,7,ad9602aa-4d82-4f9f-9ef5-053f92f2c9ff,ff3b7502-07f2-4652-95bd-692557553cdb
34,7,86c00a32-6dca-4d77-bddb-75c36d0ec0ca,76c9ed80-50ea-41fb-9e17-c488430fd00f
2195,7,c46778bd-7352-44cd-91fe-010102bb8aa0,e9bb1c0d-d4c7-4be7-be51-e3f8328be466
534,7,d7baab30-c95a-40e7-b076-287fb90de9d5,e1c9ec4f-63c6-40bc-b9ab-de70189bd83a
499,7,e126690a-c368-4677-892e-116126ea8c8a,76c9ed80-50ea-41fb-9e17-c488430fd00f
163,3,b5867d88-1fd5-476e-98e0-498ccbf41655,cfa01ea5-1be6-40fc-b8f0-96c1a866c7e0
542,7,2bccae2a-78df-4ce5-b6b3-40afea73fe4d,402bf733-9d89-4602-b9ee-6e530d1b2836
549,7,639d2860-fa67-457c-af68-46b6b392fc74,402bf733-9d89-4602-b9ee-6e530d1b2836
473,7,855aa42c-15e8-4b99-be89-3986ccb8254c,ff3b7502-07f2-4652-95bd-692557553cdb
378,7,4aa97b85-e71d-4584-a971-8b307e0a0e82,402bf733-9d89-4602-b9ee-6e530d1b2836
393,8,abb7adf0-cc3e-4734-ac67-20a562f83c33,d8c3ac85-6e38-4ec9-baa6-a037b9b16d18
298,7,6adc2c82-61b3-41b4-89ca-62862bfe9b9f,d8c3ac85-6e38-4ec9-baa6-a037b9b16d18
112,7,13b71402-f2cb-4aa3-9b17-639652e87ca8,d21c5d29-21ba-4288-bec0-8c077ac15aec
290,7,1b5fd49d-9131-46ee-b56a-70efbb1effe5,402bf733-9d89-4602-b9ee-6e530d1b2836
880,8,763e3b22-b9ac-4bee-b665-69d1acb70712,cfa01ea5-1be6-40fc-b8f0-96c1a866c7e0
802,7,7bd65217-fdbe-4945-a657-496a494fff48,cebf9575-00b1-45bd-a386-fcbef4f589f3
804,7,13659e76-e911-41da-bf99-30eb7b05defc,d8c3ac85-6e38-4ec9-baa6-a037b9b16d18
263,7,82f57fc4-357f-49d3-af4b-e8bfb0a35210,06bdcf26-0423-45d4-8cd0-71a1dd49dfa3
451,8,40b44149-d3f3-45a5-8d44-424b4c886b7a,76c9ed80-50ea-41fb-9e17-c488430fd00f
512,9,1d43d4b3-1562-4ccc-9729-49d31aa5309e,6e1dbfec-913f-4d9b-9a3f-e8a2b7f82540
369,7,2979f7e7-b34d-4f16-8c96-966d7a2a1f01,758dab69-cb35-477f-86c0-ed52606e335b
178,12,e2069dd1-ba2f-45fa-b2b7-9052a16f74cc,d8c3ac85-6e38-4ec9-baa6-a037b9b16d18
213,8,a73ebc78-1f89-4af8-8f67-2e35de947d16,d8c3ac85-6e38-4ec9-baa6-a037b9b16d18
280,3,d6fa3131-3ab1-48c9-bd8b-31c0461a9fb5,d8c3ac85-6e38-4ec9-baa6-a037b9b16d18
334,8,1fd6fa60-cd5d-4e38-bfea-ea8dc5b25eaa,4ed73ccc-e12a-4009-aa2c-e40ea4c0c84a
437,7,81ad4d3f-39de-43d3-b4ec-45953b21ec71,25f0a6a8-ec49-4827-8d6f-b4524c237475
107,7,b8495e18-9a18-4e8f-8b88-85db6e74ec22,d21c5d29-21ba-4288-bec0-8c077ac15aec
245,7,bdd706f0-b987-446b-b650-78d9d86f00b2,4ed73ccc-e12a-4009-aa2c-e40ea4c0c84a
273,7,ec808735-972e-41e7-8549-a96d93881e26,402bf733-9d89-4602-b9ee-6e530d1b2836
141,7,91f97996-69a3-43b8-bdfc-20895502415f,e9bb1c0d-d4c7-4be7-be51-e3f8328be466
158,7,d176bc00-f198-4250-b9d7-5193f621fd60,162d0da5-6fac-433b-b4dd-22a721788975
1181,7,15e95cb0-2008-4b98-83e9-0ce5a614b42c,ab45d6f4-403d-4528-9246-d2139db5bc72
1182,7,a74cb76b-da08-4412-817f-3240e52c5dde,76c9ed80-50ea-41fb-9e17-c488430fd00f
1183,7,639f0d69-543d-477f-be0f-764e9a5f08a3,758dab69-cb35-477f-86c0-ed52606e335b
1184,7,6ad99ded-e693-4660-a1c5-86ead53a9bcf,f7b38a8f-3117-49a5-89b2-a66930c7ca4b
1185,7,aade4249-dedf-4938-9ad1-432553bf0c36,3ea4461a-8565-4eb7-a614-e65fe8c96e98
1186,7,aff43790-897a-49b4-a4c6-f3506a6c4858,9852ca3f-b8fc-4665-a990-465072ec4379
1187,7,fa126d2b-ea85-4237-8abd-367c1b1e4e92,06bdcf26-0423-45d4-8cd0-71a1dd49dfa3
1188,7,68f29968-0830-437d-a249-ba47ac22b0b4,1dacbe62-8d60-4a7e-a1d8-ea0feba270b0
1189,7,428a1d93-e1a5-407b-90a4-9bb2b85e39ec,6e1dbfec-913f-4d9b-9a3f-e8a2b7f82540
1190,7,a562afcf-b6f7-4ddd-be72-d450f8de9fc0,cfa01ea5-1be6-40fc-b8f0-96c1a866c7e0
1191,7,52e4975a-0d6d-4bb0-91a3-862f8e113091,06bdcf26-0423-45d4-8cd0-71a1dd49dfa3
1192,7,ecd7fb7a-570b-4466-b0ea-8d4b60016036,1dacbe62-8d60-4a7e-a1d8-ea0feba270b0
1193,7,e211347f-4b04-4765-a230-295f366390d1,91828430-8646-47d7-8098-0a9724e26c23
1194,7,a7f6fd15-9b3c-4cae-a029-0da92222f465,a52b9772-b059-4c7f-9102-c50ccd0864fd
1195,7,3fddfda7-5eca-4501-839e-765eb49a8c1b,a85c510d-76d1-4c75-9b81-7ae13a36dd30
1196,7,2fd43ecd-9910-48f4-bf08-f07a4445cdf2,d8c3ac85-6e38-4ec9-baa6-a037b9b16d18
1197,7,f2cb2434-7d2e-4d87-8b97-6546d4931b29,d8c3ac85-6e38-4ec9-baa6-a037b9b16d18
1198,7,54da66af-5ce4-4975-8560-258824988821,9852ca3f-b8fc-4665-a990-465072ec4379
1199,7,6325743f-ad5d-4c24-aca3-6262a70d78d7,e1c9ec4f-63c6-40bc-b9ab-de70189bd83a
1200,7,181726f7-b361-4d04-8235-15729283791d,d8c3ac85-6e38-4ec9-baa6-a037b9b16d18
1201,7,55fe5714-b786-4cda-83f2-44afeb341a92,1dacbe62-8d60-4a7e-a1d8-ea0feba270b0
1202,7,06813bb3-7c73-425d-b9fe-6b4e80add160,8a197010-e950-47eb-a917-1e549d5411c1
1203,7,aebd4757-08dc-4ca0-be33-aa85171de59d,491665b2-0491-4982-9975-8e6a27105089
1204,7,063b5195-7e46-4b16-a45c-25393fb8675f,758dab69-cb35-477f-86c0-ed52606e335b
461,5,6f9282ed-25cc-41da-b2f5-0e7c4b686060,05e06b15-ceb0-4623-a9c9-98ad6ec4ef49
1205,7,dab7d824-81ec-49ba-911a-b3d081469a84,e9bb1c0d-d4c7-4be7-be51-e3f8328be466
1206,7,59c24c09-5ecd-44c8-a324-5a7da62c634b,76c9ed80-50ea-41fb-9e17-c488430fd00f
1207,7,4507d98e-44d1-40ea-8733-8047738b9a7a,416ec91f-b16f-4a11-8ee5-151133b9dabb
1208,7,8054183f-794a-4914-a8cb-a379bb9f1040,0e94fdda-aba0-468e-87c6-f8943010c7f1
1209,7,ff74234b-46ca-4d5a-9008-fd9e3643f565,d8c3ac85-6e38-4ec9-baa6-a037b9b16d18
1210,7,a53ebbd1-0f08-4bf6-aeaa-90067a3b1312,76c9ed80-50ea-41fb-9e17-c488430fd00f
1211,7,c5b93d11-92e0-46cd-8616-427edce159d2,9852ca3f-b8fc-4665-a990-465072ec4379
1212,7,43700827-e657-4937-ae69-c333b70d3756,1dacbe62-8d60-4a7e-a1d8-ea0feba270b0
1213,7,96059067-e0dd-4d80-b2bf-60ec9378609d,cfa01ea5-1be6-40fc-b8f0-96c1a866c7e0
1214,7,8e349bce-5860-4c0b-9ee9-ebb684574262,ff3b7502-07f2-4652-95bd-692557553cdb
1215,7,80c6de8f-a5f2-4897-9ca8-593d8a126590,1dacbe62-8d60-4a7e-a1d8-ea0feba270b0
1216,7,ac1149e1-6679-4466-a445-1f6dd0ecd883,76c9ed80-50ea-41fb-9e17-c488430fd00f
1217,7,e2ca7d39-4fae-4ced-9dc2-b2593241b407,9852ca3f-b8fc-4665-a990-465072ec4379
1218,7,dda4b683-307d-4145-b75c-59f61c442484,555161bf-13d6-4909-b2d5-6c87d584de24
1219,7,c9f100c2-e502-4a61-94d5-87ae0f4d3646,1dacbe62-8d60-4a7e-a1d8-ea0feba270b0
1220,7,e8b6fe34-d598-4d53-86d0-288bc004c3e7,758dab69-cb35-477f-86c0-ed52606e335b
1221,7,37a18000-2d1f-41db-afe6-6545f817bcb7,9852ca3f-b8fc-4665-a990-465072ec4379
1222,7,cf802366-d886-45a5-bd49-2566521a4bbe,1dacbe62-8d60-4a7e-a1d8-ea0feba270b0
1223,7,d0dcf8b7-d032-481b-b80e-dea683cc1fa4,4ed73ccc-e12a-4009-aa2c-e40ea4c0c84a
1224,7,aa39bfc8-4980-4663-adf0-b7ee94f6b976,76c9ed80-50ea-41fb-9e17-c488430fd00f
1225,7,65364bdd-6a19-404a-9a87-c1aa123017d3,d8c3ac85-6e38-4ec9-baa6-a037b9b16d18
1238,8,8e349bce-5860-4c0b-9ee9-ebb684574262,475f62e3-13dd-48a4-a01c-508cb306d7ca
179,15,e2069dd1-ba2f-45fa-b2b7-9052a16f74cc,402bf733-9d89-4602-b9ee-6e530d1b2836
370,8,2979f7e7-b34d-4f16-8c96-966d7a2a1f01,76c9ed80-50ea-41fb-9e17-c488430fd00f
452,9,40b44149-d3f3-45a5-8d44-424b4c886b7a,402bf733-9d89-4602-b9ee-6e530d1b2836
809,8,7bd65217-fdbe-4945-a657-496a494fff48,e1c9ec4f-63c6-40bc-b9ab-de70189bd83a
1279,8,37a18000-2d1f-41db-afe6-6545f817bcb7,6e1dbfec-913f-4d9b-9a3f-e8a2b7f82540
1278,8,cf802366-d886-45a5-bd49-2566521a4bbe,cebf9575-00b1-45bd-a386-fcbef4f589f3
807,8,13659e76-e911-41da-bf99-30eb7b05defc,758dab69-cb35-477f-86c0-ed52606e335b
394,9,abb7adf0-cc3e-4734-ac67-20a562f83c33,76c9ed80-50ea-41fb-9e17-c488430fd00f
267,8,82f57fc4-357f-49d3-af4b-e8bfb0a35210,491665b2-0491-4982-9975-8e6a27105089
881,5,763e3b22-b9ac-4bee-b665-69d1acb70712,1dacbe62-8d60-4a7e-a1d8-ea0feba270b0
1277,8,d176bc00-f198-4250-b9d7-5193f621fd60,d8c3ac85-6e38-4ec9-baa6-a037b9b16d18
335,9,1fd6fa60-cd5d-4e38-bfea-ea8dc5b25eaa,2f488d8c-dd92-4deb-bad8-7377d1d12b48
535,8,d7baab30-c95a-40e7-b076-287fb90de9d5,758dab69-cb35-477f-86c0-ed52606e335b
1276,8,aa39bfc8-4980-4663-adf0-b7ee94f6b976,402bf733-9d89-4602-b9ee-6e530d1b2836
1275,8,65364bdd-6a19-404a-9a87-c1aa123017d3,cfa01ea5-1be6-40fc-b8f0-96c1a866c7e0
1274,8,3f058476-5010-48f4-9bd9-e27648d2ecea,e9bb1c0d-d4c7-4be7-be51-e3f8328be466
1273,8,d0dcf8b7-d032-481b-b80e-dea683cc1fa4,ff3b7502-07f2-4652-95bd-692557553cdb
1272,8,aade4249-dedf-4938-9ad1-432553bf0c36,bb413141-8464-45bf-9fda-82cb836af87e
1271,8,aff43790-897a-49b4-a4c6-f3506a6c4858,e9bb1c0d-d4c7-4be7-be51-e3f8328be466
1270,8,fa126d2b-ea85-4237-8abd-367c1b1e4e92,4ed73ccc-e12a-4009-aa2c-e40ea4c0c84a
1269,8,52e4975a-0d6d-4bb0-91a3-862f8e113091,4ed73ccc-e12a-4009-aa2c-e40ea4c0c84a
1268,8,91f97996-69a3-43b8-bdfc-20895502415f,1dacbe62-8d60-4a7e-a1d8-ea0feba270b0
1267,8,e57951e6-9761-421e-b482-aebfd2804c81,d8c3ac85-6e38-4ec9-baa6-a037b9b16d18
1266,8,15e95cb0-2008-4b98-83e9-0ce5a614b42c,4a30e300-583d-47dc-bfb8-b0268c888710
1265,8,68f29968-0830-437d-a249-ba47ac22b0b4,d8c3ac85-6e38-4ec9-baa6-a037b9b16d18
1264,8,ad9602aa-4d82-4f9f-9ef5-053f92f2c9ff,7e6ed025-dbdb-446a-b6de-6ea964042972
1263,8,428a1d93-e1a5-407b-90a4-9bb2b85e39ec,d8c3ac85-6e38-4ec9-baa6-a037b9b16d18
1262,8,ecd7fb7a-570b-4466-b0ea-8d4b60016036,6e1dbfec-913f-4d9b-9a3f-e8a2b7f82540
1261,8,e211347f-4b04-4765-a230-295f366390d1,3ea4461a-8565-4eb7-a614-e65fe8c96e98
1260,8,3fddfda7-5eca-4501-839e-765eb49a8c1b,ff3b7502-07f2-4652-95bd-692557553cdb
1259,8,f2cb2434-7d2e-4d87-8b97-6546d4931b29,cfa01ea5-1be6-40fc-b8f0-96c1a866c7e0
1258,8,2fd43ecd-9910-48f4-bf08-f07a4445cdf2,cfa01ea5-1be6-40fc-b8f0-96c1a866c7e0
1257,8,54da66af-5ce4-4975-8560-258824988821,e9bb1c0d-d4c7-4be7-be51-e3f8328be466
1256,8,6325743f-ad5d-4c24-aca3-6262a70d78d7,758dab69-cb35-477f-86c0-ed52606e335b
1255,8,181726f7-b361-4d04-8235-15729283791d,cfa01ea5-1be6-40fc-b8f0-96c1a866c7e0
1254,8,596d3936-d754-4c02-b8ae-20f69d4ac16b,d75e9971-7b83-40c6-a1d2-0a59d386c945
1253,8,a74cb76b-da08-4412-817f-3240e52c5dde,402bf733-9d89-4602-b9ee-6e530d1b2836
1252,8,55fe5714-b786-4cda-83f2-44afeb341a92,758dab69-cb35-477f-86c0-ed52606e335b
1281,8,afcb9669-1336-48ff-ad58-a7446b8b09f0,402bf733-9d89-4602-b9ee-6e530d1b2836
1246,8,4507d98e-44d1-40ea-8733-8047738b9a7a,d8c3ac85-6e38-4ec9-baa6-a037b9b16d18
1245,8,639f0d69-543d-477f-be0f-764e9a5f08a3,d8c3ac85-6e38-4ec9-baa6-a037b9b16d18
1244,8,9de35b9b-704e-4cf3-b580-fff54b9ede15,6e1dbfec-913f-4d9b-9a3f-e8a2b7f82540
1243,8,a53ebbd1-0f08-4bf6-aeaa-90067a3b1312,402bf733-9d89-4602-b9ee-6e530d1b2836
192,8,c5b93d11-92e0-46cd-8616-427edce159d2,e9bb1c0d-d4c7-4be7-be51-e3f8328be466
299,8,6adc2c82-61b3-41b4-89ca-62862bfe9b9f,cfa01ea5-1be6-40fc-b8f0-96c1a866c7e0
1242,8,da5cb52c-1e0a-4c22-ab96-e05c210c0e60,d8c3ac85-6e38-4ec9-baa6-a037b9b16d18
1241,8,6ad99ded-e693-4660-a1c5-86ead53a9bcf,62d9ee10-eb34-4270-9da6-a7025828f286
1247,8,59c24c09-5ecd-44c8-a324-5a7da62c634b,402bf733-9d89-4602-b9ee-6e530d1b2836
2196,8,c46778bd-7352-44cd-91fe-010102bb8aa0,1dacbe62-8d60-4a7e-a1d8-ea0feba270b0
1248,8,dab7d824-81ec-49ba-911a-b3d081469a84,1dacbe62-8d60-4a7e-a1d8-ea0feba270b0
1280,8,ec808735-972e-41e7-8549-a96d93881e26,ff3b7502-07f2-4652-95bd-692557553cdb
1249,8,063b5195-7e46-4b16-a45c-25393fb8675f,06bdcf26-0423-45d4-8cd0-71a1dd49dfa3
1250,8,aebd4757-08dc-4ca0-be33-aa85171de59d,4ed73ccc-e12a-4009-aa2c-e40ea4c0c84a
1251,8,06813bb3-7c73-425d-b9fe-6b4e80add160,d8c3ac85-6e38-4ec9-baa6-a037b9b16d18
191,8,e2ca7d39-4fae-4ced-9dc2-b2593241b407,e9bb1c0d-d4c7-4be7-be51-e3f8328be466
135,8,8054183f-794a-4914-a8cb-a379bb9f1040,24ce2de6-0be7-448f-b5cd-b7f5b21a056c
250,8,bdd706f0-b987-446b-b650-78d9d86f00b2,9852ca3f-b8fc-4665-a990-465072ec4379
185,8,80c6de8f-a5f2-4897-9ca8-593d8a126590,758dab69-cb35-477f-86c0-ed52606e335b
125,8,a562afcf-b6f7-4ddd-be72-d450f8de9fc0,ff3b7502-07f2-4652-95bd-692557553cdb
310,8,b8495e18-9a18-4e8f-8b88-85db6e74ec22,06bdcf26-0423-45d4-8cd0-71a1dd49dfa3
121,8,52d61c70-77fd-4c4a-aae8-f4e24dde6de8,ff3b7502-07f2-4652-95bd-692557553cdb
1233,8,86c00a32-6dca-4d77-bddb-75c36d0ec0ca,402bf733-9d89-4602-b9ee-6e530d1b2836
1234,8,c9f100c2-e502-4a61-94d5-87ae0f4d3646,e1c9ec4f-63c6-40bc-b9ab-de70189bd83a
1235,8,e8b6fe34-d598-4d53-86d0-288bc004c3e7,6e1dbfec-913f-4d9b-9a3f-e8a2b7f82540
291,8,1b5fd49d-9131-46ee-b56a-70efbb1effe5,29cb514d-8259-4df4-833f-4e6631cd65e1
1240,8,43700827-e657-4937-ae69-c333b70d3756,e1c9ec4f-63c6-40bc-b9ab-de70189bd83a
1236,8,dda4b683-307d-4145-b75c-59f61c442484,2f488d8c-dd92-4deb-bad8-7377d1d12b48
805,8,13b71402-f2cb-4aa3-9b17-639652e87ca8,4ed73ccc-e12a-4009-aa2c-e40ea4c0c84a
1237,8,ac1149e1-6679-4466-a445-1f6dd0ecd883,a85c510d-76d1-4c75-9b81-7ae13a36dd30
513,10,1d43d4b3-1562-4ccc-9729-49d31aa5309e,d8c3ac85-6e38-4ec9-baa6-a037b9b16d18
1239,8,96059067-e0dd-4d80-b2bf-60ec9378609d,76c9ed80-50ea-41fb-9e17-c488430fd00f
474,9,855aa42c-15e8-4b99-be89-3986ccb8254c,05e06b15-ceb0-4623-a9c9-98ad6ec4ef49
164,8,b5867d88-1fd5-476e-98e0-498ccbf41655,a3f51d29-0e97-4173-92f1-a56335f32b2e
500,8,e126690a-c368-4677-892e-116126ea8c8a,402bf733-9d89-4602-b9ee-6e530d1b2836
379,8,4aa97b85-e71d-4584-a971-8b307e0a0e82,a85c510d-76d1-4c75-9b81-7ae13a36dd30
214,9,a73ebc78-1f89-4af8-8f67-2e35de947d16,89b29179-7fba-456e-b4ed-5ff5b548be18
1291,9,6325743f-ad5d-4c24-aca3-6262a70d78d7,d8c3ac85-6e38-4ec9-baa6-a037b9b16d18
1289,9,2fd43ecd-9910-48f4-bf08-f07a4445cdf2,76c9ed80-50ea-41fb-9e17-c488430fd00f
1288,9,3fddfda7-5eca-4501-839e-765eb49a8c1b,7e6ed025-dbdb-446a-b6de-6ea964042972
1287,9,68f29968-0830-437d-a249-ba47ac22b0b4,76c9ed80-50ea-41fb-9e17-c488430fd00f
1286,9,fa126d2b-ea85-4237-8abd-367c1b1e4e92,9852ca3f-b8fc-4665-a990-465072ec4379
1285,9,6ad99ded-e693-4660-a1c5-86ead53a9bcf,d21c5d29-21ba-4288-bec0-8c077ac15aec
1284,9,639f0d69-543d-477f-be0f-764e9a5f08a3,cfa01ea5-1be6-40fc-b8f0-96c1a866c7e0
1283,9,428a1d93-e1a5-407b-90a4-9bb2b85e39ec,0691c3a9-a02f-4de3-9a1c-965782ddbef9
1282,9,52d61c70-77fd-4c4a-aae8-f4e24dde6de8,7e6ed025-dbdb-446a-b6de-6ea964042972
190,9,80c6de8f-a5f2-4897-9ca8-593d8a126590,6e1dbfec-913f-4d9b-9a3f-e8a2b7f82540
180,6,e2069dd1-ba2f-45fa-b2b7-9052a16f74cc,4ed73ccc-e12a-4009-aa2c-e40ea4c0c84a
292,9,1b5fd49d-9131-46ee-b56a-70efbb1effe5,4ed73ccc-e12a-4009-aa2c-e40ea4c0c84a
799,9,4507d98e-44d1-40ea-8733-8047738b9a7a,cfa01ea5-1be6-40fc-b8f0-96c1a866c7e0
300,9,6adc2c82-61b3-41b4-89ca-62862bfe9b9f,402bf733-9d89-4602-b9ee-6e530d1b2836
806,9,13b71402-f2cb-4aa3-9b17-639652e87ca8,e9bb1c0d-d4c7-4be7-be51-e3f8328be466
25,9,65364bdd-6a19-404a-9a87-c1aa123017d3,76c9ed80-50ea-41fb-9e17-c488430fd00f
380,9,4aa97b85-e71d-4584-a971-8b307e0a0e82,5ec2f6e7-b28e-4a24-952c-0f24f6bce1b4
215,10,a73ebc78-1f89-4af8-8f67-2e35de947d16,814c5e15-5889-43e9-8ff2-f1317204c827
514,11,1d43d4b3-1562-4ccc-9729-49d31aa5309e,76c9ed80-50ea-41fb-9e17-c488430fd00f
501,9,e126690a-c368-4677-892e-116126ea8c8a,a85c510d-76d1-4c75-9b81-7ae13a36dd30
813,9,13659e76-e911-41da-bf99-30eb7b05defc,e1c9ec4f-63c6-40bc-b9ab-de70189bd83a
811,9,7bd65217-fdbe-4945-a657-496a494fff48,758dab69-cb35-477f-86c0-ed52606e335b
453,10,40b44149-d3f3-45a5-8d44-424b4c886b7a,a85c510d-76d1-4c75-9b81-7ae13a36dd30
264,9,82f57fc4-357f-49d3-af4b-e8bfb0a35210,4ed73ccc-e12a-4009-aa2c-e40ea4c0c84a
371,9,2979f7e7-b34d-4f16-8c96-966d7a2a1f01,402bf733-9d89-4602-b9ee-6e530d1b2836
395,10,abb7adf0-cc3e-4734-ac67-20a562f83c33,402bf733-9d89-4602-b9ee-6e530d1b2836
314,9,b8495e18-9a18-4e8f-8b88-85db6e74ec22,491665b2-0491-4982-9975-8e6a27105089
195,9,96059067-e0dd-4d80-b2bf-60ec9378609d,402bf733-9d89-4602-b9ee-6e530d1b2836
251,9,bdd706f0-b987-446b-b650-78d9d86f00b2,0bab13c3-3184-4b50-8c8c-a946028c48c9
475,10,855aa42c-15e8-4b99-be89-3986ccb8254c,25f0a6a8-ec49-4827-8d6f-b4524c237475
2197,9,c46778bd-7352-44cd-91fe-010102bb8aa0,758dab69-cb35-477f-86c0-ed52606e335b
1297,9,a53ebbd1-0f08-4bf6-aeaa-90067a3b1312,a85c510d-76d1-4c75-9b81-7ae13a36dd30
1298,9,43700827-e657-4937-ae69-c333b70d3756,6e1dbfec-913f-4d9b-9a3f-e8a2b7f82540
1296,9,8054183f-794a-4914-a8cb-a379bb9f1040,555161bf-13d6-4909-b2d5-6c87d584de24
1299,9,8e349bce-5860-4c0b-9ee9-ebb684574262,85ebe5aa-8a3b-4c91-b2a6-78ca6d3aab90
1300,9,dda4b683-307d-4145-b75c-59f61c442484,841774c2-77c6-4111-af03-b5c2ac3d8bba
1301,9,c9f100c2-e502-4a61-94d5-87ae0f4d3646,6e1dbfec-913f-4d9b-9a3f-e8a2b7f82540
1302,9,ec808735-972e-41e7-8549-a96d93881e26,f7b38a8f-3117-49a5-89b2-a66930c7ca4b
1303,9,37a18000-2d1f-41db-afe6-6545f817bcb7,d8c3ac85-6e38-4ec9-baa6-a037b9b16d18
1304,9,da5cb52c-1e0a-4c22-ab96-e05c210c0e60,91de6864-bad3-4365-ac0f-c9c5c89661f9
1305,9,596d3936-d754-4c02-b8ae-20f69d4ac16b,bb413141-8464-45bf-9fda-82cb836af87e
1306,9,ad9602aa-4d82-4f9f-9ef5-053f92f2c9ff,05e06b15-ceb0-4623-a9c9-98ad6ec4ef49
1307,9,3f058476-5010-48f4-9bd9-e27648d2ecea,1dacbe62-8d60-4a7e-a1d8-ea0feba270b0
1308,9,15e95cb0-2008-4b98-83e9-0ce5a614b42c,4ed73ccc-e12a-4009-aa2c-e40ea4c0c84a
1309,9,a74cb76b-da08-4412-817f-3240e52c5dde,a85c510d-76d1-4c75-9b81-7ae13a36dd30
1310,9,91f97996-69a3-43b8-bdfc-20895502415f,cebf9575-00b1-45bd-a386-fcbef4f589f3
1311,9,d0dcf8b7-d032-481b-b80e-dea683cc1fa4,475f62e3-13dd-48a4-a01c-508cb306d7ca
1312,9,e57951e6-9761-421e-b482-aebfd2804c81,76c9ed80-50ea-41fb-9e17-c488430fd00f
1313,9,9de35b9b-704e-4cf3-b580-fff54b9ede15,d8c3ac85-6e38-4ec9-baa6-a037b9b16d18
1314,9,afcb9669-1336-48ff-ad58-a7446b8b09f0,9ba5be4d-a4db-4145-80cc-9c006d68a219
1315,9,aa39bfc8-4980-4663-adf0-b7ee94f6b976,e808c21d-338f-411a-838f-be0ce95700b5
1316,9,d176bc00-f198-4250-b9d7-5193f621fd60,cfa01ea5-1be6-40fc-b8f0-96c1a866c7e0
1317,9,cf802366-d886-45a5-bd49-2566521a4bbe,758dab69-cb35-477f-86c0-ed52606e335b
1318,9,86c00a32-6dca-4d77-bddb-75c36d0ec0ca,24ce2de6-0be7-448f-b5cd-b7f5b21a056c
1319,9,e8b6fe34-d598-4d53-86d0-288bc004c3e7,d8c3ac85-6e38-4ec9-baa6-a037b9b16d18
1320,9,e2ca7d39-4fae-4ced-9dc2-b2593241b407,1dacbe62-8d60-4a7e-a1d8-ea0feba270b0
1321,9,ac1149e1-6679-4466-a445-1f6dd0ecd883,555161bf-13d6-4909-b2d5-6c87d584de24
1322,9,c5b93d11-92e0-46cd-8616-427edce159d2,1dacbe62-8d60-4a7e-a1d8-ea0feba270b0
1323,9,59c24c09-5ecd-44c8-a324-5a7da62c634b,a85c510d-76d1-4c75-9b81-7ae13a36dd30
1324,9,063b5195-7e46-4b16-a45c-25393fb8675f,cfa01ea5-1be6-40fc-b8f0-96c1a866c7e0
1325,9,181726f7-b361-4d04-8235-15729283791d,76c9ed80-50ea-41fb-9e17-c488430fd00f
1326,9,54da66af-5ce4-4975-8560-258824988821,1dacbe62-8d60-4a7e-a1d8-ea0feba270b0
1327,9,f2cb2434-7d2e-4d87-8b97-6546d4931b29,ff3b7502-07f2-4652-95bd-692557553cdb
1328,9,e211347f-4b04-4765-a230-295f366390d1,967e8bdb-795d-4f4e-806a-c0eaad2ff22c
1329,9,ecd7fb7a-570b-4466-b0ea-8d4b60016036,d8c3ac85-6e38-4ec9-baa6-a037b9b16d18
1330,9,52e4975a-0d6d-4bb0-91a3-862f8e113091,9852ca3f-b8fc-4665-a990-465072ec4379
1331,9,a562afcf-b6f7-4ddd-be72-d450f8de9fc0,7e6ed025-dbdb-446a-b6de-6ea964042972
1295,9,dab7d824-81ec-49ba-911a-b3d081469a84,758dab69-cb35-477f-86c0-ed52606e335b
1294,9,aebd4757-08dc-4ca0-be33-aa85171de59d,e9bb1c0d-d4c7-4be7-be51-e3f8328be466
1293,9,06813bb3-7c73-425d-b9fe-6b4e80add160,cfa01ea5-1be6-40fc-b8f0-96c1a866c7e0
1292,9,55fe5714-b786-4cda-83f2-44afeb341a92,162d0da5-6fac-433b-b4dd-22a721788975
1290,9,aff43790-897a-49b4-a4c6-f3506a6c4858,1dacbe62-8d60-4a7e-a1d8-ea0feba270b0
1356,10,86c00a32-6dca-4d77-bddb-75c36d0ec0ca,27c3e41e-8134-42d2-92f3-b444682fc369
1355,10,43700827-e657-4937-ae69-c333b70d3756,d8c3ac85-6e38-4ec9-baa6-a037b9b16d18
1354,10,e57951e6-9761-421e-b482-aebfd2804c81,402bf733-9d89-4602-b9ee-6e530d1b2836
1369,10,9de35b9b-704e-4cf3-b580-fff54b9ede15,1dacbe62-8d60-4a7e-a1d8-ea0feba270b0
1353,10,c9f100c2-e502-4a61-94d5-87ae0f4d3646,d8c3ac85-6e38-4ec9-baa6-a037b9b16d18
1370,10,dab7d824-81ec-49ba-911a-b3d081469a84,d8c3ac85-6e38-4ec9-baa6-a037b9b16d18
1352,10,52d61c70-77fd-4c4a-aae8-f4e24dde6de8,05e06b15-ceb0-4623-a9c9-98ad6ec4ef49
1371,10,1b5fd49d-9131-46ee-b56a-70efbb1effe5,1dacbe62-8d60-4a7e-a1d8-ea0feba270b0
1372,10,ecd7fb7a-570b-4466-b0ea-8d4b60016036,91de6864-bad3-4365-ac0f-c9c5c89661f9
1373,10,d176bc00-f198-4250-b9d7-5193f621fd60,76c9ed80-50ea-41fb-9e17-c488430fd00f
1374,10,c5b93d11-92e0-46cd-8616-427edce159d2,cebf9575-00b1-45bd-a386-fcbef4f589f3
1375,10,6ad99ded-e693-4660-a1c5-86ead53a9bcf,4ed73ccc-e12a-4009-aa2c-e40ea4c0c84a
1376,10,063b5195-7e46-4b16-a45c-25393fb8675f,4ed73ccc-e12a-4009-aa2c-e40ea4c0c84a
1377,10,65364bdd-6a19-404a-9a87-c1aa123017d3,402bf733-9d89-4602-b9ee-6e530d1b2836
1378,10,ac1149e1-6679-4466-a445-1f6dd0ecd883,2f488d8c-dd92-4deb-bad8-7377d1d12b48
1351,10,e8b6fe34-d598-4d53-86d0-288bc004c3e7,cfa01ea5-1be6-40fc-b8f0-96c1a866c7e0
1350,10,a74cb76b-da08-4412-817f-3240e52c5dde,555161bf-13d6-4909-b2d5-6c87d584de24
61,10,4507d98e-44d1-40ea-8733-8047738b9a7a,76c9ed80-50ea-41fb-9e17-c488430fd00f
1349,10,dda4b683-307d-4145-b75c-59f61c442484,bfcf5b70-01f3-49f2-9f68-6ce27a9d4491
1348,10,3f058476-5010-48f4-9bd9-e27648d2ecea,6e1dbfec-913f-4d9b-9a3f-e8a2b7f82540
1347,10,54da66af-5ce4-4975-8560-258824988821,cebf9575-00b1-45bd-a386-fcbef4f589f3
1346,10,aff43790-897a-49b4-a4c6-f3506a6c4858,6e1dbfec-913f-4d9b-9a3f-e8a2b7f82540
1345,10,e2ca7d39-4fae-4ced-9dc2-b2593241b407,758dab69-cb35-477f-86c0-ed52606e335b
1344,10,181726f7-b361-4d04-8235-15729283791d,402bf733-9d89-4602-b9ee-6e530d1b2836
1343,10,55fe5714-b786-4cda-83f2-44afeb341a92,d8c3ac85-6e38-4ec9-baa6-a037b9b16d18
1368,10,da5cb52c-1e0a-4c22-ab96-e05c210c0e60,76c9ed80-50ea-41fb-9e17-c488430fd00f
1342,10,d0dcf8b7-d032-481b-b80e-dea683cc1fa4,e886b84a-8504-4387-866b-560f26ed847e
1341,10,52e4975a-0d6d-4bb0-91a3-862f8e113091,e9bb1c0d-d4c7-4be7-be51-e3f8328be466
1340,10,fa126d2b-ea85-4237-8abd-367c1b1e4e92,d8c3ac85-6e38-4ec9-baa6-a037b9b16d18
1363,10,f2cb2434-7d2e-4d87-8b97-6546d4931b29,7e6ed025-dbdb-446a-b6de-6ea964042972
311,10,b8495e18-9a18-4e8f-8b88-85db6e74ec22,4ed73ccc-e12a-4009-aa2c-e40ea4c0c84a
1367,10,639f0d69-543d-477f-be0f-764e9a5f08a3,76c9ed80-50ea-41fb-9e17-c488430fd00f
247,10,bdd706f0-b987-446b-b650-78d9d86f00b2,e9bb1c0d-d4c7-4be7-be51-e3f8328be466
1362,10,ad9602aa-4d82-4f9f-9ef5-053f92f2c9ff,0db96bcc-ca00-41b3-9cc5-32ea93d27c12
27,10,aa39bfc8-4980-4663-adf0-b7ee94f6b976,ff3b7502-07f2-4652-95bd-692557553cdb
1366,10,cf802366-d886-45a5-bd49-2566521a4bbe,162d0da5-6fac-433b-b4dd-22a721788975
301,10,6adc2c82-61b3-41b4-89ca-62862bfe9b9f,4ed73ccc-e12a-4009-aa2c-e40ea4c0c84a
139,10,8054183f-794a-4914-a8cb-a379bb9f1040,d4136ce2-345a-4011-beaa-456eda820556
1335,10,aebd4757-08dc-4ca0-be33-aa85171de59d,e1c9ec4f-63c6-40bc-b9ab-de70189bd83a
2198,10,c46778bd-7352-44cd-91fe-010102bb8aa0,6e1dbfec-913f-4d9b-9a3f-e8a2b7f82540
1365,10,e211347f-4b04-4765-a230-295f366390d1,9bfba210-58d2-4257-b2ef-33a26fa5de6c
1364,10,3fddfda7-5eca-4501-839e-765eb49a8c1b,05e06b15-ceb0-4623-a9c9-98ad6ec4ef49
72,10,a53ebbd1-0f08-4bf6-aeaa-90067a3b1312,ff3b7502-07f2-4652-95bd-692557553cdb
1339,10,afcb9669-1336-48ff-ad58-a7446b8b09f0,e808c21d-338f-411a-838f-be0ce95700b5
1332,10,428a1d93-e1a5-407b-90a4-9bb2b85e39ec,cfa01ea5-1be6-40fc-b8f0-96c1a866c7e0
1336,10,13b71402-f2cb-4aa3-9b17-639652e87ca8,1dacbe62-8d60-4a7e-a1d8-ea0feba270b0
1337,10,a562afcf-b6f7-4ddd-be72-d450f8de9fc0,05e06b15-ceb0-4623-a9c9-98ad6ec4ef49
194,10,96059067-e0dd-4d80-b2bf-60ec9378609d,a85c510d-76d1-4c75-9b81-7ae13a36dd30
1338,10,68f29968-0830-437d-a249-ba47ac22b0b4,402bf733-9d89-4602-b9ee-6e530d1b2836
1333,10,91f97996-69a3-43b8-bdfc-20895502415f,e1c9ec4f-63c6-40bc-b9ab-de70189bd83a
216,11,a73ebc78-1f89-4af8-8f67-2e35de947d16,402bf733-9d89-4602-b9ee-6e530d1b2836
396,11,abb7adf0-cc3e-4734-ac67-20a562f83c33,0e94fdda-aba0-468e-87c6-f8943010c7f1
476,11,855aa42c-15e8-4b99-be89-3986ccb8254c,475f62e3-13dd-48a4-a01c-508cb306d7ca
515,12,1d43d4b3-1562-4ccc-9729-49d31aa5309e,402bf733-9d89-4602-b9ee-6e530d1b2836
181,27,e2069dd1-ba2f-45fa-b2b7-9052a16f74cc,f64b3118-cc05-4dca-a3c9-1c16079d6b91
268,10,82f57fc4-357f-49d3-af4b-e8bfb0a35210,9852ca3f-b8fc-4665-a990-465072ec4379
883,10,763e3b22-b9ac-4bee-b665-69d1acb70712,d4136ce2-345a-4011-beaa-456eda820556
814,10,7bd65217-fdbe-4945-a657-496a494fff48,8a197010-e950-47eb-a917-1e549d5411c1
816,10,13659e76-e911-41da-bf99-30eb7b05defc,06bdcf26-0423-45d4-8cd0-71a1dd49dfa3
1334,10,15e95cb0-2008-4b98-83e9-0ce5a614b42c,1dacbe62-8d60-4a7e-a1d8-ea0feba270b0
1361,10,59c24c09-5ecd-44c8-a324-5a7da62c634b,e808c21d-338f-411a-838f-be0ce95700b5
1360,10,80c6de8f-a5f2-4897-9ca8-593d8a126590,d8c3ac85-6e38-4ec9-baa6-a037b9b16d18
1359,10,37a18000-2d1f-41db-afe6-6545f817bcb7,4ed73ccc-e12a-4009-aa2c-e40ea4c0c84a
1358,10,ec808735-972e-41e7-8549-a96d93881e26,e886b84a-8504-4387-866b-560f26ed847e
52,10,6325743f-ad5d-4c24-aca3-6262a70d78d7,76c9ed80-50ea-41fb-9e17-c488430fd00f
1357,10,2fd43ecd-9910-48f4-bf08-f07a4445cdf2,402bf733-9d89-4602-b9ee-6e530d1b2836
167,7,b5867d88-1fd5-476e-98e0-498ccbf41655,841774c2-77c6-4111-af03-b5c2ac3d8bba
217,12,a73ebc78-1f89-4af8-8f67-2e35de947d16,0e94fdda-aba0-468e-87c6-f8943010c7f1
516,13,1d43d4b3-1562-4ccc-9729-49d31aa5309e,a85c510d-76d1-4c75-9b81-7ae13a36dd30
1388,11,91f97996-69a3-43b8-bdfc-20895502415f,758dab69-cb35-477f-86c0-ed52606e335b
182,19,e2069dd1-ba2f-45fa-b2b7-9052a16f74cc,0e94fdda-aba0-468e-87c6-f8943010c7f1
477,12,855aa42c-15e8-4b99-be89-3986ccb8254c,76c9ed80-50ea-41fb-9e17-c488430fd00f
1389,11,a562afcf-b6f7-4ddd-be72-d450f8de9fc0,62d9ee10-eb34-4270-9da6-a7025828f286
1390,11,6ad99ded-e693-4660-a1c5-86ead53a9bcf,0d73637b-dd27-411b-bc6e-8dc424c51a6f
232,11,a53ebbd1-0f08-4bf6-aeaa-90067a3b1312,05e06b15-ceb0-4623-a9c9-98ad6ec4ef49
315,11,b8495e18-9a18-4e8f-8b88-85db6e74ec22,9852ca3f-b8fc-4665-a990-465072ec4379
41,11,e8b6fe34-d598-4d53-86d0-288bc004c3e7,76c9ed80-50ea-41fb-9e17-c488430fd00f
1391,11,8054183f-794a-4914-a8cb-a379bb9f1040,27c3e41e-8134-42d2-92f3-b444682fc369
228,11,dab7d824-81ec-49ba-911a-b3d081469a84,cfa01ea5-1be6-40fc-b8f0-96c1a866c7e0
1392,11,52e4975a-0d6d-4bb0-91a3-862f8e113091,1dacbe62-8d60-4a7e-a1d8-ea0feba270b0
1393,11,68f29968-0830-437d-a249-ba47ac22b0b4,9ba5be4d-a4db-4145-80cc-9c006d68a219
1394,11,65364bdd-6a19-404a-9a87-c1aa123017d3,9ba5be4d-a4db-4145-80cc-9c006d68a219
1395,11,aa39bfc8-4980-4663-adf0-b7ee94f6b976,7e6ed025-dbdb-446a-b6de-6ea964042972
1396,11,d176bc00-f198-4250-b9d7-5193f621fd60,402bf733-9d89-4602-b9ee-6e530d1b2836
1397,11,1b5fd49d-9131-46ee-b56a-70efbb1effe5,d8c3ac85-6e38-4ec9-baa6-a037b9b16d18
2199,11,c46778bd-7352-44cd-91fe-010102bb8aa0,d8c3ac85-6e38-4ec9-baa6-a037b9b16d18
1398,11,ecd7fb7a-570b-4466-b0ea-8d4b60016036,76c9ed80-50ea-41fb-9e17-c488430fd00f
1399,11,37a18000-2d1f-41db-afe6-6545f817bcb7,e9bb1c0d-d4c7-4be7-be51-e3f8328be466
1400,11,cf802366-d886-45a5-bd49-2566521a4bbe,d8c3ac85-6e38-4ec9-baa6-a037b9b16d18
1401,11,15e95cb0-2008-4b98-83e9-0ce5a614b42c,555161bf-13d6-4909-b2d5-6c87d584de24
1402,11,e211347f-4b04-4765-a230-295f366390d1,e74a2486-8871-4fe4-886f-ba49f6c1f852
1403,11,f2cb2434-7d2e-4d87-8b97-6546d4931b29,475f62e3-13dd-48a4-a01c-508cb306d7ca
1404,11,3fddfda7-5eca-4501-839e-765eb49a8c1b,1ca1fc54-e093-4328-ae77-6d6726270bad
1405,11,2fd43ecd-9910-48f4-bf08-f07a4445cdf2,a85c510d-76d1-4c75-9b81-7ae13a36dd30
1406,11,86c00a32-6dca-4d77-bddb-75c36d0ec0ca,11a33e3a-d00e-489d-9e15-a33c3b93b0b8
1407,11,c9f100c2-e502-4a61-94d5-87ae0f4d3646,76c9ed80-50ea-41fb-9e17-c488430fd00f
1408,11,54da66af-5ce4-4975-8560-258824988821,758dab69-cb35-477f-86c0-ed52606e335b
1409,11,dda4b683-307d-4145-b75c-59f61c442484,cbc530e0-6162-443b-a4ac-9578ecfd63b4
1410,11,aff43790-897a-49b4-a4c6-f3506a6c4858,d8c3ac85-6e38-4ec9-baa6-a037b9b16d18
1411,11,6325743f-ad5d-4c24-aca3-6262a70d78d7,402bf733-9d89-4602-b9ee-6e530d1b2836
1412,11,e2ca7d39-4fae-4ced-9dc2-b2593241b407,6e1dbfec-913f-4d9b-9a3f-e8a2b7f82540
808,11,4507d98e-44d1-40ea-8733-8047738b9a7a,402bf733-9d89-4602-b9ee-6e530d1b2836
1379,11,96059067-e0dd-4d80-b2bf-60ec9378609d,6c9aba0e-c280-4663-bde0-a8d4bcc41bf7
1380,11,43700827-e657-4937-ae69-c333b70d3756,cfa01ea5-1be6-40fc-b8f0-96c1a866c7e0
13,11,428a1d93-e1a5-407b-90a4-9bb2b85e39ec,76c9ed80-50ea-41fb-9e17-c488430fd00f
1413,11,a74cb76b-da08-4412-817f-3240e52c5dde,2f488d8c-dd92-4deb-bad8-7377d1d12b48
1414,11,181726f7-b361-4d04-8235-15729283791d,a85c510d-76d1-4c75-9b81-7ae13a36dd30
1381,11,c5b93d11-92e0-46cd-8616-427edce159d2,8a197010-e950-47eb-a917-1e549d5411c1
1382,11,d0dcf8b7-d032-481b-b80e-dea683cc1fa4,555161bf-13d6-4909-b2d5-6c87d584de24
1383,11,3f058476-5010-48f4-9bd9-e27648d2ecea,d8c3ac85-6e38-4ec9-baa6-a037b9b16d18
188,11,80c6de8f-a5f2-4897-9ca8-593d8a126590,0691c3a9-a02f-4de3-9a1c-965782ddbef9
1384,11,52d61c70-77fd-4c4a-aae8-f4e24dde6de8,25f0a6a8-ec49-4827-8d6f-b4524c237475
1415,11,55fe5714-b786-4cda-83f2-44afeb341a92,cfa01ea5-1be6-40fc-b8f0-96c1a866c7e0
8,11,e57951e6-9761-421e-b482-aebfd2804c81,ff3b7502-07f2-4652-95bd-692557553cdb
9,11,afcb9669-1336-48ff-ad58-a7446b8b09f0,ff3b7502-07f2-4652-95bd-692557553cdb
1416,11,aebd4757-08dc-4ca0-be33-aa85171de59d,758dab69-cb35-477f-86c0-ed52606e335b
1417,11,063b5195-7e46-4b16-a45c-25393fb8675f,d8c3ac85-6e38-4ec9-baa6-a037b9b16d18
1385,11,ad9602aa-4d82-4f9f-9ef5-053f92f2c9ff,475f62e3-13dd-48a4-a01c-508cb306d7ca
1418,11,ac1149e1-6679-4466-a445-1f6dd0ecd883,ff3b7502-07f2-4652-95bd-692557553cdb
812,11,13b71402-f2cb-4aa3-9b17-639652e87ca8,758dab69-cb35-477f-86c0-ed52606e335b
1419,11,59c24c09-5ecd-44c8-a324-5a7da62c634b,0e94fdda-aba0-468e-87c6-f8943010c7f1
1420,11,639f0d69-543d-477f-be0f-764e9a5f08a3,402bf733-9d89-4602-b9ee-6e530d1b2836
1421,11,6adc2c82-61b3-41b4-89ca-62862bfe9b9f,ab45d6f4-403d-4528-9246-d2139db5bc72
1422,11,bdd706f0-b987-446b-b650-78d9d86f00b2,1dacbe62-8d60-4a7e-a1d8-ea0feba270b0
1386,11,da5cb52c-1e0a-4c22-ab96-e05c210c0e60,402bf733-9d89-4602-b9ee-6e530d1b2836
1387,11,9de35b9b-704e-4cf3-b580-fff54b9ede15,4ed73ccc-e12a-4009-aa2c-e40ea4c0c84a
818,11,7bd65217-fdbe-4945-a657-496a494fff48,d8c3ac85-6e38-4ec9-baa6-a037b9b16d18
819,11,13659e76-e911-41da-bf99-30eb7b05defc,7a337ffc-8338-4601-b136-33d929292a8d
269,11,82f57fc4-357f-49d3-af4b-e8bfb0a35210,0bab13c3-3184-4b50-8c8c-a946028c48c9
1425,12,37a18000-2d1f-41db-afe6-6545f817bcb7,1dacbe62-8d60-4a7e-a1d8-ea0feba270b0
1423,12,a562afcf-b6f7-4ddd-be72-d450f8de9fc0,401fe54d-5589-49e2-856a-05b137751442
1424,12,c9f100c2-e502-4a61-94d5-87ae0f4d3646,402bf733-9d89-4602-b9ee-6e530d1b2836
1426,12,54da66af-5ce4-4975-8560-258824988821,6e1dbfec-913f-4d9b-9a3f-e8a2b7f82540
1427,12,063b5195-7e46-4b16-a45c-25393fb8675f,76c9ed80-50ea-41fb-9e17-c488430fd00f
1428,12,52d61c70-77fd-4c4a-aae8-f4e24dde6de8,475f62e3-13dd-48a4-a01c-508cb306d7ca
1429,12,aebd4757-08dc-4ca0-be33-aa85171de59d,416ec91f-b16f-4a11-8ee5-151133b9dabb
1430,12,e8b6fe34-d598-4d53-86d0-288bc004c3e7,402bf733-9d89-4602-b9ee-6e530d1b2836
1431,12,59c24c09-5ecd-44c8-a324-5a7da62c634b,9ba5be4d-a4db-4145-80cc-9c006d68a219
1432,12,55fe5714-b786-4cda-83f2-44afeb341a92,76c9ed80-50ea-41fb-9e17-c488430fd00f
1433,12,96059067-e0dd-4d80-b2bf-60ec9378609d,ff3b7502-07f2-4652-95bd-692557553cdb
1434,12,dda4b683-307d-4145-b75c-59f61c442484,a3f51d29-0e97-4173-92f1-a56335f32b2e
1435,12,cf802366-d886-45a5-bd49-2566521a4bbe,0691c3a9-a02f-4de3-9a1c-965782ddbef9
1436,12,6adc2c82-61b3-41b4-89ca-62862bfe9b9f,89b29179-7fba-456e-b4ed-5ff5b548be18
1437,12,3f058476-5010-48f4-9bd9-e27648d2ecea,0691c3a9-a02f-4de3-9a1c-965782ddbef9
1438,12,d176bc00-f198-4250-b9d7-5193f621fd60,a85c510d-76d1-4c75-9b81-7ae13a36dd30
1439,12,4507d98e-44d1-40ea-8733-8047738b9a7a,e808c21d-338f-411a-838f-be0ce95700b5
1440,12,aff43790-897a-49b4-a4c6-f3506a6c4858,0691c3a9-a02f-4de3-9a1c-965782ddbef9
1441,12,68f29968-0830-437d-a249-ba47ac22b0b4,a85c510d-76d1-4c75-9b81-7ae13a36dd30
1442,12,d0dcf8b7-d032-481b-b80e-dea683cc1fa4,cbc530e0-6162-443b-a4ac-9578ecfd63b4
1443,12,181726f7-b361-4d04-8235-15729283791d,ff3b7502-07f2-4652-95bd-692557553cdb
1444,12,6325743f-ad5d-4c24-aca3-6262a70d78d7,9ba5be4d-a4db-4145-80cc-9c006d68a219
1445,12,1b5fd49d-9131-46ee-b56a-70efbb1effe5,0691c3a9-a02f-4de3-9a1c-965782ddbef9
1446,12,e2ca7d39-4fae-4ced-9dc2-b2593241b407,d8c3ac85-6e38-4ec9-baa6-a037b9b16d18
1447,12,43700827-e657-4937-ae69-c333b70d3756,76c9ed80-50ea-41fb-9e17-c488430fd00f
1448,12,6ad99ded-e693-4660-a1c5-86ead53a9bcf,e9bb1c0d-d4c7-4be7-be51-e3f8328be466
1449,12,65364bdd-6a19-404a-9a87-c1aa123017d3,a85c510d-76d1-4c75-9b81-7ae13a36dd30
1450,12,ac1149e1-6679-4466-a445-1f6dd0ecd883,1ca1fc54-e093-4328-ae77-6d6726270bad
1451,12,a53ebbd1-0f08-4bf6-aeaa-90067a3b1312,0db96bcc-ca00-41b3-9cc5-32ea93d27c12
1452,12,e211347f-4b04-4765-a230-295f366390d1,a3f51d29-0e97-4173-92f1-a56335f32b2e
1453,12,80c6de8f-a5f2-4897-9ca8-593d8a126590,cfa01ea5-1be6-40fc-b8f0-96c1a866c7e0
1454,12,aa39bfc8-4980-4663-adf0-b7ee94f6b976,05e06b15-ceb0-4623-a9c9-98ad6ec4ef49
1455,12,ecd7fb7a-570b-4466-b0ea-8d4b60016036,402bf733-9d89-4602-b9ee-6e530d1b2836
1456,12,91f97996-69a3-43b8-bdfc-20895502415f,6e1dbfec-913f-4d9b-9a3f-e8a2b7f82540
1457,12,8054183f-794a-4914-a8cb-a379bb9f1040,a52b9772-b059-4c7f-9102-c50ccd0864fd
1458,12,a74cb76b-da08-4412-817f-3240e52c5dde,841774c2-77c6-4111-af03-b5c2ac3d8bba
1459,12,428a1d93-e1a5-407b-90a4-9bb2b85e39ec,402bf733-9d89-4602-b9ee-6e530d1b2836
1460,12,639f0d69-543d-477f-be0f-764e9a5f08a3,a85c510d-76d1-4c75-9b81-7ae13a36dd30
1461,12,afcb9669-1336-48ff-ad58-a7446b8b09f0,05e06b15-ceb0-4623-a9c9-98ad6ec4ef49
1462,12,e57951e6-9761-421e-b482-aebfd2804c81,7e6ed025-dbdb-446a-b6de-6ea964042972
1463,12,9de35b9b-704e-4cf3-b580-fff54b9ede15,cfa01ea5-1be6-40fc-b8f0-96c1a866c7e0
1464,12,52e4975a-0d6d-4bb0-91a3-862f8e113091,cebf9575-00b1-45bd-a386-fcbef4f589f3
1465,12,c5b93d11-92e0-46cd-8616-427edce159d2,416ec91f-b16f-4a11-8ee5-151133b9dabb
1466,12,15e95cb0-2008-4b98-83e9-0ce5a614b42c,ff3b7502-07f2-4652-95bd-692557553cdb
2200,12,c46778bd-7352-44cd-91fe-010102bb8aa0,cfa01ea5-1be6-40fc-b8f0-96c1a866c7e0
22,12,2fd43ecd-9910-48f4-bf08-f07a4445cdf2,ff3b7502-07f2-4652-95bd-692557553cdb
67,12,dab7d824-81ec-49ba-911a-b3d081469a84,76c9ed80-50ea-41fb-9e17-c488430fd00f
154,12,86c00a32-6dca-4d77-bddb-75c36d0ec0ca,6ec2b9b4-0793-4c08-91c1-2bb2dce44a7a
349,12,da5cb52c-1e0a-4c22-ab96-e05c210c0e60,8b47109e-5f73-4edc-8668-9c4f738684c6
316,12,b8495e18-9a18-4e8f-8b88-85db6e74ec22,0bab13c3-3184-4b50-8c8c-a946028c48c9
246,12,bdd706f0-b987-446b-b650-78d9d86f00b2,cebf9575-00b1-45bd-a386-fcbef4f589f3
823,12,13659e76-e911-41da-bf99-30eb7b05defc,cfa01ea5-1be6-40fc-b8f0-96c1a866c7e0
824,12,7bd65217-fdbe-4945-a657-496a494fff48,0691c3a9-a02f-4de3-9a1c-965782ddbef9
266,12,82f57fc4-357f-49d3-af4b-e8bfb0a35210,e9bb1c0d-d4c7-4be7-be51-e3f8328be466
517,14,1d43d4b3-1562-4ccc-9729-49d31aa5309e,0e94fdda-aba0-468e-87c6-f8943010c7f1
168,9,b5867d88-1fd5-476e-98e0-498ccbf41655,d4136ce2-345a-4011-beaa-456eda820556
218,13,a73ebc78-1f89-4af8-8f67-2e35de947d16,2f488d8c-dd92-4deb-bad8-7377d1d12b48
478,13,855aa42c-15e8-4b99-be89-3986ccb8254c,402bf733-9d89-4602-b9ee-6e530d1b2836
817,12,13b71402-f2cb-4aa3-9b17-639652e87ca8,6e1dbfec-913f-4d9b-9a3f-e8a2b7f82540
1506,13,aa39bfc8-4980-4663-adf0-b7ee94f6b976,1ca1fc54-e093-4328-ae77-6d6726270bad
1479,13,2fd43ecd-9910-48f4-bf08-f07a4445cdf2,7e6ed025-dbdb-446a-b6de-6ea964042972
1478,13,e57951e6-9761-421e-b482-aebfd2804c81,05e06b15-ceb0-4623-a9c9-98ad6ec4ef49
1483,13,e8b6fe34-d598-4d53-86d0-288bc004c3e7,9ba5be4d-a4db-4145-80cc-9c006d68a219
1484,13,15e95cb0-2008-4b98-83e9-0ce5a614b42c,05e06b15-ceb0-4623-a9c9-98ad6ec4ef49
1485,13,52d61c70-77fd-4c4a-aae8-f4e24dde6de8,27c3e41e-8134-42d2-92f3-b444682fc369
1486,13,dda4b683-307d-4145-b75c-59f61c442484,d4136ce2-345a-4011-beaa-456eda820556
1487,13,3f058476-5010-48f4-9bd9-e27648d2ecea,cfa01ea5-1be6-40fc-b8f0-96c1a866c7e0
825,13,7bd65217-fdbe-4945-a657-496a494fff48,cfa01ea5-1be6-40fc-b8f0-96c1a866c7e0
1490,13,e2ca7d39-4fae-4ced-9dc2-b2593241b407,76c9ed80-50ea-41fb-9e17-c488430fd00f
827,13,82f57fc4-357f-49d3-af4b-e8bfb0a35210,1dacbe62-8d60-4a7e-a1d8-ea0feba270b0
119,13,13659e76-e911-41da-bf99-30eb7b05defc,76c9ed80-50ea-41fb-9e17-c488430fd00f
21,13,639f0d69-543d-477f-be0f-764e9a5f08a3,ff3b7502-07f2-4652-95bd-692557553cdb
1481,13,54da66af-5ce4-4975-8560-258824988821,d8c3ac85-6e38-4ec9-baa6-a037b9b16d18
219,14,a73ebc78-1f89-4af8-8f67-2e35de947d16,4a30e300-583d-47dc-bfb8-b0268c888710
1475,13,e211347f-4b04-4765-a230-295f366390d1,d4136ce2-345a-4011-beaa-456eda820556
1474,13,cf802366-d886-45a5-bd49-2566521a4bbe,cfa01ea5-1be6-40fc-b8f0-96c1a866c7e0
1473,13,a53ebbd1-0f08-4bf6-aeaa-90067a3b1312,475f62e3-13dd-48a4-a01c-508cb306d7ca
1491,13,43700827-e657-4937-ae69-c333b70d3756,402bf733-9d89-4602-b9ee-6e530d1b2836
1472,13,6adc2c82-61b3-41b4-89ca-62862bfe9b9f,078c2195-93b7-4811-b103-ea857710faf7
1471,13,37a18000-2d1f-41db-afe6-6545f817bcb7,758dab69-cb35-477f-86c0-ed52606e335b
230,13,dab7d824-81ec-49ba-911a-b3d081469a84,402bf733-9d89-4602-b9ee-6e530d1b2836
1470,13,9de35b9b-704e-4cf3-b580-fff54b9ede15,76c9ed80-50ea-41fb-9e17-c488430fd00f
1469,13,ecd7fb7a-570b-4466-b0ea-8d4b60016036,9ba5be4d-a4db-4145-80cc-9c006d68a219
1468,13,d176bc00-f198-4250-b9d7-5193f621fd60,6c9aba0e-c280-4663-bde0-a8d4bcc41bf7
1489,13,6325743f-ad5d-4c24-aca3-6262a70d78d7,e808c21d-338f-411a-838f-be0ce95700b5
47,13,80c6de8f-a5f2-4897-9ca8-593d8a126590,76c9ed80-50ea-41fb-9e17-c488430fd00f
1467,13,68f29968-0830-437d-a249-ba47ac22b0b4,8b47109e-5f73-4edc-8668-9c4f738684c6
803,13,4507d98e-44d1-40ea-8733-8047738b9a7a,a85c510d-76d1-4c75-9b81-7ae13a36dd30
1492,13,181726f7-b361-4d04-8235-15729283791d,05e06b15-ceb0-4623-a9c9-98ad6ec4ef49
1493,13,55fe5714-b786-4cda-83f2-44afeb341a92,402bf733-9d89-4602-b9ee-6e530d1b2836
1494,13,a74cb76b-da08-4412-817f-3240e52c5dde,bfcf5b70-01f3-49f2-9f68-6ce27a9d4491
1495,13,aebd4757-08dc-4ca0-be33-aa85171de59d,d8c3ac85-6e38-4ec9-baa6-a037b9b16d18
1496,13,063b5195-7e46-4b16-a45c-25393fb8675f,402bf733-9d89-4602-b9ee-6e530d1b2836
1488,13,aff43790-897a-49b4-a4c6-f3506a6c4858,cfa01ea5-1be6-40fc-b8f0-96c1a866c7e0
1497,13,52e4975a-0d6d-4bb0-91a3-862f8e113091,e1c9ec4f-63c6-40bc-b9ab-de70189bd83a
1498,13,afcb9669-1336-48ff-ad58-a7446b8b09f0,e886b84a-8504-4387-866b-560f26ed847e
1499,13,13b71402-f2cb-4aa3-9b17-639652e87ca8,d8c3ac85-6e38-4ec9-baa6-a037b9b16d18
1482,13,c9f100c2-e502-4a61-94d5-87ae0f4d3646,e808c21d-338f-411a-838f-be0ce95700b5
2201,13,c46778bd-7352-44cd-91fe-010102bb8aa0,76c9ed80-50ea-41fb-9e17-c488430fd00f
1500,13,c5b93d11-92e0-46cd-8616-427edce159d2,d8c3ac85-6e38-4ec9-baa6-a037b9b16d18
252,13,bdd706f0-b987-446b-b650-78d9d86f00b2,23f6e865-3668-4fa2-9aa9-92bbf9781f10
1477,13,428a1d93-e1a5-407b-90a4-9bb2b85e39ec,9ba5be4d-a4db-4145-80cc-9c006d68a219
1476,13,da5cb52c-1e0a-4c22-ab96-e05c210c0e60,555161bf-13d6-4909-b2d5-6c87d584de24
1480,13,86c00a32-6dca-4d77-bddb-75c36d0ec0ca,e8a1d904-f327-4274-8215-8f080e4aa90c
313,13,b8495e18-9a18-4e8f-8b88-85db6e74ec22,e9bb1c0d-d4c7-4be7-be51-e3f8328be466
184,10,e2069dd1-ba2f-45fa-b2b7-9052a16f74cc,e1c9ec4f-63c6-40bc-b9ab-de70189bd83a
479,14,855aa42c-15e8-4b99-be89-3986ccb8254c,9ba5be4d-a4db-4145-80cc-9c006d68a219
1501,13,8054183f-794a-4914-a8cb-a379bb9f1040,11a33e3a-d00e-489d-9e15-a33c3b93b0b8
145,13,91f97996-69a3-43b8-bdfc-20895502415f,d8c3ac85-6e38-4ec9-baa6-a037b9b16d18
1502,13,65364bdd-6a19-404a-9a87-c1aa123017d3,0e94fdda-aba0-468e-87c6-f8943010c7f1
1503,13,ac1149e1-6679-4466-a445-1f6dd0ecd883,f7b38a8f-3117-49a5-89b2-a66930c7ca4b
198,13,96059067-e0dd-4d80-b2bf-60ec9378609d,1ca1fc54-e093-4328-ae77-6d6726270bad
1504,13,6ad99ded-e693-4660-a1c5-86ead53a9bcf,d8c3ac85-6e38-4ec9-baa6-a037b9b16d18
1505,13,59c24c09-5ecd-44c8-a324-5a7da62c634b,ff3b7502-07f2-4652-95bd-692557553cdb
1527,14,6ad99ded-e693-4660-a1c5-86ead53a9bcf,76c9ed80-50ea-41fb-9e17-c488430fd00f
133,14,2fd43ecd-9910-48f4-bf08-f07a4445cdf2,05e06b15-ceb0-4623-a9c9-98ad6ec4ef49
1538,14,cf802366-d886-45a5-bd49-2566521a4bbe,76c9ed80-50ea-41fb-9e17-c488430fd00f
1537,14,c5b93d11-92e0-46cd-8616-427edce159d2,cfa01ea5-1be6-40fc-b8f0-96c1a866c7e0
1536,14,a74cb76b-da08-4412-817f-3240e52c5dde,814c5e15-5889-43e9-8ff2-f1317204c827
1535,14,e8b6fe34-d598-4d53-86d0-288bc004c3e7,e808c21d-338f-411a-838f-be0ce95700b5
1507,14,063b5195-7e46-4b16-a45c-25393fb8675f,9ba5be4d-a4db-4145-80cc-9c006d68a219
1508,14,ecd7fb7a-570b-4466-b0ea-8d4b60016036,a85c510d-76d1-4c75-9b81-7ae13a36dd30
1509,14,c9f100c2-e502-4a61-94d5-87ae0f4d3646,a85c510d-76d1-4c75-9b81-7ae13a36dd30
1510,14,ac1149e1-6679-4466-a445-1f6dd0ecd883,475f62e3-13dd-48a4-a01c-508cb306d7ca
1511,14,37a18000-2d1f-41db-afe6-6545f817bcb7,948d2160-3c88-4045-89f4-7b5bb11198c5
1512,14,54da66af-5ce4-4975-8560-258824988821,0691c3a9-a02f-4de3-9a1c-965782ddbef9
1513,14,6adc2c82-61b3-41b4-89ca-62862bfe9b9f,c3303537-97d2-4aa3-b598-a7de40814d85
1514,14,52e4975a-0d6d-4bb0-91a3-862f8e113091,758dab69-cb35-477f-86c0-ed52606e335b
1515,14,639f0d69-543d-477f-be0f-764e9a5f08a3,7e6ed025-dbdb-446a-b6de-6ea964042972
199,14,96059067-e0dd-4d80-b2bf-60ec9378609d,62d9ee10-eb34-4270-9da6-a7025828f286
1516,14,80c6de8f-a5f2-4897-9ca8-593d8a126590,402bf733-9d89-4602-b9ee-6e530d1b2836
1517,14,68f29968-0830-437d-a249-ba47ac22b0b4,0e94fdda-aba0-468e-87c6-f8943010c7f1
2202,14,c46778bd-7352-44cd-91fe-010102bb8aa0,402bf733-9d89-4602-b9ee-6e530d1b2836
1518,14,aff43790-897a-49b4-a4c6-f3506a6c4858,8fc506b2-4e32-4ee3-88b9-8ace51d980e3
1519,14,b8495e18-9a18-4e8f-8b88-85db6e74ec22,1dacbe62-8d60-4a7e-a1d8-ea0feba270b0
1520,14,43700827-e657-4937-ae69-c333b70d3756,a85c510d-76d1-4c75-9b81-7ae13a36dd30
1521,14,e57951e6-9761-421e-b482-aebfd2804c81,475f62e3-13dd-48a4-a01c-508cb306d7ca
1522,14,59c24c09-5ecd-44c8-a324-5a7da62c634b,25f0a6a8-ec49-4827-8d6f-b4524c237475
1523,14,d176bc00-f198-4250-b9d7-5193f621fd60,24ce2de6-0be7-448f-b5cd-b7f5b21a056c
1524,14,428a1d93-e1a5-407b-90a4-9bb2b85e39ec,a85c510d-76d1-4c75-9b81-7ae13a36dd30
1525,14,e2ca7d39-4fae-4ced-9dc2-b2593241b407,402bf733-9d89-4602-b9ee-6e530d1b2836
1526,14,181726f7-b361-4d04-8235-15729283791d,475f62e3-13dd-48a4-a01c-508cb306d7ca
43,14,aebd4757-08dc-4ca0-be33-aa85171de59d,ff3b7502-07f2-4652-95bd-692557553cdb
1534,14,65364bdd-6a19-404a-9a87-c1aa123017d3,ff3b7502-07f2-4652-95bd-692557553cdb
137,14,8054183f-794a-4914-a8cb-a379bb9f1040,e8a1d904-f327-4274-8215-8f080e4aa90c
810,14,4507d98e-44d1-40ea-8733-8047738b9a7a,ff3b7502-07f2-4652-95bd-692557553cdb
821,14,13b71402-f2cb-4aa3-9b17-639652e87ca8,cfa01ea5-1be6-40fc-b8f0-96c1a866c7e0
157,14,86c00a32-6dca-4d77-bddb-75c36d0ec0ca,9b446b08-fd9d-4ea7-94d3-2a0b3328f121
829,14,7bd65217-fdbe-4945-a657-496a494fff48,76c9ed80-50ea-41fb-9e17-c488430fd00f
152,14,91f97996-69a3-43b8-bdfc-20895502415f,0691c3a9-a02f-4de3-9a1c-965782ddbef9
480,15,855aa42c-15e8-4b99-be89-3986ccb8254c,a85c510d-76d1-4c75-9b81-7ae13a36dd30
220,15,a73ebc78-1f89-4af8-8f67-2e35de947d16,4ed73ccc-e12a-4009-aa2c-e40ea4c0c84a
265,14,82f57fc4-357f-49d3-af4b-e8bfb0a35210,cebf9575-00b1-45bd-a386-fcbef4f589f3
832,14,13659e76-e911-41da-bf99-30eb7b05defc,402bf733-9d89-4602-b9ee-6e530d1b2836
225,14,dab7d824-81ec-49ba-911a-b3d081469a84,a85c510d-76d1-4c75-9b81-7ae13a36dd30
350,14,da5cb52c-1e0a-4c22-ab96-e05c210c0e60,841774c2-77c6-4111-af03-b5c2ac3d8bba
1533,14,55fe5714-b786-4cda-83f2-44afeb341a92,a85c510d-76d1-4c75-9b81-7ae13a36dd30
253,14,bdd706f0-b987-446b-b650-78d9d86f00b2,8a197010-e950-47eb-a917-1e549d5411c1
1532,14,9de35b9b-704e-4cf3-b580-fff54b9ede15,402bf733-9d89-4602-b9ee-6e530d1b2836
1531,14,dda4b683-307d-4145-b75c-59f61c442484,ff3b7502-07f2-4652-95bd-692557553cdb
1530,14,52d61c70-77fd-4c4a-aae8-f4e24dde6de8,6ec2b9b4-0793-4c08-91c1-2bb2dce44a7a
1529,14,3f058476-5010-48f4-9bd9-e27648d2ecea,76c9ed80-50ea-41fb-9e17-c488430fd00f
1528,14,6325743f-ad5d-4c24-aca3-6262a70d78d7,a85c510d-76d1-4c75-9b81-7ae13a36dd30
1557,15,59c24c09-5ecd-44c8-a324-5a7da62c634b,85ebe5aa-8a3b-4c91-b2a6-78ca6d3aab90
1556,15,4507d98e-44d1-40ea-8733-8047738b9a7a,05e06b15-ceb0-4623-a9c9-98ad6ec4ef49
1555,15,6adc2c82-61b3-41b4-89ca-62862bfe9b9f,1dacbe62-8d60-4a7e-a1d8-ea0feba270b0
1554,15,c5b93d11-92e0-46cd-8616-427edce159d2,76c9ed80-50ea-41fb-9e17-c488430fd00f
32,15,55fe5714-b786-4cda-83f2-44afeb341a92,ff3b7502-07f2-4652-95bd-692557553cdb
1553,15,43700827-e657-4937-ae69-c333b70d3756,0e94fdda-aba0-468e-87c6-f8943010c7f1
1552,15,80c6de8f-a5f2-4897-9ca8-593d8a126590,a85c510d-76d1-4c75-9b81-7ae13a36dd30
1551,15,e2ca7d39-4fae-4ced-9dc2-b2593241b407,e808c21d-338f-411a-838f-be0ce95700b5
1550,15,dda4b683-307d-4145-b75c-59f61c442484,f7b38a8f-3117-49a5-89b2-a66930c7ca4b
1549,15,e8b6fe34-d598-4d53-86d0-288bc004c3e7,a85c510d-76d1-4c75-9b81-7ae13a36dd30
1548,15,c9f100c2-e502-4a61-94d5-87ae0f4d3646,0e94fdda-aba0-468e-87c6-f8943010c7f1
1547,15,cf802366-d886-45a5-bd49-2566521a4bbe,402bf733-9d89-4602-b9ee-6e530d1b2836
136,15,8054183f-794a-4914-a8cb-a379bb9f1040,9b446b08-fd9d-4ea7-94d3-2a0b3328f121
2203,15,c46778bd-7352-44cd-91fe-010102bb8aa0,9ba5be4d-a4db-4145-80cc-9c006d68a219
1539,15,3f058476-5010-48f4-9bd9-e27648d2ecea,402bf733-9d89-4602-b9ee-6e530d1b2836
1544,15,65364bdd-6a19-404a-9a87-c1aa123017d3,475f62e3-13dd-48a4-a01c-508cb306d7ca
243,15,bdd706f0-b987-446b-b650-78d9d86f00b2,416ec91f-b16f-4a11-8ee5-151133b9dabb
1540,15,e57951e6-9761-421e-b482-aebfd2804c81,27c3e41e-8134-42d2-92f3-b444682fc369
312,15,b8495e18-9a18-4e8f-8b88-85db6e74ec22,cebf9575-00b1-45bd-a386-fcbef4f589f3
1542,15,9de35b9b-704e-4cf3-b580-fff54b9ede15,a85c510d-76d1-4c75-9b81-7ae13a36dd30
1543,15,aff43790-897a-49b4-a4c6-f3506a6c4858,402bf733-9d89-4602-b9ee-6e530d1b2836
1546,15,37a18000-2d1f-41db-afe6-6545f817bcb7,cfa01ea5-1be6-40fc-b8f0-96c1a866c7e0
481,16,855aa42c-15e8-4b99-be89-3986ccb8254c,27c3e41e-8134-42d2-92f3-b444682fc369
1563,15,2fd43ecd-9910-48f4-bf08-f07a4445cdf2,f180354f-b0ad-49db-bdd9-4304733943f2
146,15,91f97996-69a3-43b8-bdfc-20895502415f,cfa01ea5-1be6-40fc-b8f0-96c1a866c7e0
1564,15,68f29968-0830-437d-a249-ba47ac22b0b4,555161bf-13d6-4909-b2d5-6c87d584de24
1565,15,52e4975a-0d6d-4bb0-91a3-862f8e113091,6e1dbfec-913f-4d9b-9a3f-e8a2b7f82540
1566,15,639f0d69-543d-477f-be0f-764e9a5f08a3,f180354f-b0ad-49db-bdd9-4304733943f2
1567,15,6ad99ded-e693-4660-a1c5-86ead53a9bcf,402bf733-9d89-4602-b9ee-6e530d1b2836
1568,15,a74cb76b-da08-4412-817f-3240e52c5dde,d4136ce2-345a-4011-beaa-456eda820556
1562,15,54da66af-5ce4-4975-8560-258824988821,cfa01ea5-1be6-40fc-b8f0-96c1a866c7e0
836,15,7bd65217-fdbe-4945-a657-496a494fff48,402bf733-9d89-4602-b9ee-6e530d1b2836
1541,15,da5cb52c-1e0a-4c22-ab96-e05c210c0e60,d4136ce2-345a-4011-beaa-456eda820556
834,15,82f57fc4-357f-49d3-af4b-e8bfb0a35210,e1c9ec4f-63c6-40bc-b9ab-de70189bd83a
833,15,13659e76-e911-41da-bf99-30eb7b05defc,e808c21d-338f-411a-838f-be0ce95700b5
1561,15,428a1d93-e1a5-407b-90a4-9bb2b85e39ec,0e94fdda-aba0-468e-87c6-f8943010c7f1
1560,15,6325743f-ad5d-4c24-aca3-6262a70d78d7,0e94fdda-aba0-468e-87c6-f8943010c7f1
1545,15,d176bc00-f198-4250-b9d7-5193f621fd60,ff3b7502-07f2-4652-95bd-692557553cdb
227,15,dab7d824-81ec-49ba-911a-b3d081469a84,8b47109e-5f73-4edc-8668-9c4f738684c6
1559,15,aebd4757-08dc-4ca0-be33-aa85171de59d,7e6ed025-dbdb-446a-b6de-6ea964042972
221,16,a73ebc78-1f89-4af8-8f67-2e35de947d16,e9bb1c0d-d4c7-4be7-be51-e3f8328be466
111,15,13b71402-f2cb-4aa3-9b17-639652e87ca8,76c9ed80-50ea-41fb-9e17-c488430fd00f
1558,15,063b5195-7e46-4b16-a45c-25393fb8675f,e808c21d-338f-411a-838f-be0ce95700b5
1588,16,6325743f-ad5d-4c24-aca3-6262a70d78d7,24ce2de6-0be7-448f-b5cd-b7f5b21a056c
2204,16,c46778bd-7352-44cd-91fe-010102bb8aa0,a85c510d-76d1-4c75-9b81-7ae13a36dd30
30,16,91f97996-69a3-43b8-bdfc-20895502415f,76c9ed80-50ea-41fb-9e17-c488430fd00f
319,16,b8495e18-9a18-4e8f-8b88-85db6e74ec22,e1c9ec4f-63c6-40bc-b9ab-de70189bd83a
839,16,7bd65217-fdbe-4945-a657-496a494fff48,9ba5be4d-a4db-4145-80cc-9c006d68a219
838,16,13659e76-e911-41da-bf99-30eb7b05defc,a85c510d-76d1-4c75-9b81-7ae13a36dd30
837,16,82f57fc4-357f-49d3-af4b-e8bfb0a35210,758dab69-cb35-477f-86c0-ed52606e335b
222,17,a73ebc78-1f89-4af8-8f67-2e35de947d16,a85c510d-76d1-4c75-9b81-7ae13a36dd30
482,17,855aa42c-15e8-4b99-be89-3986ccb8254c,6ec2b9b4-0793-4c08-91c1-2bb2dce44a7a
828,16,13b71402-f2cb-4aa3-9b17-639652e87ca8,402bf733-9d89-4602-b9ee-6e530d1b2836
815,16,4507d98e-44d1-40ea-8733-8047738b9a7a,25f0a6a8-ec49-4827-8d6f-b4524c237475
1596,16,6ad99ded-e693-4660-a1c5-86ead53a9bcf,a85c510d-76d1-4c75-9b81-7ae13a36dd30
1595,16,9de35b9b-704e-4cf3-b580-fff54b9ede15,5ec2f6e7-b28e-4a24-952c-0f24f6bce1b4
1594,16,55fe5714-b786-4cda-83f2-44afeb341a92,7e6ed025-dbdb-446a-b6de-6ea964042972
1593,16,e57951e6-9761-421e-b482-aebfd2804c81,9b446b08-fd9d-4ea7-94d3-2a0b3328f121
1592,16,3f058476-5010-48f4-9bd9-e27648d2ecea,9ba5be4d-a4db-4145-80cc-9c006d68a219
1591,16,aff43790-897a-49b4-a4c6-f3506a6c4858,9ba5be4d-a4db-4145-80cc-9c006d68a219
1590,16,dab7d824-81ec-49ba-911a-b3d081469a84,ff3b7502-07f2-4652-95bd-692557553cdb
1589,16,a74cb76b-da08-4412-817f-3240e52c5dde,ff3b7502-07f2-4652-95bd-692557553cdb
1587,16,cf802366-d886-45a5-bd49-2566521a4bbe,e808c21d-338f-411a-838f-be0ce95700b5
1586,16,428a1d93-e1a5-407b-90a4-9bb2b85e39ec,5ec2f6e7-b28e-4a24-952c-0f24f6bce1b4
1585,16,e2ca7d39-4fae-4ced-9dc2-b2593241b407,a85c510d-76d1-4c75-9b81-7ae13a36dd30
1584,16,639f0d69-543d-477f-be0f-764e9a5f08a3,f64b3118-cc05-4dca-a3c9-1c16079d6b91
1583,16,aebd4757-08dc-4ca0-be33-aa85171de59d,05e06b15-ceb0-4623-a9c9-98ad6ec4ef49
1582,16,dda4b683-307d-4145-b75c-59f61c442484,e886b84a-8504-4387-866b-560f26ed847e
1581,16,c9f100c2-e502-4a61-94d5-87ae0f4d3646,5ec2f6e7-b28e-4a24-952c-0f24f6bce1b4
1580,16,37a18000-2d1f-41db-afe6-6545f817bcb7,91de6864-bad3-4365-ac0f-c9c5c89661f9
1579,16,063b5195-7e46-4b16-a45c-25393fb8675f,a85c510d-76d1-4c75-9b81-7ae13a36dd30
1578,16,54da66af-5ce4-4975-8560-258824988821,8fc506b2-4e32-4ee3-88b9-8ace51d980e3
1577,16,c5b93d11-92e0-46cd-8616-427edce159d2,402bf733-9d89-4602-b9ee-6e530d1b2836
1576,16,6adc2c82-61b3-41b4-89ca-62862bfe9b9f,29cb514d-8259-4df4-833f-4e6631cd65e1
1575,16,68f29968-0830-437d-a249-ba47ac22b0b4,2f488d8c-dd92-4deb-bad8-7377d1d12b48
1574,16,52e4975a-0d6d-4bb0-91a3-862f8e113091,d8c3ac85-6e38-4ec9-baa6-a037b9b16d18
1573,16,2fd43ecd-9910-48f4-bf08-f07a4445cdf2,1ca1fc54-e093-4328-ae77-6d6726270bad
1572,16,43700827-e657-4937-ae69-c333b70d3756,5ec2f6e7-b28e-4a24-952c-0f24f6bce1b4
1571,16,59c24c09-5ecd-44c8-a324-5a7da62c634b,475f62e3-13dd-48a4-a01c-508cb306d7ca
1570,16,d176bc00-f198-4250-b9d7-5193f621fd60,f180354f-b0ad-49db-bdd9-4304733943f2
1569,16,80c6de8f-a5f2-4897-9ca8-593d8a126590,8b47109e-5f73-4edc-8668-9c4f738684c6
237,16,bdd706f0-b987-446b-b650-78d9d86f00b2,d8c3ac85-6e38-4ec9-baa6-a037b9b16d18
1612,17,428a1d93-e1a5-407b-90a4-9bb2b85e39ec,29cb514d-8259-4df4-833f-4e6631cd65e1
1611,17,063b5195-7e46-4b16-a45c-25393fb8675f,0e94fdda-aba0-468e-87c6-f8943010c7f1
1597,17,37a18000-2d1f-41db-afe6-6545f817bcb7,162d0da5-6fac-433b-b4dd-22a721788975
1610,17,aff43790-897a-49b4-a4c6-f3506a6c4858,a85c510d-76d1-4c75-9b81-7ae13a36dd30
842,17,13659e76-e911-41da-bf99-30eb7b05defc,5ec2f6e7-b28e-4a24-952c-0f24f6bce1b4
1609,17,e2ca7d39-4fae-4ced-9dc2-b2593241b407,8b47109e-5f73-4edc-8668-9c4f738684c6
1608,17,a74cb76b-da08-4412-817f-3240e52c5dde,f7b38a8f-3117-49a5-89b2-a66930c7ca4b
830,17,13b71402-f2cb-4aa3-9b17-639652e87ca8,a85c510d-76d1-4c75-9b81-7ae13a36dd30
1607,17,80c6de8f-a5f2-4897-9ca8-593d8a126590,29cb514d-8259-4df4-833f-4e6631cd65e1
1606,17,c5b93d11-92e0-46cd-8616-427edce159d2,a85c510d-76d1-4c75-9b81-7ae13a36dd30
1605,17,6ad99ded-e693-4660-a1c5-86ead53a9bcf,27c3e41e-8134-42d2-92f3-b444682fc369
1598,17,aebd4757-08dc-4ca0-be33-aa85171de59d,25f0a6a8-ec49-4827-8d6f-b4524c237475
1604,17,55fe5714-b786-4cda-83f2-44afeb341a92,05e06b15-ceb0-4623-a9c9-98ad6ec4ef49
820,17,4507d98e-44d1-40ea-8733-8047738b9a7a,1ca1fc54-e093-4328-ae77-6d6726270bad
1603,17,d176bc00-f198-4250-b9d7-5193f621fd60,f7b38a8f-3117-49a5-89b2-a66930c7ca4b
1599,17,cf802366-d886-45a5-bd49-2566521a4bbe,a85c510d-76d1-4c75-9b81-7ae13a36dd30
223,18,a73ebc78-1f89-4af8-8f67-2e35de947d16,9852ca3f-b8fc-4665-a990-465072ec4379
16,17,68f29968-0830-437d-a249-ba47ac22b0b4,8dc2735d-5b15-441c-99a3-5138ed6fcf8d
270,17,82f57fc4-357f-49d3-af4b-e8bfb0a35210,23f6e865-3668-4fa2-9aa9-92bbf9781f10
1616,17,dab7d824-81ec-49ba-911a-b3d081469a84,7e6ed025-dbdb-446a-b6de-6ea964042972
1602,17,9de35b9b-704e-4cf3-b580-fff54b9ede15,24ce2de6-0be7-448f-b5cd-b7f5b21a056c
244,17,bdd706f0-b987-446b-b650-78d9d86f00b2,0691c3a9-a02f-4de3-9a1c-965782ddbef9
1601,17,54da66af-5ce4-4975-8560-258824988821,76c9ed80-50ea-41fb-9e17-c488430fd00f
841,17,7bd65217-fdbe-4945-a657-496a494fff48,a85c510d-76d1-4c75-9b81-7ae13a36dd30
1615,17,639f0d69-543d-477f-be0f-764e9a5f08a3,475f62e3-13dd-48a4-a01c-508cb306d7ca
1614,17,3f058476-5010-48f4-9bd9-e27648d2ecea,a85c510d-76d1-4c75-9b81-7ae13a36dd30
1600,17,52e4975a-0d6d-4bb0-91a3-862f8e113091,cfa01ea5-1be6-40fc-b8f0-96c1a866c7e0
1613,17,c9f100c2-e502-4a61-94d5-87ae0f4d3646,24ce2de6-0be7-448f-b5cd-b7f5b21a056c
302,17,b8495e18-9a18-4e8f-8b88-85db6e74ec22,758dab69-cb35-477f-86c0-ed52606e335b
148,17,91f97996-69a3-43b8-bdfc-20895502415f,402bf733-9d89-4602-b9ee-6e530d1b2836
2205,17,c46778bd-7352-44cd-91fe-010102bb8aa0,ff3b7502-07f2-4652-95bd-692557553cdb
1630,18,aff43790-897a-49b4-a4c6-f3506a6c4858,8b47109e-5f73-4edc-8668-9c4f738684c6
1625,18,3f058476-5010-48f4-9bd9-e27648d2ecea,8b47109e-5f73-4edc-8668-9c4f738684c6
1624,18,c5b93d11-92e0-46cd-8616-427edce159d2,8b47109e-5f73-4edc-8668-9c4f738684c6
1627,18,91f97996-69a3-43b8-bdfc-20895502415f,9ba5be4d-a4db-4145-80cc-9c006d68a219
1623,18,063b5195-7e46-4b16-a45c-25393fb8675f,5ec2f6e7-b28e-4a24-952c-0f24f6bce1b4
261,18,82f57fc4-357f-49d3-af4b-e8bfb0a35210,7a337ffc-8338-4601-b136-33d929292a8d
846,18,7bd65217-fdbe-4945-a657-496a494fff48,5ec2f6e7-b28e-4a24-952c-0f24f6bce1b4
845,18,13659e76-e911-41da-bf99-30eb7b05defc,0e94fdda-aba0-468e-87c6-f8943010c7f1
2206,18,c46778bd-7352-44cd-91fe-010102bb8aa0,05e06b15-ceb0-4623-a9c9-98ad6ec4ef49
224,19,a73ebc78-1f89-4af8-8f67-2e35de947d16,6e1dbfec-913f-4d9b-9a3f-e8a2b7f82540
1621,18,aebd4757-08dc-4ca0-be33-aa85171de59d,f180354f-b0ad-49db-bdd9-4304733943f2
1620,18,80c6de8f-a5f2-4897-9ca8-593d8a126590,555161bf-13d6-4909-b2d5-6c87d584de24
1631,18,6ad99ded-e693-4660-a1c5-86ead53a9bcf,6ec2b9b4-0793-4c08-91c1-2bb2dce44a7a
1619,18,dab7d824-81ec-49ba-911a-b3d081469a84,05e06b15-ceb0-4623-a9c9-98ad6ec4ef49
1618,18,37a18000-2d1f-41db-afe6-6545f817bcb7,76c9ed80-50ea-41fb-9e17-c488430fd00f
1617,18,cf802366-d886-45a5-bd49-2566521a4bbe,6c9aba0e-c280-4663-bde0-a8d4bcc41bf7
1632,18,639f0d69-543d-477f-be0f-764e9a5f08a3,27c3e41e-8134-42d2-92f3-b444682fc369
1633,18,52e4975a-0d6d-4bb0-91a3-862f8e113091,76c9ed80-50ea-41fb-9e17-c488430fd00f
153,18,55fe5714-b786-4cda-83f2-44afeb341a92,f180354f-b0ad-49db-bdd9-4304733943f2
1634,18,54da66af-5ce4-4975-8560-258824988821,402bf733-9d89-4602-b9ee-6e530d1b2836
835,18,13b71402-f2cb-4aa3-9b17-639652e87ca8,8b47109e-5f73-4edc-8668-9c4f738684c6
1622,18,428a1d93-e1a5-407b-90a4-9bb2b85e39ec,24ce2de6-0be7-448f-b5cd-b7f5b21a056c
1628,18,4507d98e-44d1-40ea-8733-8047738b9a7a,f7b38a8f-3117-49a5-89b2-a66930c7ca4b
81,18,9de35b9b-704e-4cf3-b580-fff54b9ede15,ff3b7502-07f2-4652-95bd-692557553cdb
18,18,68f29968-0830-437d-a249-ba47ac22b0b4,91828430-8646-47d7-8098-0a9724e26c23
1626,18,a74cb76b-da08-4412-817f-3240e52c5dde,e886b84a-8504-4387-866b-560f26ed847e
1635,18,b8495e18-9a18-4e8f-8b88-85db6e74ec22,6e1dbfec-913f-4d9b-9a3f-e8a2b7f82540
1636,18,c9f100c2-e502-4a61-94d5-87ae0f4d3646,ff3b7502-07f2-4652-95bd-692557553cdb
1637,18,d176bc00-f198-4250-b9d7-5193f621fd60,62d9ee10-eb34-4270-9da6-a7025828f286
235,18,bdd706f0-b987-446b-b650-78d9d86f00b2,cfa01ea5-1be6-40fc-b8f0-96c1a866c7e0
1629,18,e2ca7d39-4fae-4ced-9dc2-b2593241b407,5ec2f6e7-b28e-4a24-952c-0f24f6bce1b4
1649,19,cf802366-d886-45a5-bd49-2566521a4bbe,5ec2f6e7-b28e-4a24-952c-0f24f6bce1b4
1655,19,9de35b9b-704e-4cf3-b580-fff54b9ede15,1ca1fc54-e093-4328-ae77-6d6726270bad
1654,19,37a18000-2d1f-41db-afe6-6545f817bcb7,402bf733-9d89-4602-b9ee-6e530d1b2836
1653,19,52e4975a-0d6d-4bb0-91a3-862f8e113091,402bf733-9d89-4602-b9ee-6e530d1b2836
1652,19,063b5195-7e46-4b16-a45c-25393fb8675f,27c3e41e-8134-42d2-92f3-b444682fc369
1651,19,55fe5714-b786-4cda-83f2-44afeb341a92,62d9ee10-eb34-4270-9da6-a7025828f286
1650,19,639f0d69-543d-477f-be0f-764e9a5f08a3,6ec2b9b4-0793-4c08-91c1-2bb2dce44a7a
1648,19,3f058476-5010-48f4-9bd9-e27648d2ecea,0e94fdda-aba0-468e-87c6-f8943010c7f1
1647,19,c5b93d11-92e0-46cd-8616-427edce159d2,5ec2f6e7-b28e-4a24-952c-0f24f6bce1b4
1646,19,e2ca7d39-4fae-4ced-9dc2-b2593241b407,555161bf-13d6-4909-b2d5-6c87d584de24
1645,19,68f29968-0830-437d-a249-ba47ac22b0b4,967e8bdb-795d-4f4e-806a-c0eaad2ff22c
1644,19,80c6de8f-a5f2-4897-9ca8-593d8a126590,2f488d8c-dd92-4deb-bad8-7377d1d12b48
1643,19,aebd4757-08dc-4ca0-be33-aa85171de59d,f64b3118-cc05-4dca-a3c9-1c16079d6b91
271,19,82f57fc4-357f-49d3-af4b-e8bfb0a35210,8a197010-e950-47eb-a917-1e549d5411c1
317,19,b8495e18-9a18-4e8f-8b88-85db6e74ec22,23f6e865-3668-4fa2-9aa9-92bbf9781f10
847,19,7bd65217-fdbe-4945-a657-496a494fff48,29cb514d-8259-4df4-833f-4e6631cd65e1
1642,19,c9f100c2-e502-4a61-94d5-87ae0f4d3646,7e6ed025-dbdb-446a-b6de-6ea964042972
848,19,13659e76-e911-41da-bf99-30eb7b05defc,24ce2de6-0be7-448f-b5cd-b7f5b21a056c
1641,19,a74cb76b-da08-4412-817f-3240e52c5dde,475f62e3-13dd-48a4-a01c-508cb306d7ca
1640,19,aff43790-897a-49b4-a4c6-f3506a6c4858,0e94fdda-aba0-468e-87c6-f8943010c7f1
1639,19,54da66af-5ce4-4975-8560-258824988821,e808c21d-338f-411a-838f-be0ce95700b5
840,19,13b71402-f2cb-4aa3-9b17-639652e87ca8,0e94fdda-aba0-468e-87c6-f8943010c7f1
1638,19,428a1d93-e1a5-407b-90a4-9bb2b85e39ec,27c3e41e-8134-42d2-92f3-b444682fc369
2207,19,c46778bd-7352-44cd-91fe-010102bb8aa0,1ca1fc54-e093-4328-ae77-6d6726270bad
142,19,91f97996-69a3-43b8-bdfc-20895502415f,a85c510d-76d1-4c75-9b81-7ae13a36dd30
242,19,bdd706f0-b987-446b-b650-78d9d86f00b2,91de6864-bad3-4365-ac0f-c9c5c89661f9
822,19,4507d98e-44d1-40ea-8733-8047738b9a7a,f64b3118-cc05-4dca-a3c9-1c16079d6b91
260,20,82f57fc4-357f-49d3-af4b-e8bfb0a35210,416ec91f-b16f-4a11-8ee5-151133b9dabb
849,20,7bd65217-fdbe-4945-a657-496a494fff48,ff3b7502-07f2-4652-95bd-692557553cdb
850,20,13659e76-e911-41da-bf99-30eb7b05defc,9ba5be4d-a4db-4145-80cc-9c006d68a219
2208,20,c46778bd-7352-44cd-91fe-010102bb8aa0,475f62e3-13dd-48a4-a01c-508cb306d7ca
1662,20,c5b93d11-92e0-46cd-8616-427edce159d2,29cb514d-8259-4df4-833f-4e6631cd65e1
1663,20,52e4975a-0d6d-4bb0-91a3-862f8e113091,9ba5be4d-a4db-4145-80cc-9c006d68a219
1664,20,063b5195-7e46-4b16-a45c-25393fb8675f,6ec2b9b4-0793-4c08-91c1-2bb2dce44a7a
1665,20,54da66af-5ce4-4975-8560-258824988821,a85c510d-76d1-4c75-9b81-7ae13a36dd30
1659,20,bdd706f0-b987-446b-b650-78d9d86f00b2,8fc506b2-4e32-4ee3-88b9-8ace51d980e3
1660,20,aff43790-897a-49b4-a4c6-f3506a6c4858,29cb514d-8259-4df4-833f-4e6631cd65e1
1672,20,9de35b9b-704e-4cf3-b580-fff54b9ede15,05e06b15-ceb0-4623-a9c9-98ad6ec4ef49
1671,20,428a1d93-e1a5-407b-90a4-9bb2b85e39ec,a52b9772-b059-4c7f-9102-c50ccd0864fd
826,20,4507d98e-44d1-40ea-8733-8047738b9a7a,475f62e3-13dd-48a4-a01c-508cb306d7ca
1670,20,c9f100c2-e502-4a61-94d5-87ae0f4d3646,05e06b15-ceb0-4623-a9c9-98ad6ec4ef49
1669,20,cf802366-d886-45a5-bd49-2566521a4bbe,29cb514d-8259-4df4-833f-4e6631cd65e1
1668,20,80c6de8f-a5f2-4897-9ca8-593d8a126590,841774c2-77c6-4111-af03-b5c2ac3d8bba
1667,20,aebd4757-08dc-4ca0-be33-aa85171de59d,475f62e3-13dd-48a4-a01c-508cb306d7ca
1666,20,b8495e18-9a18-4e8f-8b88-85db6e74ec22,948d2160-3c88-4045-89f4-7b5bb11198c5
843,20,13b71402-f2cb-4aa3-9b17-639652e87ca8,ff3b7502-07f2-4652-95bd-692557553cdb
1656,20,37a18000-2d1f-41db-afe6-6545f817bcb7,0e94fdda-aba0-468e-87c6-f8943010c7f1
1657,20,e2ca7d39-4fae-4ced-9dc2-b2593241b407,2f488d8c-dd92-4deb-bad8-7377d1d12b48
1661,20,91f97996-69a3-43b8-bdfc-20895502415f,8b47109e-5f73-4edc-8668-9c4f738684c6
1658,20,3f058476-5010-48f4-9bd9-e27648d2ecea,29cb514d-8259-4df4-833f-4e6631cd65e1
318,21,b8495e18-9a18-4e8f-8b88-85db6e74ec22,8a197010-e950-47eb-a917-1e549d5411c1
1676,21,54da66af-5ce4-4975-8560-258824988821,0e94fdda-aba0-468e-87c6-f8943010c7f1
831,21,4507d98e-44d1-40ea-8733-8047738b9a7a,85ebe5aa-8a3b-4c91-b2a6-78ca6d3aab90
120,21,13659e76-e911-41da-bf99-30eb7b05defc,ff3b7502-07f2-4652-95bd-692557553cdb
1675,21,c9f100c2-e502-4a61-94d5-87ae0f4d3646,0db96bcc-ca00-41b3-9cc5-32ea93d27c12
852,21,82f57fc4-357f-49d3-af4b-e8bfb0a35210,d8c3ac85-6e38-4ec9-baa6-a037b9b16d18
1674,21,e2ca7d39-4fae-4ced-9dc2-b2593241b407,8dc2735d-5b15-441c-99a3-5138ed6fcf8d
1673,21,428a1d93-e1a5-407b-90a4-9bb2b85e39ec,11a33e3a-d00e-489d-9e15-a33c3b93b0b8
144,21,91f97996-69a3-43b8-bdfc-20895502415f,5ec2f6e7-b28e-4a24-952c-0f24f6bce1b4
2209,21,c46778bd-7352-44cd-91fe-010102bb8aa0,85ebe5aa-8a3b-4c91-b2a6-78ca6d3aab90
74,21,bdd706f0-b987-446b-b650-78d9d86f00b2,76c9ed80-50ea-41fb-9e17-c488430fd00f
1686,21,c5b93d11-92e0-46cd-8616-427edce159d2,555161bf-13d6-4909-b2d5-6c87d584de24
1685,21,aff43790-897a-49b4-a4c6-f3506a6c4858,8dc2735d-5b15-441c-99a3-5138ed6fcf8d
1684,21,37a18000-2d1f-41db-afe6-6545f817bcb7,a85c510d-76d1-4c75-9b81-7ae13a36dd30
1683,21,7bd65217-fdbe-4945-a657-496a494fff48,7e6ed025-dbdb-446a-b6de-6ea964042972
1682,21,80c6de8f-a5f2-4897-9ca8-593d8a126590,bfcf5b70-01f3-49f2-9f68-6ce27a9d4491
1681,21,aebd4757-08dc-4ca0-be33-aa85171de59d,27c3e41e-8134-42d2-92f3-b444682fc369
1680,21,3f058476-5010-48f4-9bd9-e27648d2ecea,555161bf-13d6-4909-b2d5-6c87d584de24
844,21,13b71402-f2cb-4aa3-9b17-639652e87ca8,05e06b15-ceb0-4623-a9c9-98ad6ec4ef49
1679,21,cf802366-d886-45a5-bd49-2566521a4bbe,24ce2de6-0be7-448f-b5cd-b7f5b21a056c
1678,21,9de35b9b-704e-4cf3-b580-fff54b9ede15,475f62e3-13dd-48a4-a01c-508cb306d7ca
1677,21,52e4975a-0d6d-4bb0-91a3-862f8e113091,e808c21d-338f-411a-838f-be0ce95700b5
1693,22,37a18000-2d1f-41db-afe6-6545f817bcb7,8b47109e-5f73-4edc-8668-9c4f738684c6
853,22,13659e76-e911-41da-bf99-30eb7b05defc,05e06b15-ceb0-4623-a9c9-98ad6ec4ef49
262,22,82f57fc4-357f-49d3-af4b-e8bfb0a35210,0691c3a9-a02f-4de3-9a1c-965782ddbef9
851,22,7bd65217-fdbe-4945-a657-496a494fff48,05e06b15-ceb0-4623-a9c9-98ad6ec4ef49
149,22,91f97996-69a3-43b8-bdfc-20895502415f,29cb514d-8259-4df4-833f-4e6631cd65e1
308,22,b8495e18-9a18-4e8f-8b88-85db6e74ec22,416ec91f-b16f-4a11-8ee5-151133b9dabb
239,22,bdd706f0-b987-446b-b650-78d9d86f00b2,402bf733-9d89-4602-b9ee-6e530d1b2836
33,22,cf802366-d886-45a5-bd49-2566521a4bbe,ff3b7502-07f2-4652-95bd-692557553cdb
1697,22,c5b93d11-92e0-46cd-8616-427edce159d2,2f488d8c-dd92-4deb-bad8-7377d1d12b48
1696,22,9de35b9b-704e-4cf3-b580-fff54b9ede15,0db96bcc-ca00-41b3-9cc5-32ea93d27c12
1695,22,52e4975a-0d6d-4bb0-91a3-862f8e113091,a85c510d-76d1-4c75-9b81-7ae13a36dd30
1694,22,aff43790-897a-49b4-a4c6-f3506a6c4858,841774c2-77c6-4111-af03-b5c2ac3d8bba
1692,22,c9f100c2-e502-4a61-94d5-87ae0f4d3646,475f62e3-13dd-48a4-a01c-508cb306d7ca
1691,22,54da66af-5ce4-4975-8560-258824988821,5ec2f6e7-b28e-4a24-952c-0f24f6bce1b4
1690,22,e2ca7d39-4fae-4ced-9dc2-b2593241b407,841774c2-77c6-4111-af03-b5c2ac3d8bba
1689,22,aebd4757-08dc-4ca0-be33-aa85171de59d,6ec2b9b4-0793-4c08-91c1-2bb2dce44a7a
1688,22,3f058476-5010-48f4-9bd9-e27648d2ecea,2f488d8c-dd92-4deb-bad8-7377d1d12b48
1687,22,80c6de8f-a5f2-4897-9ca8-593d8a126590,e74a2486-8871-4fe4-886f-ba49f6c1f852
1700,23,91f97996-69a3-43b8-bdfc-20895502415f,ff3b7502-07f2-4652-95bd-692557553cdb
1699,23,aebd4757-08dc-4ca0-be33-aa85171de59d,9b446b08-fd9d-4ea7-94d3-2a0b3328f121
856,23,13659e76-e911-41da-bf99-30eb7b05defc,475f62e3-13dd-48a4-a01c-508cb306d7ca
303,23,b8495e18-9a18-4e8f-8b88-85db6e74ec22,d8c3ac85-6e38-4ec9-baa6-a037b9b16d18
1709,23,80c6de8f-a5f2-4897-9ca8-593d8a126590,a3f51d29-0e97-4173-92f1-a56335f32b2e
1706,23,c5b93d11-92e0-46cd-8616-427edce159d2,841774c2-77c6-4111-af03-b5c2ac3d8bba
1705,23,3f058476-5010-48f4-9bd9-e27648d2ecea,841774c2-77c6-4111-af03-b5c2ac3d8bba
1704,23,37a18000-2d1f-41db-afe6-6545f817bcb7,24ce2de6-0be7-448f-b5cd-b7f5b21a056c
1698,23,52e4975a-0d6d-4bb0-91a3-862f8e113091,0e94fdda-aba0-468e-87c6-f8943010c7f1
1703,23,cf802366-d886-45a5-bd49-2566521a4bbe,7e6ed025-dbdb-446a-b6de-6ea964042972
854,23,7bd65217-fdbe-4945-a657-496a494fff48,0db96bcc-ca00-41b3-9cc5-32ea93d27c12
1702,23,54da66af-5ce4-4975-8560-258824988821,29cb514d-8259-4df4-833f-4e6631cd65e1
1701,23,bdd706f0-b987-446b-b650-78d9d86f00b2,9ba5be4d-a4db-4145-80cc-9c006d68a219
1708,23,e2ca7d39-4fae-4ced-9dc2-b2593241b407,bfcf5b70-01f3-49f2-9f68-6ce27a9d4491
1707,23,aff43790-897a-49b4-a4c6-f3506a6c4858,bfcf5b70-01f3-49f2-9f68-6ce27a9d4491
855,23,82f57fc4-357f-49d3-af4b-e8bfb0a35210,cfa01ea5-1be6-40fc-b8f0-96c1a866c7e0
1718,24,54da66af-5ce4-4975-8560-258824988821,24ce2de6-0be7-448f-b5cd-b7f5b21a056c
115,24,52e4975a-0d6d-4bb0-91a3-862f8e113091,ff3b7502-07f2-4652-95bd-692557553cdb
858,24,13659e76-e911-41da-bf99-30eb7b05defc,0db96bcc-ca00-41b3-9cc5-32ea93d27c12
259,24,82f57fc4-357f-49d3-af4b-e8bfb0a35210,91de6864-bad3-4365-ac0f-c9c5c89661f9
1719,24,c5b93d11-92e0-46cd-8616-427edce159d2,9bfba210-58d2-4257-b2ef-33a26fa5de6c
1717,24,e2ca7d39-4fae-4ced-9dc2-b2593241b407,967e8bdb-795d-4f4e-806a-c0eaad2ff22c
1716,24,3f058476-5010-48f4-9bd9-e27648d2ecea,bfcf5b70-01f3-49f2-9f68-6ce27a9d4491
1715,24,cf802366-d886-45a5-bd49-2566521a4bbe,05e06b15-ceb0-4623-a9c9-98ad6ec4ef49
1714,24,aff43790-897a-49b4-a4c6-f3506a6c4858,967e8bdb-795d-4f4e-806a-c0eaad2ff22c
1713,24,80c6de8f-a5f2-4897-9ca8-593d8a126590,d4136ce2-345a-4011-beaa-456eda820556
1712,24,91f97996-69a3-43b8-bdfc-20895502415f,05e06b15-ceb0-4623-a9c9-98ad6ec4ef49
1711,24,37a18000-2d1f-41db-afe6-6545f817bcb7,555161bf-13d6-4909-b2d5-6c87d584de24
1710,24,bdd706f0-b987-446b-b650-78d9d86f00b2,e808c21d-338f-411a-838f-be0ce95700b5
309,24,b8495e18-9a18-4e8f-8b88-85db6e74ec22,0691c3a9-a02f-4de3-9a1c-965782ddbef9
857,24,7bd65217-fdbe-4945-a657-496a494fff48,62d9ee10-eb34-4270-9da6-a7025828f286
1728,25,37a18000-2d1f-41db-afe6-6545f817bcb7,d4136ce2-345a-4011-beaa-456eda820556
1729,25,bdd706f0-b987-446b-b650-78d9d86f00b2,f92b9d24-16c1-4faa-9f43-9bb951d76380
1730,25,e2ca7d39-4fae-4ced-9dc2-b2593241b407,9bfba210-58d2-4257-b2ef-33a26fa5de6c
1720,25,54da66af-5ce4-4975-8560-258824988821,555161bf-13d6-4909-b2d5-6c87d584de24
1731,25,cf802366-d886-45a5-bd49-2566521a4bbe,0db96bcc-ca00-41b3-9cc5-32ea93d27c12
1721,25,b8495e18-9a18-4e8f-8b88-85db6e74ec22,cfa01ea5-1be6-40fc-b8f0-96c1a866c7e0
1725,25,52e4975a-0d6d-4bb0-91a3-862f8e113091,7e6ed025-dbdb-446a-b6de-6ea964042972
1726,25,91f97996-69a3-43b8-bdfc-20895502415f,0db96bcc-ca00-41b3-9cc5-32ea93d27c12
859,25,13659e76-e911-41da-bf99-30eb7b05defc,27c3e41e-8134-42d2-92f3-b444682fc369
1727,25,aff43790-897a-49b4-a4c6-f3506a6c4858,d4136ce2-345a-4011-beaa-456eda820556
1722,25,c5b93d11-92e0-46cd-8616-427edce159d2,ff3b7502-07f2-4652-95bd-692557553cdb
258,25,82f57fc4-357f-49d3-af4b-e8bfb0a35210,8fc506b2-4e32-4ee3-88b9-8ace51d980e3
1723,25,80c6de8f-a5f2-4897-9ca8-593d8a126590,27c3e41e-8134-42d2-92f3-b444682fc369
1724,25,3f058476-5010-48f4-9bd9-e27648d2ecea,cbc530e0-6162-443b-a4ac-9578ecfd63b4
1735,26,c5b93d11-92e0-46cd-8616-427edce159d2,05e06b15-ceb0-4623-a9c9-98ad6ec4ef49
1733,26,37a18000-2d1f-41db-afe6-6545f817bcb7,a3f51d29-0e97-4173-92f1-a56335f32b2e
1732,26,e2ca7d39-4fae-4ced-9dc2-b2593241b407,e74a2486-8871-4fe4-886f-ba49f6c1f852
307,26,b8495e18-9a18-4e8f-8b88-85db6e74ec22,91de6864-bad3-4365-ac0f-c9c5c89661f9
249,26,bdd706f0-b987-446b-b650-78d9d86f00b2,a85c510d-76d1-4c75-9b81-7ae13a36dd30
78,26,82f57fc4-357f-49d3-af4b-e8bfb0a35210,76c9ed80-50ea-41fb-9e17-c488430fd00f
860,26,13659e76-e911-41da-bf99-30eb7b05defc,9b446b08-fd9d-4ea7-94d3-2a0b3328f121
1740,26,52e4975a-0d6d-4bb0-91a3-862f8e113091,05e06b15-ceb0-4623-a9c9-98ad6ec4ef49
1739,26,54da66af-5ce4-4975-8560-258824988821,2f488d8c-dd92-4deb-bad8-7377d1d12b48
1738,26,aff43790-897a-49b4-a4c6-f3506a6c4858,1ca1fc54-e093-4328-ae77-6d6726270bad
1737,26,cf802366-d886-45a5-bd49-2566521a4bbe,62d9ee10-eb34-4270-9da6-a7025828f286
1736,26,80c6de8f-a5f2-4897-9ca8-593d8a126590,6ec2b9b4-0793-4c08-91c1-2bb2dce44a7a
1734,26,3f058476-5010-48f4-9bd9-e27648d2ecea,a3f51d29-0e97-4173-92f1-a56335f32b2e
861,27,82f57fc4-357f-49d3-af4b-e8bfb0a35210,402bf733-9d89-4602-b9ee-6e530d1b2836
862,27,13659e76-e911-41da-bf99-30eb7b05defc,a52b9772-b059-4c7f-9102-c50ccd0864fd
236,27,bdd706f0-b987-446b-b650-78d9d86f00b2,5ec2f6e7-b28e-4a24-952c-0f24f6bce1b4
305,27,b8495e18-9a18-4e8f-8b88-85db6e74ec22,8fc506b2-4e32-4ee3-88b9-8ace51d980e3
1744,27,52e4975a-0d6d-4bb0-91a3-862f8e113091,0db96bcc-ca00-41b3-9cc5-32ea93d27c12
1748,27,e2ca7d39-4fae-4ced-9dc2-b2593241b407,a3f51d29-0e97-4173-92f1-a56335f32b2e
1747,27,54da66af-5ce4-4975-8560-258824988821,841774c2-77c6-4111-af03-b5c2ac3d8bba
1742,27,3f058476-5010-48f4-9bd9-e27648d2ecea,d4136ce2-345a-4011-beaa-456eda820556
1746,27,cf802366-d886-45a5-bd49-2566521a4bbe,27c3e41e-8134-42d2-92f3-b444682fc369
1743,27,37a18000-2d1f-41db-afe6-6545f817bcb7,841774c2-77c6-4111-af03-b5c2ac3d8bba
1741,27,c5b93d11-92e0-46cd-8616-427edce159d2,1ca1fc54-e093-4328-ae77-6d6726270bad
1745,27,aff43790-897a-49b4-a4c6-f3506a6c4858,475f62e3-13dd-48a4-a01c-508cb306d7ca
1755,28,cf802366-d886-45a5-bd49-2566521a4bbe,a52b9772-b059-4c7f-9102-c50ccd0864fd
1750,28,37a18000-2d1f-41db-afe6-6545f817bcb7,3ea4461a-8565-4eb7-a614-e65fe8c96e98
1751,28,54da66af-5ce4-4975-8560-258824988821,d4136ce2-345a-4011-beaa-456eda820556
1749,28,52e4975a-0d6d-4bb0-91a3-862f8e113091,25f0a6a8-ec49-4827-8d6f-b4524c237475
105,28,b8495e18-9a18-4e8f-8b88-85db6e74ec22,76c9ed80-50ea-41fb-9e17-c488430fd00f
1757,28,e2ca7d39-4fae-4ced-9dc2-b2593241b407,d4136ce2-345a-4011-beaa-456eda820556
1756,28,13659e76-e911-41da-bf99-30eb7b05defc,8c0bddc9-a3dd-4877-bc63-57d58b354551
863,28,82f57fc4-357f-49d3-af4b-e8bfb0a35210,9ba5be4d-a4db-4145-80cc-9c006d68a219
1752,28,c5b93d11-92e0-46cd-8616-427edce159d2,f7b38a8f-3117-49a5-89b2-a66930c7ca4b
1753,28,bdd706f0-b987-446b-b650-78d9d86f00b2,8c0bddc9-a3dd-4877-bc63-57d58b354551
1754,28,3f058476-5010-48f4-9bd9-e27648d2ecea,ff3b7502-07f2-4652-95bd-692557553cdb
865,29,82f57fc4-357f-49d3-af4b-e8bfb0a35210,f92b9d24-16c1-4faa-9f43-9bb951d76380
1764,29,3f058476-5010-48f4-9bd9-e27648d2ecea,1ca1fc54-e093-4328-ae77-6d6726270bad
1760,29,b8495e18-9a18-4e8f-8b88-85db6e74ec22,402bf733-9d89-4602-b9ee-6e530d1b2836
1761,29,52e4975a-0d6d-4bb0-91a3-862f8e113091,f180354f-b0ad-49db-bdd9-4304733943f2
1762,29,13659e76-e911-41da-bf99-30eb7b05defc,7e6ed025-dbdb-446a-b6de-6ea964042972
240,29,bdd706f0-b987-446b-b650-78d9d86f00b2,29cb514d-8259-4df4-833f-4e6631cd65e1
1763,29,37a18000-2d1f-41db-afe6-6545f817bcb7,d75e9971-7b83-40c6-a1d2-0a59d386c945
1758,29,e2ca7d39-4fae-4ced-9dc2-b2593241b407,ff3b7502-07f2-4652-95bd-692557553cdb
1759,29,54da66af-5ce4-4975-8560-258824988821,ff3b7502-07f2-4652-95bd-692557553cdb
1768,30,3f058476-5010-48f4-9bd9-e27648d2ecea,f7b38a8f-3117-49a5-89b2-a66930c7ca4b
1770,30,e2ca7d39-4fae-4ced-9dc2-b2593241b407,1ca1fc54-e093-4328-ae77-6d6726270bad
75,30,bdd706f0-b987-446b-b650-78d9d86f00b2,555161bf-13d6-4909-b2d5-6c87d584de24
866,30,82f57fc4-357f-49d3-af4b-e8bfb0a35210,a85c510d-76d1-4c75-9b81-7ae13a36dd30
1765,30,37a18000-2d1f-41db-afe6-6545f817bcb7,e74a2486-8871-4fe4-886f-ba49f6c1f852
1766,30,54da66af-5ce4-4975-8560-258824988821,05e06b15-ceb0-4623-a9c9-98ad6ec4ef49
1767,30,b8495e18-9a18-4e8f-8b88-85db6e74ec22,9ba5be4d-a4db-4145-80cc-9c006d68a219
1769,30,52e4975a-0d6d-4bb0-91a3-862f8e113091,f7b38a8f-3117-49a5-89b2-a66930c7ca4b
1771,31,52e4975a-0d6d-4bb0-91a3-862f8e113091,f64b3118-cc05-4dca-a3c9-1c16079d6b91
1776,31,e2ca7d39-4fae-4ced-9dc2-b2593241b407,f7b38a8f-3117-49a5-89b2-a66930c7ca4b
1775,31,37a18000-2d1f-41db-afe6-6545f817bcb7,9bfba210-58d2-4257-b2ef-33a26fa5de6c
1774,31,3f058476-5010-48f4-9bd9-e27648d2ecea,e886b84a-8504-4387-866b-560f26ed847e
1773,31,54da66af-5ce4-4975-8560-258824988821,0db96bcc-ca00-41b3-9cc5-32ea93d27c12
1772,31,b8495e18-9a18-4e8f-8b88-85db6e74ec22,e808c21d-338f-411a-838f-be0ce95700b5
867,31,82f57fc4-357f-49d3-af4b-e8bfb0a35210,8b47109e-5f73-4edc-8668-9c4f738684c6
241,31,bdd706f0-b987-446b-b650-78d9d86f00b2,2f488d8c-dd92-4deb-bad8-7377d1d12b48
1779,32,e2ca7d39-4fae-4ced-9dc2-b2593241b407,475f62e3-13dd-48a4-a01c-508cb306d7ca
1780,32,54da66af-5ce4-4975-8560-258824988821,1ca1fc54-e093-4328-ae77-6d6726270bad
868,32,82f57fc4-357f-49d3-af4b-e8bfb0a35210,5ec2f6e7-b28e-4a24-952c-0f24f6bce1b4
1782,32,37a18000-2d1f-41db-afe6-6545f817bcb7,e9afbb1e-0318-41c4-b5cd-c67739fe5fca
1781,32,52e4975a-0d6d-4bb0-91a3-862f8e113091,e886b84a-8504-4387-866b-560f26ed847e
1777,32,b8495e18-9a18-4e8f-8b88-85db6e74ec22,f92b9d24-16c1-4faa-9f43-9bb951d76380
1778,32,bdd706f0-b987-446b-b650-78d9d86f00b2,841774c2-77c6-4111-af03-b5c2ac3d8bba
1784,33,52e4975a-0d6d-4bb0-91a3-862f8e113091,475f62e3-13dd-48a4-a01c-508cb306d7ca
1783,33,37a18000-2d1f-41db-afe6-6545f817bcb7,967e8bdb-795d-4f4e-806a-c0eaad2ff22c
869,33,82f57fc4-357f-49d3-af4b-e8bfb0a35210,8c0bddc9-a3dd-4877-bc63-57d58b354551
1786,33,b8495e18-9a18-4e8f-8b88-85db6e74ec22,a85c510d-76d1-4c75-9b81-7ae13a36dd30
1785,33,54da66af-5ce4-4975-8560-258824988821,f7b38a8f-3117-49a5-89b2-a66930c7ca4b
234,33,bdd706f0-b987-446b-b650-78d9d86f00b2,91828430-8646-47d7-8098-0a9724e26c23
1790,34,52e4975a-0d6d-4bb0-91a3-862f8e113091,27c3e41e-8134-42d2-92f3-b444682fc369
257,34,82f57fc4-357f-49d3-af4b-e8bfb0a35210,29cb514d-8259-4df4-833f-4e6631cd65e1
1787,34,b8495e18-9a18-4e8f-8b88-85db6e74ec22,8b47109e-5f73-4edc-8668-9c4f738684c6
1788,34,bdd706f0-b987-446b-b650-78d9d86f00b2,ff3b7502-07f2-4652-95bd-692557553cdb
1789,34,37a18000-2d1f-41db-afe6-6545f817bcb7,8dc2735d-5b15-441c-99a3-5138ed6fcf8d
1791,34,54da66af-5ce4-4975-8560-258824988821,27c3e41e-8134-42d2-92f3-b444682fc369
1797,35,82f57fc4-357f-49d3-af4b-e8bfb0a35210,555161bf-13d6-4909-b2d5-6c87d584de24
1792,35,37a18000-2d1f-41db-afe6-6545f817bcb7,91828430-8646-47d7-8098-0a9724e26c23
1793,35,52e4975a-0d6d-4bb0-91a3-862f8e113091,6ec2b9b4-0793-4c08-91c1-2bb2dce44a7a
1794,35,54da66af-5ce4-4975-8560-258824988821,a52b9772-b059-4c7f-9102-c50ccd0864fd
1795,35,b8495e18-9a18-4e8f-8b88-85db6e74ec22,0e94fdda-aba0-468e-87c6-f8943010c7f1
1796,35,bdd706f0-b987-446b-b650-78d9d86f00b2,05e06b15-ceb0-4623-a9c9-98ad6ec4ef49
1800,36,82f57fc4-357f-49d3-af4b-e8bfb0a35210,2f488d8c-dd92-4deb-bad8-7377d1d12b48
1798,36,37a18000-2d1f-41db-afe6-6545f817bcb7,bfcf5b70-01f3-49f2-9f68-6ce27a9d4491
1802,36,54da66af-5ce4-4975-8560-258824988821,11a33e3a-d00e-489d-9e15-a33c3b93b0b8
1801,36,bdd706f0-b987-446b-b650-78d9d86f00b2,0db96bcc-ca00-41b3-9cc5-32ea93d27c12
1799,36,b8495e18-9a18-4e8f-8b88-85db6e74ec22,5ec2f6e7-b28e-4a24-952c-0f24f6bce1b4
1803,37,bdd706f0-b987-446b-b650-78d9d86f00b2,f7b38a8f-3117-49a5-89b2-a66930c7ca4b
1806,37,37a18000-2d1f-41db-afe6-6545f817bcb7,cbc530e0-6162-443b-a4ac-9578ecfd63b4
1805,37,82f57fc4-357f-49d3-af4b-e8bfb0a35210,841774c2-77c6-4111-af03-b5c2ac3d8bba
1804,37,b8495e18-9a18-4e8f-8b88-85db6e74ec22,8c0bddc9-a3dd-4877-bc63-57d58b354551
1807,38,37a18000-2d1f-41db-afe6-6545f817bcb7,2f488d8c-dd92-4deb-bad8-7377d1d12b48
1809,38,82f57fc4-357f-49d3-af4b-e8bfb0a35210,d4136ce2-345a-4011-beaa-456eda820556
304,38,b8495e18-9a18-4e8f-8b88-85db6e74ec22,29cb514d-8259-4df4-833f-4e6631cd65e1
1808,38,bdd706f0-b987-446b-b650-78d9d86f00b2,475f62e3-13dd-48a4-a01c-508cb306d7ca
1810,39,37a18000-2d1f-41db-afe6-6545f817bcb7,bb413141-8464-45bf-9fda-82cb836af87e
870,39,82f57fc4-357f-49d3-af4b-e8bfb0a35210,ff3b7502-07f2-4652-95bd-692557553cdb
106,39,b8495e18-9a18-4e8f-8b88-85db6e74ec22,555161bf-13d6-4909-b2d5-6c87d584de24
1811,39,bdd706f0-b987-446b-b650-78d9d86f00b2,85ebe5aa-8a3b-4c91-b2a6-78ca6d3aab90
1813,40,b8495e18-9a18-4e8f-8b88-85db6e74ec22,2f488d8c-dd92-4deb-bad8-7377d1d12b48
1814,40,82f57fc4-357f-49d3-af4b-e8bfb0a35210,7e6ed025-dbdb-446a-b6de-6ea964042972
1812,40,37a18000-2d1f-41db-afe6-6545f817bcb7,ff3b7502-07f2-4652-95bd-692557553cdb
871,41,82f57fc4-357f-49d3-af4b-e8bfb0a35210,05e06b15-ceb0-4623-a9c9-98ad6ec4ef49
1815,41,37a18000-2d1f-41db-afe6-6545f817bcb7,f7b38a8f-3117-49a5-89b2-a66930c7ca4b
1816,41,b8495e18-9a18-4e8f-8b88-85db6e74ec22,841774c2-77c6-4111-af03-b5c2ac3d8bba
1818,42,37a18000-2d1f-41db-afe6-6545f817bcb7,e886b84a-8504-4387-866b-560f26ed847e
872,42,82f57fc4-357f-49d3-af4b-e8bfb0a35210,0db96bcc-ca00-41b3-9cc5-32ea93d27c12
1817,42,b8495e18-9a18-4e8f-8b88-85db6e74ec22,91828430-8646-47d7-8098-0a9724e26c23
1820,43,b8495e18-9a18-4e8f-8b88-85db6e74ec22,3ea4461a-8565-4eb7-a614-e65fe8c96e98
873,43,82f57fc4-357f-49d3-af4b-e8bfb0a35210,475f62e3-13dd-48a4-a01c-508cb306d7ca
1819,43,37a18000-2d1f-41db-afe6-6545f817bcb7,05e06b15-ceb0-4623-a9c9-98ad6ec4ef49
1821,44,b8495e18-9a18-4e8f-8b88-85db6e74ec22,bfcf5b70-01f3-49f2-9f68-6ce27a9d4491
1822,44,37a18000-2d1f-41db-afe6-6545f817bcb7,7e6ed025-dbdb-446a-b6de-6ea964042972
1823,45,b8495e18-9a18-4e8f-8b88-85db6e74ec22,814c5e15-5889-43e9-8ff2-f1317204c827
1824,45,37a18000-2d1f-41db-afe6-6545f817bcb7,1ca1fc54-e093-4328-ae77-6d6726270bad
1825,46,37a18000-2d1f-41db-afe6-6545f817bcb7,401fe54d-5589-49e2-856a-05b137751442
1826,46,b8495e18-9a18-4e8f-8b88-85db6e74ec22,967e8bdb-795d-4f4e-806a-c0eaad2ff22c
1827,47,37a18000-2d1f-41db-afe6-6545f817bcb7,27c3e41e-8134-42d2-92f3-b444682fc369
1828,47,b8495e18-9a18-4e8f-8b88-85db6e74ec22,9bfba210-58d2-4257-b2ef-33a26fa5de6c
1830,48,37a18000-2d1f-41db-afe6-6545f817bcb7,a52b9772-b059-4c7f-9102-c50ccd0864fd
1829,48,b8495e18-9a18-4e8f-8b88-85db6e74ec22,e9afbb1e-0318-41c4-b5cd-c67739fe5fca
1831,49,37a18000-2d1f-41db-afe6-6545f817bcb7,6ec2b9b4-0793-4c08-91c1-2bb2dce44a7a
1832,49,b8495e18-9a18-4e8f-8b88-85db6e74ec22,d75e9971-7b83-40c6-a1d2-0a59d386c945
1833,50,b8495e18-9a18-4e8f-8b88-85db6e74ec22,d4136ce2-345a-4011-beaa-456eda820556
1834,50,37a18000-2d1f-41db-afe6-6545f817bcb7,e8a1d904-f327-4274-8215-8f080e4aa90c
1835,51,b8495e18-9a18-4e8f-8b88-85db6e74ec22,bb413141-8464-45bf-9fda-82cb836af87e
1836,52,b8495e18-9a18-4e8f-8b88-85db6e74ec22,ff3b7502-07f2-4652-95bd-692557553cdb
1837,53,b8495e18-9a18-4e8f-8b88-85db6e74ec22,05e06b15-ceb0-4623-a9c9-98ad6ec4ef49
1838,54,b8495e18-9a18-4e8f-8b88-85db6e74ec22,0db96bcc-ca00-41b3-9cc5-32ea93d27c12
1839,55,b8495e18-9a18-4e8f-8b88-85db6e74ec22,f7b38a8f-3117-49a5-89b2-a66930c7ca4b
1840,56,b8495e18-9a18-4e8f-8b88-85db6e74ec22,401fe54d-5589-49e2-856a-05b137751442
2210,1,6b9189ab-3bdf-4b2c-9d95-2a5b93e72f69,ab45d6f4-403d-4528-9246-d2139db5bc72
2211,1,30f42aa0-cca9-4cb7-8479-7149e5f20112,ab45d6f4-403d-4528-9246-d2139db5bc72
2212,1,84062431-340c-4ac1-bdc9-a79a431d9869,ab45d6f4-403d-4528-9246-d2139db5bc72
2213,1,e2069dd1-ba2f-45fa-b2b7-9052a16f74cc,ab45d6f4-403d-4528-9246-d2139db5bc72
2214,1,b5742bb7-4c8e-45cd-9429-65cb75f32795,ab45d6f4-403d-4528-9246-d2139db5bc72
2215,1,110491fc-f060-4b9d-ab2c-bb0806824948,d21c5d29-21ba-4288-bec0-8c077ac15aec
2216,1,44bf8c74-399d-4b9f-82ee-164c62e525a8,ab45d6f4-403d-4528-9246-d2139db5bc72
2217,2,9da56adf-1252-4ca9-85cf-5fd8fb950cdf,402bf733-9d89-4602-b9ee-6e530d1b2836
2218,2,b5742bb7-4c8e-45cd-9429-65cb75f32795,89b29179-7fba-456e-b4ed-5ff5b548be18
2219,2,3bc8f1b6-1b44-4d82-85d9-3ea9d98fe848,4ed73ccc-e12a-4009-aa2c-e40ea4c0c84a
2220,2,18ff9253-b11c-4ffa-9c3b-4b167c9f8cf2,4a30e300-583d-47dc-bfb8-b0268c888710
2221,2,84062431-340c-4ac1-bdc9-a79a431d9869,078c2195-93b7-4811-b103-ea857710faf7
2222,2,20aeb28e-66c8-4695-a722-89a7f807c795,078c2195-93b7-4811-b103-ea857710faf7
2223,2,6b9189ab-3bdf-4b2c-9d95-2a5b93e72f69,1f890d25-4f74-4166-b2e5-76d3367bb5d6
2224,2,d5abf164-694c-4a24-8528-7395a7a01326,4ed73ccc-e12a-4009-aa2c-e40ea4c0c84a
2225,2,e2069dd1-ba2f-45fa-b2b7-9052a16f74cc,078c2195-93b7-4811-b103-ea857710faf7
2226,2,b5c250bc-fe00-41b8-b06b-2f4c3e688520,d21c5d29-21ba-4288-bec0-8c077ac15aec
2227,3,9da56adf-1252-4ca9-85cf-5fd8fb950cdf,9ba5be4d-a4db-4145-80cc-9c006d68a219
2228,3,b5c250bc-fe00-41b8-b06b-2f4c3e688520,4ed73ccc-e12a-4009-aa2c-e40ea4c0c84a
2229,3,1744df14-f1f1-451b-a384-28e3a1beba7f,06bdcf26-0423-45d4-8cd0-71a1dd49dfa3
2230,3,6b9189ab-3bdf-4b2c-9d95-2a5b93e72f69,d21c5d29-21ba-4288-bec0-8c077ac15aec
2231,3,683398f6-8f62-49a6-9eb3-bf926a9b621c,0691c3a9-a02f-4de3-9a1c-965782ddbef9
2232,3,3bc8f1b6-1b44-4d82-85d9-3ea9d98fe848,9852ca3f-b8fc-4665-a990-465072ec4379
2233,3,20aeb28e-66c8-4695-a722-89a7f807c795,89b29179-7fba-456e-b4ed-5ff5b548be18
2234,3,d5abf164-694c-4a24-8528-7395a7a01326,6e1dbfec-913f-4d9b-9a3f-e8a2b7f82540
2235,3,b5742bb7-4c8e-45cd-9429-65cb75f32795,1f890d25-4f74-4166-b2e5-76d3367bb5d6
2236,3,44bf8c74-399d-4b9f-82ee-164c62e525a8,06bdcf26-0423-45d4-8cd0-71a1dd49dfa3
2237,3,c0c97c0f-c50b-44b5-9b95-c599e99004fa,1dacbe62-8d60-4a7e-a1d8-ea0feba270b0
2238,3,84062431-340c-4ac1-bdc9-a79a431d9869,d21c5d29-21ba-4288-bec0-8c077ac15aec
2239,3,e2069dd1-ba2f-45fa-b2b7-9052a16f74cc,89b29179-7fba-456e-b4ed-5ff5b548be18
2240,3,0321f375-4f6c-47d8-9181-125b0274ee6b,27c3e41e-8134-42d2-92f3-b444682fc369
2241,3,9188840c-25ba-4ec8-b8c3-d32413aaf7a0,d21c5d29-21ba-4288-bec0-8c077ac15aec
2242,4,9da56adf-1252-4ca9-85cf-5fd8fb950cdf,0e94fdda-aba0-468e-87c6-f8943010c7f1
2243,4,84062431-340c-4ac1-bdc9-a79a431d9869,4ed73ccc-e12a-4009-aa2c-e40ea4c0c84a
2244,4,6b9189ab-3bdf-4b2c-9d95-2a5b93e72f69,4ed73ccc-e12a-4009-aa2c-e40ea4c0c84a
2245,4,b5c250bc-fe00-41b8-b06b-2f4c3e688520,e9bb1c0d-d4c7-4be7-be51-e3f8328be466
2246,4,1d43d4b3-1562-4ccc-9729-49d31aa5309e,4ed73ccc-e12a-4009-aa2c-e40ea4c0c84a
2247,4,1744df14-f1f1-451b-a384-28e3a1beba7f,4ed73ccc-e12a-4009-aa2c-e40ea4c0c84a
2248,4,4409f409-077b-48c2-9421-b1802255499f,1f890d25-4f74-4166-b2e5-76d3367bb5d6
2249,4,44bf8c74-399d-4b9f-82ee-164c62e525a8,4ed73ccc-e12a-4009-aa2c-e40ea4c0c84a
2250,4,40b44149-d3f3-45a5-8d44-424b4c886b7a,7e6ed025-dbdb-446a-b6de-6ea964042972
2251,4,c0c97c0f-c50b-44b5-9b95-c599e99004fa,6e1dbfec-913f-4d9b-9a3f-e8a2b7f82540
2252,4,18ff9253-b11c-4ffa-9c3b-4b167c9f8cf2,4ed73ccc-e12a-4009-aa2c-e40ea4c0c84a
2253,5,44bf8c74-399d-4b9f-82ee-164c62e525a8,9852ca3f-b8fc-4665-a990-465072ec4379
2254,5,b5742bb7-4c8e-45cd-9429-65cb75f32795,06bdcf26-0423-45d4-8cd0-71a1dd49dfa3
2255,5,1744df14-f1f1-451b-a384-28e3a1beba7f,1dacbe62-8d60-4a7e-a1d8-ea0feba270b0
2256,5,18ff9253-b11c-4ffa-9c3b-4b167c9f8cf2,e1c9ec4f-63c6-40bc-b9ab-de70189bd83a
2257,5,abb7adf0-cc3e-4734-ac67-20a562f83c33,1dacbe62-8d60-4a7e-a1d8-ea0feba270b0
2258,5,20aeb28e-66c8-4695-a722-89a7f807c795,05e06b15-ceb0-4623-a9c9-98ad6ec4ef49
2259,5,7fe5501b-aab0-4b70-9fef-08933ccf7480,4ed73ccc-e12a-4009-aa2c-e40ea4c0c84a
2260,5,1d43d4b3-1562-4ccc-9729-49d31aa5309e,9852ca3f-b8fc-4665-a990-465072ec4379
2261,5,b5c250bc-fe00-41b8-b06b-2f4c3e688520,e1c9ec4f-63c6-40bc-b9ab-de70189bd83a
2262,5,84062431-340c-4ac1-bdc9-a79a431d9869,e9bb1c0d-d4c7-4be7-be51-e3f8328be466
2263,5,d6fa3131-3ab1-48c9-bd8b-31c0461a9fb5,05e06b15-ceb0-4623-a9c9-98ad6ec4ef49
2264,5,e2069dd1-ba2f-45fa-b2b7-9052a16f74cc,06bdcf26-0423-45d4-8cd0-71a1dd49dfa3
2265,5,6b9189ab-3bdf-4b2c-9d95-2a5b93e72f69,9852ca3f-b8fc-4665-a990-465072ec4379
2266,6,6b9189ab-3bdf-4b2c-9d95-2a5b93e72f69,1dacbe62-8d60-4a7e-a1d8-ea0feba270b0
2267,6,44bf8c74-399d-4b9f-82ee-164c62e525a8,1dacbe62-8d60-4a7e-a1d8-ea0feba270b0
2268,6,81ad4d3f-39de-43d3-b4ec-45953b21ec71,05e06b15-ceb0-4623-a9c9-98ad6ec4ef49
2269,6,9da56adf-1252-4ca9-85cf-5fd8fb950cdf,06bdcf26-0423-45d4-8cd0-71a1dd49dfa3
2270,6,6f9282ed-25cc-41da-b2f5-0e7c4b686060,1ca1fc54-e093-4328-ae77-6d6726270bad
2271,6,20aeb28e-66c8-4695-a722-89a7f807c795,0db96bcc-ca00-41b3-9cc5-32ea93d27c12
2272,6,110491fc-f060-4b9d-ab2c-bb0806824948,76c9ed80-50ea-41fb-9e17-c488430fd00f
2273,6,b5c250bc-fe00-41b8-b06b-2f4c3e688520,d8c3ac85-6e38-4ec9-baa6-a037b9b16d18
2274,6,1744df14-f1f1-451b-a384-28e3a1beba7f,6e1dbfec-913f-4d9b-9a3f-e8a2b7f82540
2275,6,b5742bb7-4c8e-45cd-9429-65cb75f32795,491665b2-0491-4982-9975-8e6a27105089
2276,6,84062431-340c-4ac1-bdc9-a79a431d9869,1dacbe62-8d60-4a7e-a1d8-ea0feba270b0
2277,6,4409f409-077b-48c2-9421-b1802255499f,4ed73ccc-e12a-4009-aa2c-e40ea4c0c84a
2278,6,18ff9253-b11c-4ffa-9c3b-4b167c9f8cf2,ff3b7502-07f2-4652-95bd-692557553cdb
2279,7,1744df14-f1f1-451b-a384-28e3a1beba7f,d8c3ac85-6e38-4ec9-baa6-a037b9b16d18
2280,7,7fe5501b-aab0-4b70-9fef-08933ccf7480,758dab69-cb35-477f-86c0-ed52606e335b
2281,7,b5c250bc-fe00-41b8-b06b-2f4c3e688520,ff3b7502-07f2-4652-95bd-692557553cdb
2282,7,6b9189ab-3bdf-4b2c-9d95-2a5b93e72f69,758dab69-cb35-477f-86c0-ed52606e335b
2283,7,44bf8c74-399d-4b9f-82ee-164c62e525a8,d8c3ac85-6e38-4ec9-baa6-a037b9b16d18
2284,7,84062431-340c-4ac1-bdc9-a79a431d9869,e1c9ec4f-63c6-40bc-b9ab-de70189bd83a
2285,7,982c8a07-8ad1-400c-8842-2fb10ad69c21,7e6ed025-dbdb-446a-b6de-6ea964042972
2286,7,18ff9253-b11c-4ffa-9c3b-4b167c9f8cf2,05e06b15-ceb0-4623-a9c9-98ad6ec4ef49
2287,7,db2bcb8a-c799-4233-9699-dea23b975972,555161bf-13d6-4909-b2d5-6c87d584de24
2288,7,b5742bb7-4c8e-45cd-9429-65cb75f32795,4ed73ccc-e12a-4009-aa2c-e40ea4c0c84a
2289,7,9da56adf-1252-4ca9-85cf-5fd8fb950cdf,4ed73ccc-e12a-4009-aa2c-e40ea4c0c84a
2290,8,b5c250bc-fe00-41b8-b06b-2f4c3e688520,05e06b15-ceb0-4623-a9c9-98ad6ec4ef49
2291,8,e2069dd1-ba2f-45fa-b2b7-9052a16f74cc,1dacbe62-8d60-4a7e-a1d8-ea0feba270b0
2292,8,84062431-340c-4ac1-bdc9-a79a431d9869,d8c3ac85-6e38-4ec9-baa6-a037b9b16d18
2293,8,855aa42c-15e8-4b99-be89-3986ccb8254c,7e6ed025-dbdb-446a-b6de-6ea964042972
2294,8,9da56adf-1252-4ca9-85cf-5fd8fb950cdf,1dacbe62-8d60-4a7e-a1d8-ea0feba270b0
2295,8,20aeb28e-66c8-4695-a722-89a7f807c795,4ed73ccc-e12a-4009-aa2c-e40ea4c0c84a
2296,8,b5742bb7-4c8e-45cd-9429-65cb75f32795,0bab13c3-3184-4b50-8c8c-a946028c48c9
2297,8,4409f409-077b-48c2-9421-b1802255499f,ff3b7502-07f2-4652-95bd-692557553cdb
2298,8,6b9189ab-3bdf-4b2c-9d95-2a5b93e72f69,6e1dbfec-913f-4d9b-9a3f-e8a2b7f82540
2299,8,db2bcb8a-c799-4233-9699-dea23b975972,76c9ed80-50ea-41fb-9e17-c488430fd00f
2300,8,7fe5501b-aab0-4b70-9fef-08933ccf7480,d8c3ac85-6e38-4ec9-baa6-a037b9b16d18
2301,8,18ff9253-b11c-4ffa-9c3b-4b167c9f8cf2,0db96bcc-ca00-41b3-9cc5-32ea93d27c12
2302,8,44bf8c74-399d-4b9f-82ee-164c62e525a8,0691c3a9-a02f-4de3-9a1c-965782ddbef9
2303,8,982c8a07-8ad1-400c-8842-2fb10ad69c21,05e06b15-ceb0-4623-a9c9-98ad6ec4ef49
2304,9,e2069dd1-ba2f-45fa-b2b7-9052a16f74cc,cebf9575-00b1-45bd-a386-fcbef4f589f3
2305,9,84062431-340c-4ac1-bdc9-a79a431d9869,cfa01ea5-1be6-40fc-b8f0-96c1a866c7e0
2306,9,b5c250bc-fe00-41b8-b06b-2f4c3e688520,0db96bcc-ca00-41b3-9cc5-32ea93d27c12
2307,9,7fe5501b-aab0-4b70-9fef-08933ccf7480,ff3b7502-07f2-4652-95bd-692557553cdb
2308,9,db2bcb8a-c799-4233-9699-dea23b975972,e9bb1c0d-d4c7-4be7-be51-e3f8328be466
2309,9,4409f409-077b-48c2-9421-b1802255499f,05e06b15-ceb0-4623-a9c9-98ad6ec4ef49
2310,9,b5742bb7-4c8e-45cd-9429-65cb75f32795,e9bb1c0d-d4c7-4be7-be51-e3f8328be466
2311,9,9da56adf-1252-4ca9-85cf-5fd8fb950cdf,6e1dbfec-913f-4d9b-9a3f-e8a2b7f82540
2312,9,1744df14-f1f1-451b-a384-28e3a1beba7f,402bf733-9d89-4602-b9ee-6e530d1b2836
2313,9,763e3b22-b9ac-4bee-b665-69d1acb70712,555161bf-13d6-4909-b2d5-6c87d584de24
2314,9,6b9189ab-3bdf-4b2c-9d95-2a5b93e72f69,948d2160-3c88-4045-89f4-7b5bb11198c5
2315,10,9da56adf-1252-4ca9-85cf-5fd8fb950cdf,ab45d6f4-403d-4528-9246-d2139db5bc72
2316,10,1744df14-f1f1-451b-a384-28e3a1beba7f,9ba5be4d-a4db-4145-80cc-9c006d68a219
2317,10,6b9189ab-3bdf-4b2c-9d95-2a5b93e72f69,d8c3ac85-6e38-4ec9-baa6-a037b9b16d18
2318,10,7fe5501b-aab0-4b70-9fef-08933ccf7480,7e6ed025-dbdb-446a-b6de-6ea964042972
2319,10,db2bcb8a-c799-4233-9699-dea23b975972,cfa01ea5-1be6-40fc-b8f0-96c1a866c7e0
2320,10,b5742bb7-4c8e-45cd-9429-65cb75f32795,cebf9575-00b1-45bd-a386-fcbef4f589f3
2321,10,44bf8c74-399d-4b9f-82ee-164c62e525a8,402bf733-9d89-4602-b9ee-6e530d1b2836
2322,10,84062431-340c-4ac1-bdc9-a79a431d9869,76c9ed80-50ea-41fb-9e17-c488430fd00f
2323,10,1fd6fa60-cd5d-4e38-bfea-ea8dc5b25eaa,cfa01ea5-1be6-40fc-b8f0-96c1a866c7e0
2324,11,9da56adf-1252-4ca9-85cf-5fd8fb950cdf,75fcec59-681d-48be-95ee-b2454aab57b4
2325,11,1744df14-f1f1-451b-a384-28e3a1beba7f,a85c510d-76d1-4c75-9b81-7ae13a36dd30
2326,11,1fd6fa60-cd5d-4e38-bfea-ea8dc5b25eaa,91828430-8646-47d7-8098-0a9724e26c23
2327,11,6b9189ab-3bdf-4b2c-9d95-2a5b93e72f69,cfa01ea5-1be6-40fc-b8f0-96c1a866c7e0
2328,11,84062431-340c-4ac1-bdc9-a79a431d9869,402bf733-9d89-4602-b9ee-6e530d1b2836
2329,11,db2bcb8a-c799-4233-9699-dea23b975972,6e1dbfec-913f-4d9b-9a3f-e8a2b7f82540
2330,11,7fe5501b-aab0-4b70-9fef-08933ccf7480,05e06b15-ceb0-4623-a9c9-98ad6ec4ef49
2331,11,e2069dd1-ba2f-45fa-b2b7-9052a16f74cc,758dab69-cb35-477f-86c0-ed52606e335b
2332,11,b5742bb7-4c8e-45cd-9429-65cb75f32795,6e1dbfec-913f-4d9b-9a3f-e8a2b7f82540
2333,11,44bf8c74-399d-4b9f-82ee-164c62e525a8,9ba5be4d-a4db-4145-80cc-9c006d68a219
2334,12,b5742bb7-4c8e-45cd-9429-65cb75f32795,162d0da5-6fac-433b-b4dd-22a721788975
2335,12,44bf8c74-399d-4b9f-82ee-164c62e525a8,a85c510d-76d1-4c75-9b81-7ae13a36dd30
2336,12,1fd6fa60-cd5d-4e38-bfea-ea8dc5b25eaa,3ea4461a-8565-4eb7-a614-e65fe8c96e98
2337,12,9da56adf-1252-4ca9-85cf-5fd8fb950cdf,ff3b7502-07f2-4652-95bd-692557553cdb
2338,12,84062431-340c-4ac1-bdc9-a79a431d9869,f92b9d24-16c1-4faa-9f43-9bb951d76380
2339,12,1744df14-f1f1-451b-a384-28e3a1beba7f,0e94fdda-aba0-468e-87c6-f8943010c7f1
2340,12,6b9189ab-3bdf-4b2c-9d95-2a5b93e72f69,76c9ed80-50ea-41fb-9e17-c488430fd00f
2341,13,6b9189ab-3bdf-4b2c-9d95-2a5b93e72f69,402bf733-9d89-4602-b9ee-6e530d1b2836
2342,13,b5742bb7-4c8e-45cd-9429-65cb75f32795,8a197010-e950-47eb-a917-1e549d5411c1
2343,13,9da56adf-1252-4ca9-85cf-5fd8fb950cdf,1ca1fc54-e093-4328-ae77-6d6726270bad
2344,13,1fd6fa60-cd5d-4e38-bfea-ea8dc5b25eaa,967e8bdb-795d-4f4e-806a-c0eaad2ff22c
2345,13,44bf8c74-399d-4b9f-82ee-164c62e525a8,0e94fdda-aba0-468e-87c6-f8943010c7f1
2346,13,84062431-340c-4ac1-bdc9-a79a431d9869,a85c510d-76d1-4c75-9b81-7ae13a36dd30
2347,13,e2069dd1-ba2f-45fa-b2b7-9052a16f74cc,cfa01ea5-1be6-40fc-b8f0-96c1a866c7e0
2348,14,b5742bb7-4c8e-45cd-9429-65cb75f32795,416ec91f-b16f-4a11-8ee5-151133b9dabb
2349,14,9da56adf-1252-4ca9-85cf-5fd8fb950cdf,475f62e3-13dd-48a4-a01c-508cb306d7ca
2350,14,84062431-340c-4ac1-bdc9-a79a431d9869,ff3b7502-07f2-4652-95bd-692557553cdb
2351,14,1fd6fa60-cd5d-4e38-bfea-ea8dc5b25eaa,9bfba210-58d2-4257-b2ef-33a26fa5de6c
2352,14,6b9189ab-3bdf-4b2c-9d95-2a5b93e72f69,a85c510d-76d1-4c75-9b81-7ae13a36dd30
2353,14,44bf8c74-399d-4b9f-82ee-164c62e525a8,29cb514d-8259-4df4-833f-4e6631cd65e1
2354,15,b5742bb7-4c8e-45cd-9429-65cb75f32795,d8c3ac85-6e38-4ec9-baa6-a037b9b16d18
2355,15,1fd6fa60-cd5d-4e38-bfea-ea8dc5b25eaa,e9afbb1e-0318-41c4-b5cd-c67739fe5fca
2356,15,84062431-340c-4ac1-bdc9-a79a431d9869,7e6ed025-dbdb-446a-b6de-6ea964042972
2357,15,6b9189ab-3bdf-4b2c-9d95-2a5b93e72f69,8b47109e-5f73-4edc-8668-9c4f738684c6
2358,16,1fd6fa60-cd5d-4e38-bfea-ea8dc5b25eaa,d4136ce2-345a-4011-beaa-456eda820556
2359,16,84062431-340c-4ac1-bdc9-a79a431d9869,1ca1fc54-e093-4328-ae77-6d6726270bad
2360,16,6b9189ab-3bdf-4b2c-9d95-2a5b93e72f69,0e94fdda-aba0-468e-87c6-f8943010c7f1
2361,16,b5742bb7-4c8e-45cd-9429-65cb75f32795,0691c3a9-a02f-4de3-9a1c-965782ddbef9
2362,16,e2069dd1-ba2f-45fa-b2b7-9052a16f74cc,9ba5be4d-a4db-4145-80cc-9c006d68a219
2363,17,84062431-340c-4ac1-bdc9-a79a431d9869,475f62e3-13dd-48a4-a01c-508cb306d7ca
2364,17,6b9189ab-3bdf-4b2c-9d95-2a5b93e72f69,555161bf-13d6-4909-b2d5-6c87d584de24
2365,17,e2069dd1-ba2f-45fa-b2b7-9052a16f74cc,e808c21d-338f-411a-838f-be0ce95700b5
2366,17,b5742bb7-4c8e-45cd-9429-65cb75f32795,cfa01ea5-1be6-40fc-b8f0-96c1a866c7e0
2367,18,b5742bb7-4c8e-45cd-9429-65cb75f32795,8fc506b2-4e32-4ee3-88b9-8ace51d980e3
2368,18,6b9189ab-3bdf-4b2c-9d95-2a5b93e72f69,2f488d8c-dd92-4deb-bad8-7377d1d12b48
2369,19,6b9189ab-3bdf-4b2c-9d95-2a5b93e72f69,841774c2-77c6-4111-af03-b5c2ac3d8bba
2370,20,b5742bb7-4c8e-45cd-9429-65cb75f32795,402bf733-9d89-4602-b9ee-6e530d1b2836
2371,20,a73ebc78-1f89-4af8-8f67-2e35de947d16,555161bf-13d6-4909-b2d5-6c87d584de24
2372,20,6b9189ab-3bdf-4b2c-9d95-2a5b93e72f69,91828430-8646-47d7-8098-0a9724e26c23
2373,20,e2069dd1-ba2f-45fa-b2b7-9052a16f74cc,5ec2f6e7-b28e-4a24-952c-0f24f6bce1b4
2374,21,b5742bb7-4c8e-45cd-9429-65cb75f32795,9ba5be4d-a4db-4145-80cc-9c006d68a219
2375,21,a73ebc78-1f89-4af8-8f67-2e35de947d16,ff3b7502-07f2-4652-95bd-692557553cdb
2376,21,6b9189ab-3bdf-4b2c-9d95-2a5b93e72f69,3ea4461a-8565-4eb7-a614-e65fe8c96e98
2377,21,e2069dd1-ba2f-45fa-b2b7-9052a16f74cc,29cb514d-8259-4df4-833f-4e6631cd65e1
2378,22,e2069dd1-ba2f-45fa-b2b7-9052a16f74cc,24ce2de6-0be7-448f-b5cd-b7f5b21a056c
2379,22,b5742bb7-4c8e-45cd-9429-65cb75f32795,a85c510d-76d1-4c75-9b81-7ae13a36dd30
2380,22,a73ebc78-1f89-4af8-8f67-2e35de947d16,1ca1fc54-e093-4328-ae77-6d6726270bad
2381,22,6b9189ab-3bdf-4b2c-9d95-2a5b93e72f69,814c5e15-5889-43e9-8ff2-f1317204c827
2382,23,6b9189ab-3bdf-4b2c-9d95-2a5b93e72f69,9bfba210-58d2-4257-b2ef-33a26fa5de6c
2383,23,b5742bb7-4c8e-45cd-9429-65cb75f32795,8b47109e-5f73-4edc-8668-9c4f738684c6
2384,24,e2069dd1-ba2f-45fa-b2b7-9052a16f74cc,7e6ed025-dbdb-446a-b6de-6ea964042972
2385,24,b5742bb7-4c8e-45cd-9429-65cb75f32795,6c9aba0e-c280-4663-bde0-a8d4bcc41bf7
2386,24,6b9189ab-3bdf-4b2c-9d95-2a5b93e72f69,e9afbb1e-0318-41c4-b5cd-c67739fe5fca
2387,25,e2069dd1-ba2f-45fa-b2b7-9052a16f74cc,05e06b15-ceb0-4623-a9c9-98ad6ec4ef49
2388,25,6b9189ab-3bdf-4b2c-9d95-2a5b93e72f69,e74a2486-8871-4fe4-886f-ba49f6c1f852
2389,26,6b9189ab-3bdf-4b2c-9d95-2a5b93e72f69,d75e9971-7b83-40c6-a1d2-0a59d386c945
2390,26,b5742bb7-4c8e-45cd-9429-65cb75f32795,7e6ed025-dbdb-446a-b6de-6ea964042972
2391,27,6b9189ab-3bdf-4b2c-9d95-2a5b93e72f69,a3f51d29-0e97-4173-92f1-a56335f32b2e
2392,27,b5742bb7-4c8e-45cd-9429-65cb75f32795,f180354f-b0ad-49db-bdd9-4304733943f2
2393,28,b5742bb7-4c8e-45cd-9429-65cb75f32795,62d9ee10-eb34-4270-9da6-a7025828f286
2394,28,6b9189ab-3bdf-4b2c-9d95-2a5b93e72f69,d4136ce2-345a-4011-beaa-456eda820556
2395,29,e2069dd1-ba2f-45fa-b2b7-9052a16f74cc,27c3e41e-8134-42d2-92f3-b444682fc369
2396,29,b5742bb7-4c8e-45cd-9429-65cb75f32795,85ebe5aa-8a3b-4c91-b2a6-78ca6d3aab90
2397,30,e2069dd1-ba2f-45fa-b2b7-9052a16f74cc,6ec2b9b4-0793-4c08-91c1-2bb2dce44a7a
